Id,Sales
1,4383.58
2,9813.92
3,9395.29
4,7159.17
5,6860.44
6,6162.47
7,7928.04
8,7656.99
9,5105.48
10,6035.69
11,6652.22
12,7940.31
13,7031.42
14,9211.12
15,5911.93
16,4387.08
17,6329.66
18,10117.8
19,11604.38
20,9630.28
21,7197.66
22,5696.24
23,6307.88
24,3791.53
25,8427.3
26,11099.51
27,9550.16
28,6446.41
29,5548.1
30,4807.84
31,5867.88
32,9883.94
33,7602.02
34,5551.06
35,5996.82
36,7909.71
37,4018.94
38,7886.99
39,4448.33
40,7253.01
41,8031.91
42,5812.69
43,8140.86
44,7515.71
45,4782.65
46,6035.49
47,7127.29
48,11469.84
49,5730.32
50,8475.07
51,6165.88
52,9379.1
53,6133.14
54,10686.32
55,5100.03
56,5430.08
57,5808.49
58,6250.75
59,10048.72
60,8059.11
61,5405.88
62,7394.8
63,7145.98
64,11047.08
65,4078.8
66,14136.83
67,5308.6
68,6392.05
69,8919.48
70,5714.27
71,6012.23
72,6309.88
73,7318.52
74,5667.59
75,6136.27
76,7121.218333333334
77,7412.08
78,7767.91
79,4503.22
80,7438.79
81,12217.45
82,6920.42
83,4599.59
84,6819.57
85,6145.46
86,6530.9
87,7722.52
88,4132.91
89,8114.44
90,6132.33
91,7277.55
92,7036.59
93,4511.33
94,7137.1
95,5313.58
96,7339.33
97,8954.81
98,5216.13
99,4767.42
100,6494.58
101,5644.19
102,6766.84
103,6828.46
104,7417.69
105,7814.57
106,5980.97
107,4823.17
108,8135.63
109,9104.33
110,8488.11
111,8531.8
112,7928.45
113,6210.16
114,8546.23
115,5406.53
116,8111.19
117,8953.55
118,6259.02
119,8827.7
120,7373.83
121,8998.99
122,6060.53
123,8008.76
124,8534.73
125,6150.32
126,4426.18
127,5501.44
128,7685.68
129,6510.92
130,5125.57
131,8223.11
132,5789.68
133,5210.51
134,6027.37
135,5079.76
136,6963.6
137,7994.0
138,7710.77
139,5492.11
140,4410.61
141,6552.5
142,4090.78
143,5819.91
144,5039.4
145,9478.88
146,7395.11
147,6206.92
148,10554.82
149,4603.223333333333
150,5558.075714285715
151,9592.43
152,6265.41
153,8742.36
154,8485.25
155,6067.39
156,6215.04
157,5415.4
158,7685.06
159,11395.78
160,6369.36
161,3677.43
162,4789.45
163,8980.27
164,9799.07
165,6050.82
166,7456.09
167,4685.36
168,5868.31
169,3541.76
170,5323.34
171,5910.15
172,6513.07
173,7328.69
174,8747.02
175,7648.53
176,9391.98
177,7522.9
178,5317.85
179,8802.795
180,10553.05
181,6685.94
182,7636.14
183,4997.85
184,6835.1
185,4521.2
186,8002.59
187,5798.66
188,9211.3
189,7915.83
190,8929.65
191,8111.75
192,5686.5
193,8754.07
194,17932.79
195,10052.23
196,5728.63
197,2961.75
198,6794.99
199,11369.94
200,6158.58
201,12117.1
202,18494.23
203,3944.86
204,4907.46
205,9528.85
206,5437.65
207,9075.0
208,7631.87
209,6492.6
210,3561.68
211,6403.3
212,6737.98
213,7539.44
214,8414.34
215,6847.85
216,6354.09
217,5585.85
218,4698.2
219,4818.26
220,8710.38
221,6399.5
222,6008.7
223,8028.61
224,6634.99
225,5640.4
226,7827.31
227,7161.3
228,8943.01
229,6731.9
230,7990.38
231,5816.06
232,4077.68
233,6646.55
234,6999.72
235,6461.06
236,4360.5
237,8803.15
238,7967.17
239,8306.71
240,7233.02
241,6615.53
242,5500.14
243,4521.43
244,9538.73
245,5202.52
246,7976.06
247,16187.66
248,7172.3
249,8371.7
250,5433.02
251,5086.09
252,8199.0
253,4022.94
254,5940.16
255,12165.44
256,5924.2
257,16332.43
258,15978.12
259,4912.53
260,6920.31
261,5864.02
262,6294.18
263,6212.77
264,12530.27
265,8128.03
266,9752.5
267,3834.46
268,6869.21
269,5492.21
270,7587.46
271,7032.11
272,6903.37
273,5977.0
274,5405.41
275,8771.6
276,10309.31
277,6059.87
278,11516.06
279,6481.71
280,11199.546666666665
281,5358.22
282,5566.28
283,5726.85
284,11321.9
285,7110.37
286,9376.24
287,7071.71
288,9445.38
289,3954.36
290,8672.93
291,6342.59
292,4002.93
293,13984.28
294,17826.34
295,7954.63
296,8424.65
297,9157.6
298,10347.58
299,11235.26
300,5612.83
301,7407.19
302,5978.95
303,8161.98
304,3957.94
305,5455.21
306,5187.88
307,5907.64
308,7191.89
309,4914.755
310,5019.82
311,7084.86
312,4650.61
313,4367.46
314,5336.658333333334
315,6847.58
316,8733.17
317,8330.25
318,7271.79
319,6279.19
320,6449.71
321,12320.16
322,8162.14
323,5881.91
324,4500.23
325,7984.22
326,4327.44
327,6563.64
328,3431.37
329,4619.08
330,8413.21
331,6014.99
332,5741.08
333,9763.74
334,9313.41
335,11843.18
336,8172.08
337,10175.09
338,2726.72
339,5697.84
340,6394.43
341,4173.69
342,7223.23
343,5633.97
344,5811.66
345,9510.22
346,10638.58
347,9359.88
348,5561.83
349,5518.66
350,7763.65
351,8246.77
352,6179.95
353,4759.44
354,6996.51
355,10174.19
356,4540.67
357,6444.26
358,8087.5
359,8613.6
360,14369.75
361,5259.78
362,14996.19
363,6983.44
364,6332.87
365,3969.37
366,6110.74
367,6331.13
368,5207.18
369,7775.06
370,4235.78
371,4592.54
372,7318.82
373,4003.19
374,8026.81
375,6528.23
376,8381.48
377,8182.48
378,5425.64
379,8802.77
380,5838.6
381,4483.43
382,5829.76
383,5685.95
384,11525.11
385,6266.85
386,4616.595
387,7777.74
388,8759.13
389,6634.87
390,6636.45
391,8152.16
392,5569.4
393,4760.26
394,6645.16
395,8445.64
396,6108.39
397,5621.11
398,5718.19
399,5348.93
400,3553.38
401,5962.46
402,9004.79
403,9066.05
404,10688.71
405,11108.14
406,8586.54
407,6034.31
408,4766.91
409,11416.18
410,9642.2
411,8255.05
412,9065.29
413,8698.7
414,6411.98
415,4983.93
416,10080.93
417,5104.37
418,7009.07
419,7092.97
420,3175.51
421,12077.34
422,5989.37
423,5321.3
424,4516.18
425,5997.42
426,7027.36
427,8714.3
428,6915.7
429,4466.4
430,5895.99
431,4318.11
432,4007.91
433,6856.93
434,16396.11
435,5083.38
436,5139.59
437,8514.66
438,5209.82
439,6120.28
440,5024.42
441,4600.16
442,7934.01
443,7213.08
444,4649.72
445,7695.47
446,6168.37
447,4573.03
448,8726.36
449,8383.38
450,10338.75
451,5947.01
452,6915.33
453,4712.035
454,5838.34
455,15689.98
456,10300.38
457,6710.32
458,5524.37
459,5279.01
460,6079.19
461,5548.31
462,11745.04
463,5276.92
464,6052.78
465,7403.43
466,4965.0
467,6937.15
468,7849.42
469,8753.76
470,7050.3
471,10355.28
472,5684.54
473,7716.56
474,11591.6
475,8700.64
476,6412.95
477,5083.51
478,7224.64
479,6663.36
480,4269.03
481,7290.82
482,7383.33
483,6284.77
484,6006.88
485,6199.85
486,6774.86
487,5571.22
488,7112.65
489,6931.8
490,6518.92
491,10104.58
492,5717.83
493,5329.57
494,11387.09
495,6869.5
496,3597.42
497,8647.72
498,12910.71
499,10222.32
500,4823.37
501,6194.71
502,6228.33
503,6950.66
504,6236.06
505,9356.09
506,3741.11
507,6542.19
508,6476.67
509,6415.12
510,5283.44
511,6860.95
512,8188.77
513,5883.94
514,8954.36
515,6650.481
516,9209.09
517,5492.09
518,6172.41
519,6690.32
520,7368.04
521,8329.39
522,5140.51
523,7970.75
524,7648.48
525,7774.31
526,3746.93
527,3814.19
528,7152.63
529,6460.52
530,8038.82
531,7964.09
532,5841.26
533,8525.95
534,7219.34
535,7271.66
536,8967.85
537,5895.93
538,8552.22
539,10273.94
540,7557.86
541,4948.75
542,6794.99
543,4967.83
544,0.0
545,8790.59
546,5267.05
547,8933.86
548,5247.05
549,9183.75
550,6501.3
551,10349.62
552,5011.03
553,5921.65
554,5933.59
555,7400.93
556,6429.97
557,7092.55
558,8162.0
559,9252.47
560,7837.83
561,7154.66
562,6274.02
563,5013.21
564,5062.99
565,10954.59
566,9233.58
567,6465.59
568,14761.8
569,6254.23
570,5380.1
571,6810.57
572,9032.04
573,11311.21
574,6926.49
575,7833.49
576,7326.27
577,7417.6
578,6959.23
579,6223.17
580,5661.93
581,6090.92
582,4289.13
583,5624.66
584,9115.14
585,14943.61
586,6349.026666666667
587,5521.91
588,7842.81
589,3993.1
590,6810.23
591,4205.52
592,9359.11
593,6583.06
594,5818.14
595,14506.67
596,10686.18
597,6574.38
598,7286.88
599,3869.07
600,6258.985
601,6132.82
602,10193.95
603,5211.35
604,4496.93
605,7816.04
606,7370.47
607,8031.86
608,7938.26
609,3379.92
610,6631.51
611,7900.09
612,8445.88
613,4995.63
614,4261.75
615,8567.76
616,4767.78
617,9268.93
618,5047.62
619,5731.78
620,6679.44
621,5533.716666666667
622,5251.23
623,6710.52
624,7188.88
625,9817.49
626,9657.91
627,6194.65
628,4244.6
629,5664.24
630,7025.05
631,4847.39
632,6250.31
633,5793.63
634,11022.85
635,7787.6
636,6700.31
637,7080.06
638,4756.42
639,9657.06
640,6332.27
641,14328.35
642,6303.42
643,5536.66
644,5417.73
645,4005.3
646,7577.02
647,19822.26
648,4732.22
649,5022.49
650,10447.62
651,6366.41
652,7135.76
653,7654.91
654,6720.59
655,5306.49
656,5036.88
657,9024.58
658,5597.9
659,8137.75
660,7383.72
661,4635.79
662,6815.56
663,6693.95
664,3511.67
665,8234.36
666,9715.42
667,4608.86
668,7105.713333333332
669,7096.61
670,4916.92
671,9078.08
672,6214.71
673,8795.77
674,4542.75
675,5087.04
676,6098.33
677,0.0
678,6900.43
679,5377.31
680,6710.26
681,4907.58
682,5357.51
683,6567.89
684,6294.75
685,7115.84
686,8133.86
687,5809.72
688,7050.35
689,5868.49
690,9473.15
691,9003.22
692,7148.07
693,3613.91
694,5845.97
695,7422.11
696,4607.77
697,12267.88
698,6522.66
699,7095.0
700,10829.13
701,6552.81
702,5386.53
703,11517.46
704,9554.94
705,5508.17
706,8505.09
707,11131.72
708,5903.78
709,5721.19
710,7266.97
711,5514.26
712,6943.71
713,7745.36
714,5035.09
715,5718.61
716,7613.24
717,6593.05
718,7670.17
719,6420.07
720,6316.91
721,4667.88
722,7956.44
723,6638.42
724,6767.05
725,6569.78
726,6760.79
727,9903.68
728,5626.43
729,5951.04
730,6516.97
731,6884.33
732,6037.08
733,4742.25
734,4440.31
735,7736.97
736,6278.71
737,5496.47
738,7747.74
739,7253.96
740,6859.73
741,5716.94
742,4144.03
743,7364.0
744,6243.17
745,5841.14
746,9779.91
747,8284.903333333334
748,4657.81
749,9911.85
750,4120.99
751,3543.1
752,7606.49
753,12481.82
754,8213.59
755,6679.81
756,5187.18
757,7083.83
758,9180.51
759,5814.12
760,8100.52
761,6024.43
762,4889.65
763,5483.03
764,5443.92
765,6032.75
766,5193.55
767,5263.5
768,4306.15
769,7224.38
770,7685.78
771,5481.76
772,5924.94
773,7118.69
774,5955.23
775,5478.52
776,8955.8
777,8728.17
778,6647.05
779,3936.25
780,13073.5
781,7067.23
782,5150.09
783,9574.13
784,7863.53
785,7163.25
786,6199.16
787,5515.36
788,6983.92
789,14633.51
790,4660.28
791,5067.98
792,5392.88
793,6558.82
794,5902.37
795,7826.02
796,9521.46
797,5806.9
798,4015.37
799,6349.05
800,8506.22
801,4337.99
802,7162.72
803,4187.56
804,7860.58
805,8306.22
806,6962.78
807,9213.39
808,5867.86
809,3774.9
810,6805.38
811,6746.86
812,8656.1
813,7197.97
814,7735.37
815,7648.77
816,4291.13
817,8796.05
818,3704.96
819,10508.09
820,6735.09
821,3816.5633333333335
822,6862.97
823,6810.9
824,7345.5
825,6891.14
826,3720.25
827,4928.08
828,7294.913333333334
829,8922.52
830,8134.23
831,4926.54
832,5972.18
833,6713.38
834,6569.48
835,6142.84
836,9408.49
837,8308.42
838,12623.72
839,4941.05
840,5146.2
841,0.0
842,8236.82
843,5409.76
844,10756.33
845,6695.19
846,5510.56
847,5982.45
848,5054.01
849,5187.14
850,6743.39
851,5251.08
852,5501.61
853,9506.45
854,6748.16
855,18937.87
856,6080.51
857,4698.93
858,9448.79
859,9088.94
860,6161.54
861,7254.05
862,6002.36
863,8548.77
864,7825.47
865,5173.74
866,5879.71
867,6982.64
868,7987.34
869,6732.91
870,8888.63
871,5545.29
872,4516.79
873,6076.2
874,10292.29
875,11458.6
876,10543.06
877,7183.24
878,4979.14
879,6306.52
880,4478.57
881,8717.98
882,11070.04
883,9991.49
884,6687.56
885,5545.06
886,4639.57
887,5597.81
888,10998.9
889,6841.37
890,5465.48
891,6245.62
892,8330.82
893,4090.93
894,7887.5
895,4333.61
896,7045.96
897,7463.63
898,5907.41
899,7902.57
900,7486.35
901,5405.43
902,6223.64
903,7021.25
904,10569.556666666665
905,5403.7
906,8890.46
907,6709.49
908,9207.37
909,6040.78
910,10134.15
911,5406.34
912,5140.33
913,6687.77
914,5961.48
915,10038.15
916,7982.71
917,5173.91
918,7017.79
919,7288.62
920,9943.48
921,3945.51
922,14613.09
923,5428.3
924,6422.79
925,9627.07
926,6273.82
927,5750.87
928,6330.84
929,7476.76
930,5575.38
931,6311.98
932,6784.14
933,7344.0
934,8231.8
935,4869.755
936,7368.85
937,11793.43
938,6755.63
939,4797.31
940,6173.55
941,6083.32
942,6481.11
943,7896.57
944,4348.93
945,8373.42
946,6704.63
947,6965.7
948,7696.99
949,4857.38
950,6138.66
951,5881.77
952,7351.58
953,9216.09
954,4925.26
955,4769.66
956,5904.37
957,5861.07
958,6777.24
959,7418.33
960,7591.74
961,8057.42
962,5913.26
963,4829.43
964,7794.53
965,7622.99
966,9634.23
967,8432.65
968,8022.18
969,6300.02
970,8733.63
971,6446.29
972,8835.38
973,7884.37
974,6502.296666666667
975,8963.41
976,7520.62
977,8865.31
978,6035.88
979,8137.75
980,8075.03
981,6360.92
982,4545.58
983,5417.49
984,8169.67
985,6674.6
986,5098.71
987,8283.49
988,6204.19
989,5301.93
990,5953.07
991,5276.0
992,7306.93
993,7955.65
994,7380.29
995,5138.75
996,5017.92
997,5994.29
998,3862.01
999,5523.48
1000,4736.31
1001,9678.17
1002,7563.01
1003,6614.23
1004,10705.24
1005,6770.14
1006,5323.65
1007,10755.185
1008,7408.12
1009,8540.63
1010,8602.3
1011,4600.82
1012,6011.23
1013,5624.16
1014,7204.14
1015,12332.44
1016,6047.21
1017,3608.83
1018,5944.69
1019,9630.14
1020,9445.29
1021,6321.33
1022,7446.03
1023,4636.18
1024,5795.71
1025,3651.84
1026,5476.12
1027,5894.68
1028,7148.26
1029,7552.02
1030,8963.6
1031,7755.7
1032,9119.66
1033,7695.28
1034,5626.98
1035,9107.75
1036,11186.64
1037,6074.59
1038,8210.71
1039,4574.95
1040,6111.13
1041,3937.65
1042,7798.48
1043,5987.62
1044,9217.92
1045,7650.36
1046,8595.82
1047,8333.32
1048,5554.23
1049,8601.04
1050,17815.87
1051,10944.95
1052,5644.41
1053,3067.87
1054,6615.48
1055,10883.56
1056,6156.38
1057,12375.76
1058,18250.96
1059,4081.63
1060,4951.25
1061,7749.39
1062,6269.49
1063,9751.68
1064,7280.91
1065,7051.53
1066,3329.65
1067,6695.46
1068,6607.49
1069,7650.8
1070,8555.1
1071,6264.67
1072,6826.52
1073,6591.35
1074,5786.97
1075,5420.72
1076,8571.37
1077,5599.71
1078,6013.25
1079,8455.55
1080,6637.08
1081,5696.96
1082,8016.0
1083,7148.27
1084,8691.78
1085,6846.17
1086,7022.12
1087,5710.2
1088,3889.89
1089,6933.91
1090,7182.3
1091,5948.57
1092,4502.29
1093,9293.7
1094,7100.21
1095,8739.39
1096,7495.12
1097,5982.3
1098,5694.01
1099,4718.68
1100,9935.42
1101,5210.11
1102,8188.87
1103,15109.54
1104,7261.99
1105,7043.19
1106,4759.15
1107,5167.06
1108,7990.48
1109,4124.07
1110,6035.06
1111,12508.77
1112,5582.52
1113,16152.47
1114,15359.02
1115,4717.06
1116,6771.98
1117,6191.1
1118,6626.99
1119,6498.42
1120,12066.7
1121,7833.53
1122,8963.2
1123,4207.28
1124,6614.19
1125,5077.9
1126,7586.83
1127,6438.21
1128,6773.89
1129,6031.76
1130,5471.69
1131,8799.16
1132,10021.57
1133,6035.67
1134,11872.79
1135,6102.87
1136,11719.23
1137,5436.57
1138,5978.13
1139,5976.88
1140,11136.03
1141,6752.61
1142,7790.69
1143,7380.13
1144,9314.91
1145,4486.58
1146,8566.02
1147,6520.83
1148,3809.39
1149,15892.45
1150,17119.91
1151,8533.7
1152,8507.56
1153,8886.94
1154,9980.76
1155,11463.84
1156,5772.98
1157,7750.7
1158,5760.46
1159,7626.94
1160,4120.64
1161,5526.29
1162,5739.98
1163,5929.58
1164,7743.01
1165,5178.55
1166,5013.86
1167,6843.97
1168,4352.68
1169,4362.96
1170,5358.556
1171,7582.56
1172,8215.15
1173,7819.185
1174,7373.87
1175,5347.74
1176,6553.22
1177,11736.89
1178,8455.64
1179,5859.93
1180,4397.81
1181,7911.25
1182,4749.45
1183,6726.01
1184,3667.27
1185,5773.33
1186,8585.71
1187,5759.37
1188,5443.52
1189,9408.45
1190,8673.15
1191,12372.54
1192,7783.03
1193,10233.88
1194,3027.21
1195,5897.31
1196,6843.04
1197,4102.87
1198,8187.55
1199,5724.05
1200,5978.82
1201,9711.1
1202,10875.57
1203,7550.52
1204,5659.99
1205,5541.68
1206,9307.84
1207,9484.13
1208,6237.47
1209,4717.09
1210,6599.34
1211,9948.42
1212,4981.5
1213,6405.65
1214,8231.46
1215,8921.27
1216,14188.07
1217,5295.76
1218,15512.88
1219,6398.55
1220,6443.17
1221,3172.1
1222,6222.48
1223,6517.4
1224,5056.42
1225,6981.79
1226,4579.2
1227,4251.38
1228,7040.73
1229,4138.12
1230,7899.68
1231,7027.163333333333
1232,8540.26
1233,8281.43
1234,4584.2
1235,9341.91
1236,6408.51
1237,4928.1
1238,5612.7
1239,6038.24
1240,10969.54
1241,6129.510833333334
1242,4657.1
1243,8569.81
1244,8724.15
1245,6573.84
1246,6757.3
1247,8629.75
1248,5681.65
1249,4677.41
1250,6661.5
1251,7839.92
1252,5691.86
1253,5894.35
1254,5799.38
1255,5347.58
1256,3823.1
1257,5364.34
1258,8342.98
1259,8648.48
1260,11230.14
1261,11316.29
1262,8326.62
1263,6599.83
1264,4764.9
1265,11463.6
1266,9404.77
1267,8282.57
1268,9072.41
1269,8310.24
1270,6196.42
1271,5323.73
1272,10906.57
1273,5371.79
1274,6795.39
1275,7037.2
1276,3234.77
1277,12367.12
1278,5982.02
1279,5713.59
1280,4499.7
1281,5977.55
1282,7209.0
1283,9021.08
1284,6558.79
1285,4471.13
1286,5862.27
1287,4773.07
1288,3798.7
1289,7000.91
1290,16850.25
1291,5190.66
1292,5184.9
1293,8896.53
1294,4985.06
1295,6171.06
1296,4422.84
1297,4906.31
1298,8187.06
1299,6831.35
1300,4790.17
1301,8550.49
1302,6694.9
1303,4833.01
1304,8810.05
1305,8412.98
1306,10125.01
1307,6485.29
1308,6761.29
1309,4833.83
1310,5654.96
1311,16403.7
1312,9616.63
1313,6571.56
1314,5520.92
1315,5025.36
1316,6262.17
1317,4641.4
1318,10086.22
1319,5318.17
1320,5952.13
1321,7219.89
1322,4800.12
1323,6638.97
1324,7723.52
1325,8538.97
1326,6847.8
1327,10336.43
1328,5909.44
1329,7128.56
1330,11780.65
1331,8521.4
1332,6084.23
1333,4792.94
1334,7391.62
1335,7126.6
1336,4227.78
1337,7053.64
1338,7947.08
1339,6358.22
1340,6289.67
1341,6524.01
1342,7082.39
1343,5297.91
1344,7072.24
1345,6782.15
1346,6420.91
1347,9286.86
1348,5955.3
1349,5500.28
1350,11337.49
1351,6693.38
1352,4039.14
1353,8438.68
1354,12585.88
1355,10709.19
1356,5229.75
1357,6234.96
1358,6510.95
1359,7554.12
1360,6094.09
1361,9088.65
1362,3573.39
1363,6933.86
1364,6419.96
1365,6637.62
1366,4959.2
1367,7038.5
1368,8884.33
1369,6090.4
1370,8614.04
1371,7052.51
1372,9540.37
1373,5200.17
1374,7113.74
1375,6801.68
1376,7306.98
1377,8957.14
1378,4721.94
1379,8132.26
1380,7783.86
1381,6838.97
1382,3954.28
1383,3655.76
1384,6926.99
1385,6728.07
1386,8374.1
1387,7732.19
1388,5560.44
1389,8385.71
1390,7272.66
1391,6927.19
1392,9074.44
1393,5889.83
1394,8160.14
1395,10460.5
1396,7855.14
1397,4678.53
1398,6925.03
1399,5211.38
1400,0.0
1401,8827.96
1402,5141.83
1403,9101.64
1404,5166.84
1405,8741.46
1406,6637.99
1407,11721.23
1408,5032.55
1409,6143.91
1410,6076.27
1411,7697.46
1412,5380.04
1413,7560.24
1414,7962.07
1415,10694.08
1416,7449.91
1417,6511.1
1418,5868.3
1419,5088.31
1420,4312.8
1421,11326.39
1422,10123.405
1423,6763.9
1424,15712.73
1425,6306.52
1426,4837.81
1427,6648.02
1428,9073.07
1429,11433.51
1430,6924.99
1431,7583.31
1432,7624.64
1433,7936.62
1434,6606.34
1435,5881.25
1436,5493.01
1437,5784.15
1438,4361.96
1439,6216.28
1440,9013.45
1441,15743.1
1442,7109.09
1443,5489.23
1444,8311.65
1445,4332.66
1446,6697.09
1447,3772.99
1448,8908.31
1449,6104.04
1450,5847.69
1451,14509.86
1452,11055.1
1453,6698.88
1454,7068.33
1455,3510.43
1456,6177.19
1457,6289.0
1458,9901.08
1459,5039.03
1460,4403.52
1461,8260.17
1462,7424.82
1463,8180.51
1464,7441.5
1465,3448.31
1466,6489.55
1467,8083.62
1468,8466.43
1469,5207.24
1470,4630.4
1471,8429.04
1472,5059.67
1473,9366.02
1474,4859.52
1475,5485.77
1476,6723.08
1477,5913.065
1478,4855.013333333333
1479,6784.28
1480,7276.21
1481,9971.99
1482,10600.39
1483,5853.75
1484,4001.7
1485,6066.79
1486,7005.87
1487,4542.38
1488,6394.84
1489,5845.75
1490,12158.49
1491,8129.31
1492,6493.04
1493,8105.93
1494,5293.53
1495,9430.04
1496,6199.45
1497,15442.28
1498,5913.99
1499,5833.89
1500,5293.64
1501,3871.7
1502,7724.63
1503,19183.41
1504,4997.73
1505,4765.79
1506,10025.99
1507,6714.673333333332
1508,6848.96
1509,7788.5
1510,6371.24
1511,4922.1
1512,4879.95
1513,9379.85
1514,5697.56
1515,7842.97
1516,7814.71
1517,4842.46
1518,6462.89
1519,6538.05
1520,3725.42
1521,8336.36
1522,9274.94
1523,5073.93
1524,6811.1
1525,6430.1
1526,4861.77
1527,9140.72
1528,5504.58
1529,8265.84
1530,4522.86
1531,5041.76
1532,7251.3
1533,0.0
1534,7331.99
1535,6213.45
1536,6656.55
1537,4707.38
1538,5323.51
1539,6771.59
1540,6150.41
1541,6500.15
1542,7980.09
1543,5409.14
1544,7428.08
1545,6889.12
1546,10022.76
1547,9344.23
1548,7115.86
1549,3724.11
1550,6184.49
1551,7526.4
1552,6653.76
1553,11573.0
1554,6485.3
1555,7084.5
1556,10770.84
1557,5530.28
1558,5173.85
1559,11568.53
1560,9634.49
1561,5748.63
1562,9010.55
1563,9927.16
1564,6033.08
1565,6155.37
1566,7284.16
1567,5695.5
1568,7016.0
1569,7342.1
1570,5080.42
1571,6466.19
1572,7404.61
1573,6614.94
1574,8222.66
1575,6497.23
1576,6834.62
1577,4174.48
1578,8131.49
1579,7139.21
1580,6081.7
1581,6576.06
1582,6652.04
1583,9808.84
1584,5526.87
1585,5786.32
1586,5360.61
1587,6994.68
1588,6870.07
1589,4949.96
1590,4559.36
1591,8656.9
1592,6321.3
1593,5694.05
1594,7925.82
1595,7044.21
1596,8156.29
1597,5554.31
1598,4433.4
1599,6981.045
1600,6245.01
1601,5989.01
1602,10378.613333333335
1603,9850.89
1604,5036.69
1605,8498.12
1606,4223.83
1607,3413.41
1608,7866.69
1609,13298.04
1610,7783.86
1611,6747.51
1612,5617.53
1613,7549.53
1614,10009.44
1615,6073.22
1616,7652.27
1617,7243.44
1618,4882.13
1619,5809.6
1620,5177.44
1621,6432.77
1622,5314.87
1623,5065.71
1624,4389.75
1625,7438.81
1626,7905.36
1627,5242.08
1628,5723.62
1629,7020.17
1630,6242.76
1631,5646.4
1632,9041.14
1633,8716.0
1634,6153.2
1635,4339.52
1636,13452.88
1637,6365.22
1638,5954.49
1639,9578.01
1640,8191.61
1641,7406.69
1642,6218.64
1643,5525.34
1644,7418.56
1645,14806.99
1646,4882.77
1647,5375.08
1648,4844.4
1649,6470.33
1650,5311.92
1651,8670.27
1652,9233.31
1653,6317.53
1654,4042.18
1655,6652.39
1656,8010.3
1657,4739.28
1658,7100.5
1659,4280.98
1660,7612.38
1661,8742.38
1662,7021.39
1663,9906.32
1664,6387.4
1665,3764.7
1666,6088.5
1667,6990.818
1668,8726.58
1669,6496.67
1670,6998.36
1671,7288.89
1672,4446.68
1673,8868.3
1674,4172.75
1675,10181.14
1676,6578.92
1677,4546.35
1678,7343.1
1679,6784.75
1680,7642.59
1681,7676.05
1682,3844.86
1683,5029.3
1684,7737.49
1685,8956.28
1686,9871.06
1687,5105.823333333333
1688,5871.133333333334
1689,7042.99
1690,6471.91
1691,5872.92
1692,9201.06
1693,8770.02
1694,12300.55
1695,5037.45
1696,5489.92
1697,0.0
1698,7778.37
1699,5528.84
1700,10860.72
1701,7894.51
1702,5303.68
1703,5646.63
1704,5219.77
1705,5395.4
1706,7037.19
1707,5477.69
1708,5357.74
1709,9717.44
1710,6774.71
1711,19042.19
1712,6463.59
1713,4702.5
1714,10095.45
1715,11059.66
1716,7187.02
1717,7705.37
1718,6261.68
1719,8207.62
1720,8842.72
1721,5829.38
1722,6202.14
1723,7368.27
1724,9169.223333333333
1725,7501.53
1726,9258.3
1727,7262.74
1728,5162.69
1729,6040.31
1730,10733.9
1731,12137.14
1732,10902.79
1733,8876.97
1734,6307.65
1735,6635.88
1736,4745.44
1737,9108.89
1738,11977.37
1739,10221.73
1740,6759.47
1741,5999.43
1742,5895.94
1743,5209.08
1744,10590.81
1745,8288.63
1746,5032.9
1747,6577.43
1748,8342.34
1749,4395.14
1750,8246.76
1751,4697.68
1752,6873.06
1753,7407.08
1754,6173.51
1755,7923.6
1756,7795.03
1757,5768.14
1758,7592.93
1759,7298.35
1760,11404.24
1761,5954.65
1762,9446.56
1763,6728.94
1764,10572.8
1765,6957.51
1766,10792.74
1767,5867.26
1768,5759.3
1769,7053.46
1770,6455.93
1771,10049.08
1772,8399.38
1773,6508.63
1774,7605.34
1775,7057.74
1776,10813.97
1777,4158.82
1778,14768.64
1779,5486.73
1780,6466.37
1781,9579.07
1782,6585.82
1783,6060.02
1784,7302.9
1785,8059.78
1786,5826.54
1787,6414.56
1788,7800.02
1789,7992.14
1790,8425.86
1791,5235.19
1792,7653.91
1793,11449.52
1794,7489.77
1795,4899.21
1796,6469.0
1797,6236.53
1798,6515.91
1799,7972.62
1800,4618.03
1801,8554.9
1802,6656.71
1803,7805.21
1804,7609.35
1805,4897.06
1806,6691.06
1807,5961.93
1808,8329.79
1809,10572.53
1810,5294.755
1811,5265.34
1812,6237.02
1813,5977.51
1814,6629.46
1815,8455.63
1816,7679.78
1817,8459.39
1818,6615.32
1819,4591.16
1820,8490.43
1821,8241.47
1822,11232.88
1823,8681.15
1824,8086.68
1825,6400.46
1826,9297.64
1827,6692.41
1828,9489.49
1829,9531.93
1830,6749.59
1831,9885.9
1832,7965.82
1833,8736.0
1834,6702.77
1835,7852.68
1836,8501.09
1837,7594.2
1838,4562.53
1839,5586.91
1840,8584.85
1841,7195.06
1842,5592.63
1843,10466.49
1844,6694.77
1845,5995.62
1846,6462.83
1847,5606.32
1848,8504.58
1849,7715.87
1850,8476.02
1851,6270.04
1852,5779.97
1853,6639.1
1854,4196.32
1855,7303.36
1856,5149.13
1857,9414.27
1858,7898.03
1859,6735.36
1860,10166.56
1861,6568.41
1862,5588.151999999999
1863,11820.85
1864,7593.68
1865,8852.97
1866,8390.68
1867,4829.74
1868,6443.89
1869,5795.91
1870,7951.04
1871,12980.07
1872,6476.27
1873,4035.89
1874,5135.7
1875,10035.02
1876,9977.27
1877,7171.82
1878,8931.06
1879,5958.73
1880,6457.62
1881,4024.47
1882,5901.68
1883,6229.96
1884,7428.78
1885,8043.16
1886,9346.34
1887,7363.53
1888,9466.98
1889,8209.92
1890,5519.24
1891,10329.52
1892,13357.96
1893,7443.85
1894,9071.91
1895,5028.56
1896,6893.09
1897,4541.12
1898,8943.13
1899,6459.0
1900,9520.065
1901,7695.72
1902,9103.7
1903,8854.98
1904,5831.36
1905,9996.65
1906,19801.59
1907,11383.76
1908,7166.88
1909,3335.29
1910,6651.11
1911,10379.15
1912,6407.76
1913,12459.9
1914,18488.61
1915,4090.58
1916,6071.84
1917,8173.95
1918,5775.07
1919,11389.05
1920,8071.73
1921,7969.1
1922,3421.64
1923,7339.48
1924,7262.1
1925,7993.24
1926,8772.59
1927,6634.8
1928,6747.57
1929,7217.51
1930,5935.75
1931,5296.32
1932,8776.44
1933,5935.15
1934,6172.79
1935,8890.41
1936,7026.63
1937,6001.52
1938,8279.42
1939,8097.71
1940,8193.14
1941,7196.7
1942,8587.57
1943,5963.9
1944,4122.37
1945,6682.98
1946,8117.08
1947,6383.51
1948,5107.39
1949,10708.91
1950,8266.84
1951,9576.02
1952,8358.55
1953,6509.4
1954,6070.38
1955,4712.94
1956,10884.53
1957,5571.67
1958,8317.99
1959,16774.1
1960,7678.83
1961,7432.04
1962,4713.15
1963,5225.54
1964,7595.54
1965,4385.0
1966,6707.43
1967,11835.26
1968,5689.04
1969,17625.37
1970,16615.74
1971,4938.07
1972,7788.12
1973,6910.93
1974,7059.02
1975,6640.57
1976,13142.16
1977,8287.45
1978,10216.03
1979,5380.23
1980,7686.92
1981,5254.77
1982,9027.24
1983,6801.24
1984,6986.0
1985,6490.86
1986,5225.88
1987,8921.3
1988,10421.97
1989,6246.57
1990,11598.68
1991,5874.63
1992,10469.96
1993,6246.88
1994,6087.27
1995,6046.15
1996,12507.29
1997,6937.15
1998,7453.81
1999,7496.1
2000,9820.3
2001,5066.03
2002,10141.92
2003,7140.99
2004,4257.37
2005,16165.0
2006,18203.26
2007,8820.07
2008,8838.07
2009,10697.22
2010,11718.45
2011,12354.15
2012,6678.54
2013,8351.59
2014,6547.69
2015,9092.04
2016,4612.85
2017,5985.21
2018,5855.89
2019,6364.39
2020,8672.05
2021,5646.99
2022,5791.5
2023,7074.97
2024,4560.8
2025,5187.52
2026,6485.663333333333
2027,7137.36
2028,8920.99
2029,8119.14
2030,7841.43
2031,5812.85
2032,6676.76
2033,11770.45
2034,9571.423333333332
2035,6292.2
2036,4488.85
2037,7889.76
2038,4596.19
2039,7194.23
2040,3967.91
2041,6170.08
2042,10072.64
2043,6435.08
2044,5540.77
2045,9685.44
2046,9311.12
2047,12585.83
2048,8154.05
2049,10687.0
2050,3413.55
2051,5671.4
2052,6701.08
2053,4787.81
2054,8351.82
2055,5734.93
2056,6050.17
2057,10016.7
2058,12422.1
2059,7746.28
2060,5759.47
2061,6190.88
2062,9173.96
2063,8706.52
2064,7298.57
2065,5145.39
2066,7305.92
2067,11356.03
2068,4919.45
2069,6644.94
2070,8533.93
2071,9359.0
2072,13825.82
2073,5336.59
2074,16868.5
2075,7449.59
2076,6631.29
2077,4104.76
2078,7115.78
2079,6764.51
2080,5692.82
2081,6929.77
2082,4693.16
2083,4644.07
2084,7342.76
2085,4228.65
2086,8898.71
2087,8178.14
2088,9311.02
2089,8745.26
2090,5576.51
2091,10115.53
2092,6779.11
2093,5149.64
2094,5902.61
2095,5572.67
2096,11861.72
2097,6788.89
2098,5545.16
2099,8996.33
2100,9193.5
2101,7315.7
2102,7206.97
2103,8998.22
2104,5918.31
2105,5008.75
2106,7057.66
2107,8340.17
2108,7081.13
2109,6941.93
2110,5999.38
2111,5505.05
2112,4379.09
2113,5344.88
2114,8370.42
2115,9681.69
2116,11199.5
2117,12294.74
2118,8829.44
2119,6316.63
2120,5606.45
2121,11309.72
2122,11164.18
2123,8155.07
2124,9390.03
2125,10190.39
2126,6759.84
2127,5257.79
2128,11883.32
2129,5450.6
2130,7370.88
2131,7196.79
2132,3711.16
2133,13010.21
2134,6079.42
2135,6461.02
2136,4799.04
2137,5713.19
2138,7892.53
2139,10000.94
2140,6636.26
2141,5062.31
2142,5841.44
2143,4542.83
2144,3326.95
2145,7586.89
2146,17799.67
2147,6087.93
2148,5161.32
2149,9048.55
2150,5602.22
2151,6343.71
2152,4502.19
2153,4980.34
2154,7987.47
2155,7219.34
2156,5133.3
2157,9065.19
2158,7592.44
2159,5139.22
2160,8944.12
2161,8915.3
2162,10410.32
2163,7188.28
2164,8302.19
2165,5285.0
2166,5891.36
2167,15142.23
2168,9635.6
2169,6701.45
2170,5828.473333333333
2171,5055.85
2172,6574.8
2173,4964.7
2174,10462.13
2175,5713.49
2176,6511.49
2177,7377.55
2178,5181.54
2179,8040.24
2180,8797.33
2181,8636.67
2182,7926.33
2183,12207.48
2184,5841.89
2185,7012.61
2186,11445.41
2187,9305.16
2188,6789.86
2189,5834.71
2190,7442.38
2191,6900.13
2192,4516.0
2193,7238.68
2194,8349.03
2195,7313.36
2196,6465.24
2197,6590.09
2198,6694.69
2199,6139.69
2200,6812.34
2201,7082.84
2202,7307.12
2203,9726.21
2204,6518.89
2205,5904.49
2206,12070.05
2207,7181.09
2208,4135.22
2209,9383.65
2210,12736.86
2211,11986.27
2212,5319.22
2213,6195.38
2214,7013.5
2215,8305.89
2216,6699.21
2217,9485.53
2218,4007.93
2219,7416.95
2220,6819.53
2221,6846.5
2222,5716.45
2223,8112.93
2224,10279.04
2225,6410.99
2226,9735.07
2227,7874.210999999999
2228,9715.7
2229,5041.68
2230,7516.23
2231,6953.75
2232,8009.47
2233,8881.06
2234,5152.02
2235,8311.2
2236,8616.5
2237,7969.53
2238,4351.53
2239,4170.49
2240,7469.23
2241,7735.98
2242,8682.52
2243,7678.85
2244,6960.99
2245,8484.89
2246,8604.98
2247,9036.203333333333
2248,8898.68
2249,6413.34
2250,8951.36
2251,11333.26
2252,9181.42
2253,5802.74
2254,6995.72
2255,5122.76
2256,0.0
2257,9718.12
2258,5785.33
2259,9797.07
2260,5421.86
2261,9040.82
2262,6678.93
2263,11963.78
2264,5000.13
2265,6117.98
2266,6345.71
2267,8604.61
2268,5560.37
2269,7759.49
2270,8345.43
2271,10521.5
2272,8052.29
2273,6673.85
2274,6178.39
2275,5675.9
2276,4761.85
2277,12131.24
2278,11334.85
2279,7067.5
2280,16011.15
2281,6734.38
2282,5688.735
2283,7003.04
2284,9571.39
2285,11279.39
2286,7283.97
2287,8921.81
2288,8325.99
2289,8035.85
2290,6790.65
2291,6360.94
2292,6069.55
2293,6155.06
2294,4933.47
2295,6453.13
2296,9518.67
2297,16426.92
2298,7020.31
2299,5630.36
2300,8804.11
2301,4201.12
2302,6861.18
2303,3752.61
2304,9832.62
2305,6033.52
2306,7199.25
2307,14624.41
2308,11046.88
2309,7317.43
2310,7876.02
2311,3960.13
2312,5782.83
2313,6439.99
2314,10002.39
2315,5880.0
2316,4277.14
2317,9489.17
2318,7825.36
2319,8432.14
2320,7918.35
2321,3527.83
2322,6969.85
2323,8987.99
2324,8819.31
2325,6357.2
2326,5255.05
2327,9330.64
2328,5029.75
2329,9583.0
2330,5300.54
2331,5436.38
2332,7006.4
2333,6755.876666666667
2334,5084.96
2335,6955.86
2336,7989.12
2337,10570.83
2338,10978.88
2339,6100.63
2340,4268.09
2341,6411.69
2342,7151.68
2343,5453.91
2344,7160.32
2345,6433.13
2346,12306.97
2347,8142.42
2348,6876.82
2349,8122.38
2350,5284.92
2351,9722.72
2352,7184.76
2353,15397.81
2354,6995.705
2355,5911.17
2356,5892.52
2357,4450.69
2358,8282.8
2359,19603.36
2360,4787.15
2361,5022.96
2362,11822.93
2363,7242.78
2364,8152.07
2365,8043.97
2366,7335.46
2367,5035.24
2368,5392.77
2369,10049.86
2370,6409.09
2371,7655.02
2372,7870.29
2373,5633.81
2374,7486.5
2375,6888.34
2376,4060.14
2377,9601.56
2378,9655.95
2379,4890.1
2380,7175.85
2381,6364.32
2382,5118.89
2383,9545.14
2384,5737.56
2385,8765.27
2386,5275.71
2387,5962.2
2388,7067.09
2389,0.0
2390,8375.233333333334
2391,6391.18
2392,7225.91
2393,5406.59
2394,5591.59
2395,6583.95
2396,6574.36
2397,7876.62
2398,8652.16
2399,5920.45
2400,8259.99
2401,6963.76
2402,10339.11
2403,10070.27
2404,7498.36
2405,3528.96
2406,6660.96
2407,8318.65
2408,7837.42
2409,11492.47
2410,6540.7
2411,7790.13
2412,11573.27
2413,6371.58
2414,5739.58
2415,12187.36
2416,10429.09
2417,5801.0
2418,10832.87
2419,11630.08
2420,6020.35
2421,6209.47
2422,7577.6
2423,6652.22
2424,6748.28
2425,7651.4
2426,5240.94
2427,7071.12
2428,7995.56
2429,7293.16
2430,8440.28
2431,6578.07
2432,7639.95
2433,4437.03
2434,8445.92
2435,7693.76
2436,6383.84
2437,7296.32
2438,7694.24
2439,10513.86
2440,6125.28
2441,6309.71
2442,6697.64
2443,7138.21
2444,8135.14
2445,4865.22
2446,5020.05
2447,8253.15
2448,6372.38
2449,6345.48
2450,8815.55
2451,7564.78
2452,8100.99
2453,5777.14
2454,4915.54
2455,7612.47
2456,6717.64
2457,8318.33
2458,12326.17
2459,9865.41
2460,5655.77
2461,8787.41
2462,4363.31
2463,4066.57
2464,8355.89
2465,13231.95
2466,7339.38
2467,7779.77
2468,6395.59
2469,8398.82
2470,10787.86
2471,6561.89
2472,9173.86
2473,7735.3
2474,5021.39
2475,6526.75
2476,5218.58
2477,6419.65
2478,6063.19
2479,5666.27
2480,4874.84
2481,7965.77
2482,8925.45
2483,5753.4
2484,6710.63
2485,7215.64
2486,6339.33
2487,6394.6
2488,8931.83
2489,9406.59
2490,6266.23
2491,4511.9
2492,16681.48
2493,6669.97
2494,6307.04
2495,9834.4
2496,8762.56
2497,8187.01
2498,6453.5
2499,6891.4
2500,8494.97
2501,16857.6
2502,5842.61
2503,6021.65
2504,5268.41
2505,6819.84
2506,6292.09
2507,8233.64
2508,10337.19
2509,6956.59
2510,4955.16
2511,7463.526666666667
2512,8362.3
2513,5426.77
2514,7989.11
2515,4674.19
2516,7657.21
2517,9137.01
2518,7812.74
2519,11269.32
2520,7025.1
2521,3653.31
2522,6374.94
2523,9334.8
2524,9433.25
2525,7513.95
2526,7693.13
2527,7716.16
2528,4317.78
2529,9785.24
2530,4581.36
2531,11715.0
2532,6886.08
2533,4508.75
2534,7970.73
2535,6730.99
2536,8159.02
2537,7746.07
2538,4112.09
2539,5140.4
2540,8945.414285714287
2541,10689.72
2542,10595.64
2543,5336.32
2544,7016.78
2545,7832.03
2546,6609.21
2547,6461.89
2548,8879.6
2549,9080.96
2550,12756.87
2551,5193.24
2552,6113.52
2553,0.0
2554,8478.9
2555,6747.47
2556,11255.3
2557,8382.47
2558,5877.94
2559,6084.26
2560,5792.37
2561,5919.64
2562,7696.14
2563,6112.77
2564,6043.41
2565,10600.62
2566,6983.38
2567,19698.31
2568,6601.455
2569,5121.85
2570,9774.12
2571,11687.84
2572,8585.89
2573,9843.53
2574,6984.08
2575,8889.9
2576,10776.45
2577,7977.91
2578,7815.92
2579,8720.61
2580,10751.66
2581,9242.06
2582,9799.5
2583,7726.68
2584,6655.9
2585,8075.73
2586,13486.51
2587,13621.34
2588,14024.79
2589,11855.83
2590,6965.63
2591,6934.24
2592,5890.3
2593,10793.51
2594,14809.33
2595,11072.74
2596,9170.38
2597,7859.53
2598,5429.34
2599,7376.53
2600,13833.75
2601,9282.78
2602,7106.72
2603,9042.93
2604,8648.67
2605,5212.01
2606,9775.53
2607,6159.28
2608,9943.83
2609,11418.56
2610,7441.85
2611,9161.49
2612,12726.97
2613,6676.65
2614,9103.22
2615,8825.88
2616,13020.49
2617,6849.03
2618,11494.29
2619,6866.21
2620,11216.12
2621,9610.89
2622,13319.84
2623,8569.99
2624,6575.26
2625,8482.59
2626,7317.26
2627,13410.24
2628,10930.58
2629,8091.37
2630,10324.0
2631,8798.02
2632,13369.47
2633,5699.72
2634,18811.6
2635,6536.04
2636,8565.24
2637,12283.37
2638,7793.931666666667
2639,9102.31
2640,8517.49
2641,11364.41
2642,7617.06
2643,7887.05
2644,10390.78
2645,9013.93
2646,10767.56
2647,7170.375
2648,9756.85
2649,14626.86
2650,8135.64
2651,5672.08
2652,9140.43
2653,6901.85
2654,8678.76
2655,9479.12
2656,5624.48
2657,12055.26
2658,8042.17
2659,9498.99
2660,9095.18
2661,5476.08
2662,9965.45
2663,10260.05
2664,10239.63
2665,12109.68
2666,6468.85
2667,6755.76
2668,8237.95
2669,7172.72
2670,9275.22
2671,10711.21
2672,10482.82
2673,9680.41
2674,8057.82
2675,6254.65
2676,9230.63
2677,10864.57
2678,11525.7
2679,11772.0
2680,11620.12
2681,8689.54
2682,11922.39
2683,8300.68
2684,11455.27
2685,12412.31
2686,9497.99
2687,13751.54
2688,8515.54
2689,12178.33
2690,7806.85
2691,10298.6
2692,10477.74
2693,12663.7
2694,6147.02
2695,6683.93
2696,12079.55
2697,8503.58
2698,6744.23
2699,13341.61
2700,8068.6
2701,7162.76
2702,7771.32
2703,8375.99
2704,10054.08
2705,9269.78
2706,11567.27
2707,7054.34
2708,8109.78
2709,8823.34
2710,5409.12
2711,7946.9
2712,6599.23
2713,11226.45
2714,9792.5
2715,7862.13
2716,14028.04
2717,7525.245
2718,7222.45
2719,13540.45
2720,9956.31
2721,11701.07
2722,9697.79
2723,6249.85
2724,7644.96
2725,7205.56
2726,9982.03
2727,16926.64
2728,7336.55
2729,4314.21
2730,5537.61
2731,11974.95
2732,12185.7
2733,9676.05
2734,9811.7
2735,5775.44
2736,6690.07
2737,4436.32
2738,6863.02
2739,7603.21
2740,9185.4375
2741,9720.18
2742,12067.06
2743,9647.32
2744,12036.72
2745,9111.93
2746,6823.96
2747,11309.4
2748,17944.46
2749,8932.32
2750,10594.25
2751,7098.94
2752,8846.12
2753,6542.01
2754,10553.46
2755,8624.19
2756,10776.18
2757,8877.61
2758,11569.98
2759,9936.99
2760,6523.79
2761,12710.44
2762,23008.45
2763,15356.14
2764,9175.6
2765,4098.0
2766,8291.35
2767,12618.81
2768,8840.12
2769,12207.63
2770,19459.94
2771,5145.6
2772,7336.82
2773,8886.02
2774,6693.48
2775,13675.73
2776,9501.7
2777,11150.47
2778,3839.11
2779,9290.82
2780,9473.22
2781,9009.65
2782,14423.58
2783,8364.82
2784,7817.06
2785,9400.29
2786,8344.42
2787,6377.54
2788,10144.35
2789,9993.75
2790,7817.94
2791,11365.92
2792,7618.17
2793,7722.42
2794,9676.68
2795,10187.05
2796,11777.28
2797,8955.77
2798,8493.91
2799,6795.95
2800,4563.22
2801,8371.71
2802,9172.93
2803,8193.26
2804,6151.67
2805,11073.54
2806,10966.62
2807,12313.87
2808,8807.39
2809,8190.59
2810,7596.99
2811,5767.61
2812,14670.49
2813,7913.38
2814,9073.1
2815,18932.68
2816,9084.56
2817,8229.14
2818,6389.37
2819,6038.74
2820,9484.49
2821,4940.46
2822,8282.08
2823,12464.27
2824,6932.75
2825,20171.39
2826,16713.16
2827,5700.86
2828,9407.915
2829,7164.87
2830,8688.77
2831,8102.15
2832,15251.66
2833,10911.76
2834,11793.75
2835,6736.27
2836,8890.64
2837,6676.58
2838,11130.97
2839,9397.04
2840,8876.65
2841,7759.32
2842,5482.5
2843,12179.37
2844,11993.48
2845,7766.82
2846,15945.83
2847,8174.99
2848,11469.82
2849,6342.65
2850,7358.5
2851,8052.19
2852,15105.32
2853,8509.39
2854,9911.0
2855,9502.97
2856,12250.78
2857,6975.543333333334
2858,9700.93
2859,8754.9
2860,5802.66
2861,17003.5
2862,20703.183333333334
2863,10740.45
2864,10010.78
2865,13518.37
2866,14151.59
2867,13449.53
2868,8678.91
2869,11660.0
2870,7939.14
2871,9901.96
2872,5203.03
2873,8114.43
2874,6894.01
2875,8750.22
2876,9398.72
2877,6385.19
2878,7769.92
2879,8841.72
2880,5863.81
2881,5969.41
2882,7603.7
2883,9818.69
2884,13000.8
2885,11036.88
2886,9466.71
2887,7536.2
2888,8911.24
2889,13562.88
2890,11207.14
2891,7661.74
2892,5727.1
2893,10530.94
2894,5541.88
2895,9169.98
2896,4343.63
2897,7270.68
2898,14557.49
2899,8344.48
2900,8290.84
2901,11985.16
2902,11246.19
2903,13946.81
2904,7936.28
2905,12713.19
2906,4543.57
2907,6770.08
2908,7467.33
2909,5509.3
2910,8735.2
2911,7687.88
2912,6770.71
2913,13098.98
2914,14153.22
2915,9449.67
2916,6804.22
2917,7670.86
2918,10593.67
2919,8800.99
2920,8237.19
2921,6814.87
2922,9550.97
2923,12322.56
2924,6291.7
2925,8617.394
2926,10576.55
2927,11348.62
2928,16402.48
2929,6611.86
2930,17629.15
2931,9478.935
2932,7100.06
2933,4849.23
2934,8110.9
2935,8807.05
2936,7620.4
2937,9089.19
2938,6010.75
2939,6555.02
2940,9249.05
2941,4710.39
2942,9754.38
2943,10963.566666666666
2944,11933.52
2945,12521.86
2946,7432.115
2947,10946.71
2948,7511.09
2949,5996.46
2950,6934.5
2951,7205.54
2952,14415.28
2953,8938.91
2954,6023.87
2955,11271.59
2956,12295.44
2957,9187.47
2958,9580.83
2959,11518.61
2960,6538.64
2961,5326.88
2962,9514.62
2963,10110.02
2964,8743.67
2965,8425.81
2966,9259.345
2967,6616.63
2968,5010.69
2969,6579.71
2970,11940.53
2971,11444.13
2972,12154.2
2973,15374.96
2974,9972.77
2975,7102.43
2976,5305.48
2977,14017.93
2978,13419.56
2979,13078.92
2980,11330.88
2981,11318.82
2982,5297.92
2983,5684.13
2984,13350.81
2985,8880.7
2986,9880.6
2987,8938.95
2988,4482.72
2989,15620.16
2990,7888.4
2991,6866.05
2992,5620.23
2993,7480.41
2994,8412.1
2995,12421.55
2996,8139.15
2997,5396.6
2998,7163.81
2999,6539.53
3000,4032.79
3001,9678.97
3002,19327.71
3003,7100.45
3004,7303.71
3005,10178.41
3006,6535.09
3007,8478.62
3008,6027.97
3009,6049.64
3010,10320.43
3011,9581.39
3012,6117.47
3013,12127.76
3014,12800.58
3015,5953.02
3016,11147.41
3017,11726.5
3018,12470.46
3019,8489.54
3020,9112.35
3021,5710.43
3022,6526.66
3023,18111.53
3024,14047.17
3025,8145.15
3026,7889.18
3027,6627.27
3028,8023.15
3029,5833.9
3030,11988.11
3031,6095.08
3032,7406.42
3033,9424.03
3034,6338.51
3035,8459.31
3036,9098.73
3037,11532.5
3038,10423.61
3039,7772.11
3040,7442.57
3041,12056.22
3042,12018.2
3043,10903.82
3044,8370.04
3045,6985.41
3046,9789.73
3047,8043.7
3048,5762.35
3049,9972.87
3050,9835.48
3051,9295.59
3052,8553.74
3053,8309.4
3054,10066.32
3055,6820.9
3056,8415.4
3057,9465.64
3058,13883.91
3059,11915.04
3060,7527.95
3061,6812.18
3062,16240.5
3063,8207.73
3064,4521.99
3065,9585.68
3066,12119.12
3067,13152.89
3068,6390.54
3069,8130.78
3070,8317.22
3071,9466.01
3072,7511.85
3073,13667.53
3074,4203.9
3075,9084.85
3076,9142.72
3077,7826.01
3078,7585.24
3079,8795.55
3080,12959.66
3081,8177.45
3082,11054.05
3083,9614.68
3084,12395.44
3085,6404.51
3086,9729.93
3087,9805.65
3088,9970.77
3089,11711.93
3090,6631.76
3091,8679.61
3092,11211.81
3093,10152.31
3094,5024.45
3095,4572.56
3096,11903.18
3097,9481.4
3098,10525.08
3099,9594.16
3100,7628.01
3101,10385.56
3102,10145.08
3103,11857.9775
3104,10400.17
3105,8834.25
3106,10057.38
3107,13980.3
3108,9294.23
3109,6387.17
3110,9834.86
3111,6966.94
3112,0.0
3113,11679.95
3114,7627.03
3115,12447.3
3116,8119.59
3117,11720.93
3118,9604.1
3119,14369.37
3120,7050.42
3121,8171.23
3122,8155.63
3123,10201.666666666666
3124,8351.04
3125,9063.74
3126,8921.23
3127,11994.13
3128,9540.12
3129,8822.15
3130,6873.54
3131,6307.42
3132,6197.85
3133,16564.17
3134,13075.25
3135,8170.11
3136,16815.86
3137,8825.66
3138,8431.983333333332
3139,10173.51
3140,11266.14
3141,16619.44
3142,8909.75
3143,11189.97
3144,12186.4
3145,9183.84
3146,8931.27
3147,8190.59
3148,7515.77
3149,8940.48
3150,6990.71
3151,8825.36
3152,11834.73
3153,19413.25
3154,9778.45
3155,6699.82
3156,10677.7
3157,5944.82
3158,9247.07
3159,4576.16
3160,12036.16
3161,8317.31
3162,8852.86
3163,18939.69
3164,11393.35
3165,9712.34
3166,9834.9
3167,4551.29
3168,7332.54
3169,6971.83
3170,14077.94
3171,7616.48
3172,5793.29
3173,8105.77
3174,7136.79
3175,10761.19
3176,10502.67
3177,3916.36
3178,8647.94
3179,11877.78
3180,11443.44
3181,9125.25
3182,6305.12
3183,10371.71
3184,6446.07
3185,12632.06
3186,6637.56
3187,6448.59
3188,8635.95
3189,7962.22
3190,5639.44
3191,9171.75
3192,11049.35
3193,11792.52
3194,15208.66
3195,7522.59
3196,4669.57
3197,7420.05
3198,9028.71
3199,6262.43
3200,10127.36
3201,7205.69
3202,15714.54
3203,9916.0
3204,7735.74
3205,9437.32
3206,6703.96
3207,11226.72
3208,7875.28
3209,16591.36
3210,8721.97
3211,7181.01
3212,8109.02
3213,4442.54
3214,9655.2
3215,24803.65
3216,6764.95
3217,5904.23
3218,12755.08
3219,8717.18
3220,9356.23
3221,10371.76
3222,9315.79
3223,6843.29
3224,6605.39
3225,11582.38
3226,8294.04
3227,8485.11
3228,8766.87
3229,6406.47
3230,10184.92
3231,7178.87
3232,4265.36
3233,10557.37
3234,10601.51
3235,5208.59
3236,9005.76
3237,8777.263333333334
3238,6334.48
3239,11982.16
3240,7716.8533333333335
3241,10108.03
3242,6232.37
3243,7240.0
3244,7419.16
3245,0.0
3246,9614.69
3247,6185.2
3248,7786.89
3249,6666.31
3250,8274.07
3251,7599.62
3252,8464.2
3253,10196.51
3254,10182.83
3255,9145.13
3256,9984.43
3257,7598.96
3258,12092.35
3259,13564.9825
3260,7932.76
3261,3845.84
3262,8189.26
3263,9413.43
3264,7332.98
3265,15343.81
3266,10029.78
3267,9408.83
3268,12659.4
3269,7424.99
3270,6468.39
3271,15156.95
3272,12987.08
3273,6486.24
3274,11178.19
3275,11986.81
3276,7963.98
3277,7008.83
3278,9851.74
3279,8221.65
3280,7730.69
3281,9698.89
3282,6491.42
3283,7228.01
3284,10997.14
3285,9609.93
3286,12244.01
3287,7472.85
3288,9550.39
3289,4623.61
3290,9906.54
3291,9613.84
3292,9955.29
3293,9417.86
3294,10235.3
3295,12311.37
3296,7950.66
3297,7679.06
3298,7870.48
3299,8008.73
3300,8798.17
3301,5686.79
3302,5977.05
3303,9477.79
3304,6270.36
3305,8207.67
3306,10390.64
3307,8710.08
3308,10107.36
3309,7475.52
3310,5426.15
3311,10146.33
3312,8178.21
3313,9799.15
3314,15454.61
3315,12376.973333333333
3316,6657.08
3317,10795.57
3318,4669.54
3319,4813.12
3320,9509.68
3321,15874.45
3322,9610.82
3323,10944.22
3324,9672.89
3325,10803.82
3326,13063.76
3327,8000.75
3328,10706.59
3329,7514.95
3330,5904.21
3331,8323.16
3332,6670.84
3333,7819.64
3334,7225.5
3335,7603.32
3336,5868.54
3337,9197.62
3338,10983.47
3339,7242.99
3340,7895.98
3341,8856.63
3342,7006.87
3343,7363.32
3344,11347.84
3345,10673.67
3346,8764.34
3347,6424.86
3348,19713.38
3349,7839.13
3350,8514.63
3351,14423.54
3352,10246.16
3353,11014.47
3354,7437.52
3355,8508.83
3356,12988.3
3357,23272.36
3358,7716.99
3359,7919.23
3360,6384.91
3361,9139.32
3362,8426.272166666668
3363,9107.15
3364,13126.21
3365,7518.38
3366,5507.99
3367,8881.08
3368,10244.73
3369,6856.5
3370,9681.75
3371,5797.29
3372,9285.95
3373,9686.23
3374,10390.14
3375,12767.21
3376,8426.26
3377,4906.89
3378,7712.63
3379,10019.11
3380,10081.17
3381,9571.59
3382,10896.6
3383,8661.12
3384,5737.27
3385,11538.7
3386,5818.33
3387,13917.92
3388,8101.57
3389,6722.6
3390,9840.42
3391,7943.93
3392,9666.45
3393,9124.83
3394,5221.71
3395,6921.27
3396,10872.2
3397,11849.25
3398,12616.58
3399,6052.95
3400,8089.99
3401,10335.82
3402,8335.2
3403,7700.62
3404,15516.17
3405,11501.94
3406,14421.09
3407,5757.08
3408,7900.92
3409,0.0
3410,11015.34
3411,8704.97
3412,14280.27
3413,9229.84
3414,7566.26
3415,8662.05
3416,7872.14
3417,6708.78
3418,12643.27
3419,7317.19
3420,7768.97
3421,14615.88
3422,7530.07
3423,21011.78
3424,7979.28
3425,0.0
3426,0.0
3427,0.0
3428,0.0
3429,0.0
3430,0.0
3431,0.0
3432,0.0
3433,0.0
3434,0.0
3435,0.0
3436,0.0
3437,0.0
3438,0.0
3439,0.0
3440,0.0
3441,0.0
3442,0.0
3443,0.0
3444,0.0
3445,0.0
3446,0.0
3447,0.0
3448,0.0
3449,0.0
3450,0.0
3451,0.0
3452,0.0
3453,0.0
3454,0.0
3455,0.0
3456,0.0
3457,0.0
3458,0.0
3459,0.0
3460,0.0
3461,0.0
3462,0.0
3463,0.0
3464,0.0
3465,0.0
3466,0.0
3467,0.0
3468,0.0
3469,0.0
3470,0.0
3471,0.0
3472,0.0
3473,0.0
3474,0.0
3475,0.0
3476,0.0
3477,0.0
3478,0.0
3479,0.0
3480,0.0
3481,0.0
3482,0.0
3483,0.0
3484,0.0
3485,0.0
3486,0.0
3487,0.0
3488,0.0
3489,0.0
3490,0.0
3491,0.0
3492,0.0
3493,0.0
3494,0.0
3495,0.0
3496,0.0
3497,0.0
3498,0.0
3499,0.0
3500,0.0
3501,0.0
3502,0.0
3503,0.0
3504,0.0
3505,0.0
3506,0.0
3507,0.0
3508,0.0
3509,0.0
3510,0.0
3511,0.0
3512,0.0
3513,0.0
3514,0.0
3515,0.0
3516,3054.2833333333333
3517,0.0
3518,0.0
3519,0.0
3520,0.0
3521,0.0
3522,0.0
3523,0.0
3524,0.0
3525,0.0
3526,0.0
3527,0.0
3528,0.0
3529,0.0
3530,0.0
3531,0.0
3532,0.0
3533,0.0
3534,0.0
3535,0.0
3536,0.0
3537,0.0
3538,0.0
3539,0.0
3540,0.0
3541,0.0
3542,0.0
3543,0.0
3544,0.0
3545,0.0
3546,0.0
3547,0.0
3548,0.0
3549,0.0
3550,0.0
3551,0.0
3552,0.0
3553,0.0
3554,0.0
3555,0.0
3556,0.0
3557,0.0
3558,0.0
3559,0.0
3560,0.0
3561,0.0
3562,0.0
3563,0.0
3564,0.0
3565,0.0
3566,0.0
3567,0.0
3568,0.0
3569,0.0
3570,0.0
3571,0.0
3572,0.0
3573,0.0
3574,0.0
3575,0.0
3576,0.0
3577,0.0
3578,0.0
3579,0.0
3580,0.0
3581,0.0
3582,0.0
3583,0.0
3584,2366.17
3585,0.0
3586,0.0
3587,0.0
3588,0.0
3589,0.0
3590,0.0
3591,0.0
3592,0.0
3593,0.0
3594,0.0
3595,0.0
3596,0.0
3597,0.0
3598,0.0
3599,0.0
3600,0.0
3601,0.0
3602,0.0
3603,0.0
3604,0.0
3605,0.0
3606,0.0
3607,0.0
3608,0.0
3609,0.0
3610,0.0
3611,0.0
3612,0.0
3613,0.0
3614,0.0
3615,0.0
3616,0.0
3617,0.0
3618,0.0
3619,0.0
3620,0.0
3621,0.0
3622,0.0
3623,0.0
3624,0.0
3625,14567.492000000002
3626,28175.68
3627,0.0
3628,0.0
3629,0.0
3630,0.0
3631,0.0
3632,0.0
3633,0.0
3634,6677.218000000001
3635,0.0
3636,0.0
3637,0.0
3638,0.0
3639,0.0
3640,0.0
3641,0.0
3642,0.0
3643,0.0
3644,0.0
3645,0.0
3646,0.0
3647,0.0
3648,0.0
3649,0.0
3650,0.0
3651,0.0
3652,0.0
3653,3820.48
3654,0.0
3655,0.0
3656,0.0
3657,0.0
3658,0.0
3659,0.0
3660,0.0
3661,0.0
3662,0.0
3663,2771.469
3664,0.0
3665,0.0
3666,0.0
3667,0.0
3668,0.0
3669,0.0
3670,0.0
3671,0.0
3672,0.0
3673,0.0
3674,0.0
3675,0.0
3676,0.0
3677,0.0
3678,0.0
3679,0.0
3680,0.0
3681,7544.7691428571425
3682,0.0
3683,0.0
3684,0.0
3685,0.0
3686,0.0
3687,0.0
3688,0.0
3689,0.0
3690,0.0
3691,0.0
3692,0.0
3693,0.0
3694,0.0
3695,0.0
3696,0.0
3697,0.0
3698,7306.403321428571
3699,0.0
3700,0.0
3701,0.0
3702,0.0
3703,0.0
3704,0.0
3705,0.0
3706,0.0
3707,0.0
3708,0.0
3709,0.0
3710,0.0
3711,0.0
3712,0.0
3713,0.0
3714,0.0
3715,0.0
3716,0.0
3717,0.0
3718,0.0
3719,0.0
3720,0.0
3721,0.0
3722,0.0
3723,0.0
3724,0.0
3725,0.0
3726,0.0
3727,0.0
3728,0.0
3729,0.0
3730,0.0
3731,0.0
3732,0.0
3733,0.0
3734,0.0
3735,0.0
3736,0.0
3737,0.0
3738,0.0
3739,0.0
3740,0.0
3741,0.0
3742,0.0
3743,0.0
3744,0.0
3745,0.0
3746,0.0
3747,0.0
3748,0.0
3749,0.0
3750,0.0
3751,0.0
3752,0.0
3753,0.0
3754,0.0
3755,0.0
3756,0.0
3757,0.0
3758,0.0
3759,0.0
3760,1693.8
3761,0.0
3762,0.0
3763,0.0
3764,0.0
3765,0.0
3766,0.0
3767,0.0
3768,0.0
3769,0.0
3770,0.0
3771,0.0
3772,0.0
3773,0.0
3774,3492.626333333333
3775,0.0
3776,0.0
3777,0.0
3778,0.0
3779,0.0
3780,0.0
3781,0.0
3782,0.0
3783,0.0
3784,0.0
3785,0.0
3786,0.0
3787,0.0
3788,0.0
3789,0.0
3790,0.0
3791,0.0
3792,0.0
3793,0.0
3794,0.0
3795,0.0
3796,0.0
3797,0.0
3798,0.0
3799,0.0
3800,0.0
3801,0.0
3802,0.0
3803,0.0
3804,0.0
3805,0.0
3806,0.0
3807,0.0
3808,0.0
3809,0.0
3810,0.0
3811,0.0
3812,0.0
3813,0.0
3814,0.0
3815,0.0
3816,0.0
3817,5539.91
3818,0.0
3819,0.0
3820,0.0
3821,0.0
3822,0.0
3823,0.0
3824,0.0
3825,0.0
3826,0.0
3827,2271.64
3828,0.0
3829,0.0
3830,0.0
3831,4327.635833333335
3832,0.0
3833,0.0
3834,0.0
3835,0.0
3836,0.0
3837,0.0
3838,0.0
3839,0.0
3840,0.0
3841,0.0
3842,0.0
3843,0.0
3844,0.0
3845,0.0
3846,0.0
3847,0.0
3848,0.0
3849,0.0
3850,0.0
3851,0.0
3852,0.0
3853,0.0
3854,0.0
3855,0.0
3856,0.0
3857,0.0
3858,19119.383
3859,0.0
3860,0.0
3861,0.0
3862,0.0
3863,0.0
3864,0.0
3865,0.0
3866,0.0
3867,0.0
3868,0.0
3869,0.0
3870,0.0
3871,0.0
3872,5162.18
3873,0.0
3874,0.0
3875,0.0
3876,0.0
3877,0.0
3878,0.0
3879,0.0
3880,0.0
3881,0.0
3882,0.0
3883,0.0
3884,0.0
3885,0.0
3886,0.0
3887,0.0
3888,0.0
3889,0.0
3890,0.0
3891,0.0
3892,0.0
3893,0.0
3894,0.0
3895,0.0
3896,0.0
3897,0.0
3898,0.0
3899,0.0
3900,0.0
3901,0.0
3902,0.0
3903,0.0
3904,0.0
3905,0.0
3906,0.0
3907,0.0
3908,0.0
3909,0.0
3910,0.0
3911,0.0
3912,0.0
3913,0.0
3914,0.0
3915,0.0
3916,0.0
3917,0.0
3918,0.0
3919,0.0
3920,0.0
3921,0.0
3922,0.0
3923,0.0
3924,0.0
3925,0.0
3926,0.0
3927,0.0
3928,0.0
3929,0.0
3930,0.0
3931,0.0
3932,0.0
3933,0.0
3934,0.0
3935,0.0
3936,0.0
3937,0.0
3938,0.0
3939,0.0
3940,0.0
3941,0.0
3942,0.0
3943,0.0
3944,0.0
3945,0.0
3946,0.0
3947,12594.76
3948,0.0
3949,0.0
3950,0.0
3951,0.0
3952,0.0
3953,0.0
3954,0.0
3955,0.0
3956,0.0
3957,0.0
3958,0.0
3959,0.0
3960,0.0
3961,0.0
3962,0.0
3963,0.0
3964,0.0
3965,0.0
3966,0.0
3967,0.0
3968,0.0
3969,0.0
3970,0.0
3971,0.0
3972,0.0
3973,0.0
3974,0.0
3975,0.0
3976,0.0
3977,0.0
3978,0.0
3979,0.0
3980,0.0
3981,0.0
3982,0.0
3983,0.0
3984,0.0
3985,0.0
3986,0.0
3987,0.0
3988,0.0
3989,0.0
3990,0.0
3991,2824.203333333333
3992,16128.82
3993,0.0
3994,0.0
3995,0.0
3996,0.0
3997,0.0
3998,0.0
3999,0.0
4000,0.0
4001,0.0
4002,0.0
4003,0.0
4004,0.0
4005,0.0
4006,0.0
4007,0.0
4008,0.0
4009,0.0
4010,0.0
4011,0.0
4012,0.0
4013,0.0
4014,0.0
4015,0.0
4016,0.0
4017,0.0
4018,0.0
4019,0.0
4020,10148.076833333333
4021,0.0
4022,0.0
4023,0.0
4024,0.0
4025,0.0
4026,0.0
4027,0.0
4028,0.0
4029,0.0
4030,0.0
4031,0.0
4032,0.0
4033,0.0
4034,0.0
4035,0.0
4036,0.0
4037,0.0
4038,0.0
4039,0.0
4040,0.0
4041,0.0
4042,0.0
4043,0.0
4044,0.0
4045,0.0
4046,0.0
4047,0.0
4048,0.0
4049,0.0
4050,0.0
4051,0.0
4052,0.0
4053,0.0
4054,0.0
4055,0.0
4056,0.0
4057,0.0
4058,0.0
4059,0.0
4060,0.0
4061,0.0
4062,0.0
4063,0.0
4064,0.0
4065,0.0
4066,0.0
4067,0.0
4068,0.0
4069,0.0
4070,0.0
4071,0.0
4072,0.0
4073,0.0
4074,0.0
4075,0.0
4076,0.0
4077,0.0
4078,0.0
4079,0.0
4080,0.0
4081,0.0
4082,0.0
4083,0.0
4084,0.0
4085,0.0
4086,0.0
4087,0.0
4088,0.0
4089,0.0
4090,2043.89
4091,0.0
4092,0.0
4093,0.0
4094,2260.24
4095,0.0
4096,0.0
4097,0.0
4098,0.0
4099,0.0
4100,0.0
4101,0.0
4102,0.0
4103,0.0
4104,0.0
4105,0.0
4106,0.0
4107,0.0
4108,0.0
4109,0.0
4110,0.0
4111,0.0
4112,0.0
4113,0.0
4114,0.0
4115,0.0
4116,0.0
4117,0.0
4118,0.0
4119,0.0
4120,0.0
4121,0.0
4122,0.0
4123,0.0
4124,0.0
4125,0.0
4126,0.0
4127,0.0
4128,0.0
4129,0.0
4130,0.0
4131,0.0
4132,0.0
4133,0.0
4134,0.0
4135,0.0
4136,0.0
4137,0.0
4138,0.0
4139,0.0
4140,0.0
4141,0.0
4142,0.0
4143,0.0
4144,0.0
4145,1468.13
4146,0.0
4147,0.0
4148,0.0
4149,0.0
4150,0.0
4151,0.0
4152,0.0
4153,0.0
4154,0.0
4155,0.0
4156,0.0
4157,0.0
4158,0.0
4159,0.0
4160,9278.281166666668
4161,0.0
4162,0.0
4163,0.0
4164,0.0
4165,0.0
4166,0.0
4167,0.0
4168,0.0
4169,0.0
4170,0.0
4171,0.0
4172,0.0
4173,0.0
4174,0.0
4175,0.0
4176,0.0
4177,0.0
4178,0.0
4179,0.0
4180,0.0
4181,0.0
4182,0.0
4183,0.0
4184,0.0
4185,0.0
4186,0.0
4187,0.0
4188,0.0
4189,0.0
4190,0.0
4191,0.0
4192,0.0
4193,0.0
4194,0.0
4195,0.0
4196,0.0
4197,0.0
4198,0.0
4199,0.0
4200,0.0
4201,0.0
4202,0.0
4203,0.0
4204,0.0
4205,0.0
4206,0.0
4207,0.0
4208,0.0
4209,0.0
4210,0.0
4211,0.0
4212,0.0
4213,0.0
4214,0.0
4215,0.0
4216,0.0
4217,0.0
4218,0.0
4219,0.0
4220,0.0
4221,0.0
4222,0.0
4223,0.0
4224,2745.0
4225,0.0
4226,0.0
4227,0.0
4228,0.0
4229,0.0
4230,0.0
4231,0.0
4232,0.0
4233,0.0
4234,0.0
4235,0.0
4236,0.0
4237,0.0
4238,0.0
4239,0.0
4240,0.0
4241,0.0
4242,0.0
4243,0.0
4244,0.0
4245,0.0
4246,0.0
4247,0.0
4248,0.0
4249,0.0
4250,0.0
4251,0.0
4252,0.0
4253,0.0
4254,0.0
4255,0.0
4256,0.0
4257,0.0
4258,0.0
4259,0.0
4260,0.0
4261,0.0
4262,0.0
4263,0.0
4264,0.0
4265,13945.24
4266,3980.46
4267,0.0
4268,0.0
4269,0.0
4270,0.0
4271,0.0
4272,0.0
4273,0.0
4274,0.0
4275,0.0
4276,0.0
4277,0.0
4278,0.0
4279,0.0
4280,0.0
4281,4641.34
4282,3953.04
4283,6527.78
4284,3273.427333333334
4285,6521.71
4286,4773.15
4287,6163.52
4288,5596.261166666667
4289,4255.36
4290,3629.55
4291,5345.87
4292,4864.451999999999
4293,4098.860000000001
4294,5269.83
4295,5341.94
4296,3248.04
4297,4489.56
4298,7039.0
4299,8584.27
4300,7598.46
4301,6185.754952380952
4302,4139.98
4303,5797.74
4304,1955.7
4305,8038.41
4306,7736.29
4307,9792.81
4308,5764.35
4309,2749.43
4310,5527.533999999999
4311,4424.57
4312,7232.554083333331
4313,4203.246333333333
4314,5663.03
4315,4634.23
4316,5960.78
4317,2808.6
4318,7799.29
4319,4559.49
4320,7128.6
4321,5830.02
4322,3791.7
4323,8259.2
4324,6278.0
4325,5012.61
4326,3613.1793095238095
4327,7402.66
4328,9873.890833333333
4329,5628.66
4330,5268.34
4331,7999.306
4332,7511.898380952381
4333,5444.260000000001
4334,6296.16
4335,3585.99
4336,2539.2
4337,4622.294833333334
4338,6106.03
4339,8689.36
4340,7987.15
4341,3979.9125
4342,7064.0802261904755
4343,7817.52
4344,4629.99
4345,2615.2468333333336
4346,10587.84
4347,3447.56
4348,4364.54
4349,7251.39
4350,5062.108666666666
4351,5361.214333333333
4352,3044.340833333333
4353,5539.187999999999
4354,4776.8
4355,5444.64
4356,7476.25
4357,6676.186095238097
4358,5415.0
4359,2868.014166666667
4360,7806.32
4361,11663.44
4362,5254.54
4363,3137.51
4364,6276.057333333333
4365,5982.5
4366,6575.75
4367,10010.86
4368,2333.52
4369,7666.53
4370,4442.62
4371,4910.701666666666
4372,6877.64
4373,2775.33
4374,4654.351500000001
4375,5009.87
4376,7199.713333333334
4377,7425.56
4378,4124.508380952381
4379,4534.841666666666
4380,5510.6
4381,6456.331095238095
4382,4891.22
4383,6327.56
4384,4072.673333333333
4385,6859.93
4386,4331.067333333333
4387,3136.64
4388,5676.0
4389,5855.89
4390,6254.86
4391,6710.26
4392,7816.953333333333
4393,4152.8
4394,7822.51
4395,2931.3755000000006
4396,3450.59
4397,7716.089999999999
4398,6402.5
4399,7371.26
4400,9318.043166666668
4401,6494.74
4402,5385.57
4403,7301.68
4404,7589.91
4405,4038.17
4406,2763.65
4407,5029.03
4408,4271.421261904762
4409,4944.33
4410,3707.9606666666664
4411,5294.543166666667
4412,5872.73
4413,5362.004
4414,5633.903833333334
4415,2872.2156666666665
4416,5895.894
4417,7308.03
4418,3639.75
4419,4985.423000000001
4420,3215.14
4421,5284.7643333333335
4422,3238.81
4423,3964.1823809523803
4424,4470.896833333333
4425,7739.5
4426,6344.3
4427,7058.05
4428,13732.13
4429,3369.3248333333327
4430,4779.126666666666
4431,9998.361666666666
4432,5234.225666666666
4433,7920.016666666666
4434,6496.84
4435,4778.0779999999995
4436,6456.29
4437,8830.66
4438,4322.382666666666
4439,7566.532238095237
4440,4948.79
4441,2818.01
4442,3436.44
4443,7119.65
4444,9277.94
4445,5212.35
4446,6357.99525
4447,3827.146833333333
4448,2727.27
4449,1994.04
4450,3464.35
4451,5382.38
4452,6135.081833333333
4453,5210.889833333334
4454,5949.5445
4455,7617.311333333335
4456,8023.72
4457,7308.02
4458,4690.85
4459,7233.992833333334
4460,9108.594666666666
4461,4068.45
4462,5471.948333333334
4463,4931.526309523809
4464,5832.272333333332
4465,3192.81
4466,5034.84
4467,4483.11
4468,7797.629166666667
4469,7660.75
4470,7792.85
4471,6724.87
4472,4828.933
4473,6650.286000000001
4474,15944.129047619046
4475,8152.936166666667
4476,3429.751047619048
4477,3262.94
4478,6139.14
4479,8013.16
4480,4303.42
4481,8667.780999999999
4482,16884.54
4483,5241.45
4484,2229.5399999999995
4485,10376.22
4486,3473.49
4487,6484.056190476192
4488,3470.44
4489,5760.263928571429
4490,0.0
4491,6386.53
4492,5264.63
4493,5042.37
4494,8461.97
4495,5800.16
4496,6009.62
4497,6050.643999999999
4498,5135.225
4499,5947.063
4500,8866.88
4501,4355.1675
4502,5608.41
4503,4404.02
4504,3408.64
4505,5218.91
4506,5165.16
4507,4979.43
4508,7801.15
4509,7551.11
4510,7676.97
4511,4036.2512857142847
4512,4216.16
4513,4069.24
4514,4765.147333333334
4515,5644.74
4516,2744.13
4517,7063.14
4518,5666.273999999999
4519,7136.471333333333
4520,5566.37
4521,4385.97
4522,2857.29
4523,2675.88
4524,8712.19
4525,5582.7716666666665
4526,6172.52
4527,12188.86
4528,7445.79
4529,3801.79
4530,4819.846
4531,2511.52
4532,3935.34
4533,3955.7656666666667
4534,3802.616666666666
4535,8700.23
4536,4503.19
4537,8234.800952380954
4538,10706.27
4539,6001.87
4540,5321.320333333334
4541,4640.939
4542,4599.583666666666
4543,5001.04
4544,10843.5
4545,6843.81
4546,6650.75
4547,3116.38
4548,4787.31280952381
4549,5433.92
4550,7294.34
4551,6162.918785714286
4552,5071.65
4553,6046.335333333331
4554,3936.1113333333337
4555,8769.69
4556,7008.3
4557,7116.03
4558,9038.24
4559,6255.842666666668
4560,8188.956166666667
4561,2950.64
4562,5006.056666666667
4563,4965.8
4564,8971.06
4565,7165.23
4566,6944.12
4567,6315.84
4568,7581.2
4569,4313.927809523809
4570,6653.05
4571,6112.4
4572,2684.805
4573,12276.97
4574,16483.889166666664
4575,7163.18
4576,6333.84
4577,6734.69688888889
4578,7275.361999999998
4579,8118.9
4580,2644.032
4581,4029.9466666666667
4582,5255.34
4583,8179.882071428571
4584,2634.75
4585,3753.797452380953
4586,4662.1849999999995
4587,4569.1
4588,4115.737214285715
4589,2504.715142857143
4590,3250.23
4591,6978.32
4592,3464.24
4593,4509.005000000001
4594,4829.413
4595,5180.21
4596,8172.186952380953
4597,11172.14
4598,4432.78
4599,7008.8036666666685
4600,5915.5
4601,10216.88
4602,5380.237999999999
4603,2903.66
4604,4797.1
4605,12325.72
4606,3760.7273333333333
4607,6171.904285714288
4608,1907.0853333333334
4609,3526.2881666666667
4610,6415.65
4611,5786.42
4612,4971.58
4613,7475.28
4614,7991.200000000001
4615,8304.65
4616,5155.06
4617,11323.92
4618,1897.503238095238
4619,3661.25
4620,5969.875999999998
4621,4227.495333333333
4622,9707.815904761903
4623,2509.75
4624,5271.11
4625,5415.73
4626,8026.734666666667
4627,9459.93
4628,4379.93
4629,3006.92
4630,7470.168166666667
4631,8944.31
4632,4413.8605
4633,4447.39
4634,8349.802666666666
4635,6141.7
4636,5148.17
4637,3422.8644999999997
4638,7506.97
4639,4159.87
4640,12032.17
4641,7858.85
4642,14714.291000000003
4643,5933.93
4644,4833.44
4645,2043.9636428571432
4646,5838.99
4647,5604.95
4648,4095.4195
4649,9369.21
4650,4883.11
4651,2483.0686666666666
4652,6858.17
4653,3355.47
4654,8679.95
4655,6530.470333333335
4656,6641.72
4657,6738.3316428571425
4658,4421.9475
4659,6480.289999999999
4660,6883.39
4661,5006.088500000001
4662,5969.93
4663,3580.21
4664,9041.89
4665,5560.900833333334
4666,3255.387
4667,4262.911321428572
4668,8193.99
4669,4893.614166666666
4670,3825.1
4671,4727.06
4672,5368.27
4673,3930.313333333333
4674,4962.7
4675,9711.081500000002
4676,4108.585999999999
4677,3086.519833333333
4678,5647.54
4679,5139.0
4680,2651.891166666667
4681,4866.95
4682,8462.47
4683,7674.84
4684,8071.11
4685,8039.841000000002
4686,7220.43
4687,5234.789999999998
4688,3757.3822142857152
4689,10040.02
4690,6436.937833333333
4691,6561.15
4692,5117.71
4693,5626.26
4694,4450.55
4695,2508.8
4696,11657.05
4697,4073.711666666666
4698,5775.94
4699,4492.85
4700,4195.97
4701,8100.9
4702,5619.96
4703,5160.95
4704,3625.825333333333
4705,6253.981666666665
4706,5486.4
4707,3855.85
4708,10204.11
4709,3857.2406666666666
4710,4558.16
4711,3422.4603333333334
4712,2834.61
4713,4412.235333333333
4714,12802.396
4715,4793.515142857142
4716,5166.519583333333
4717,6306.0
4718,2994.9668333333334
4719,3407.1
4720,5158.97
4721,2697.01
4722,9146.3
4723,5683.6
4724,3213.26
4725,8015.705333333333
4726,2687.73
4727,3312.9744285714282
4728,8780.64
4729,9378.82
4730,7832.36
4731,2573.9
4732,4613.587166666665
4733,3841.764833333334
4734,3782.31
4735,15306.74
4736,9134.95
4737,5265.71
4738,2592.661785714286
4739,5043.62
4740,4153.701
4741,2551.63
4742,7416.26
4743,4604.09
4744,5355.14
4745,7003.01
4746,4959.68
4747,5015.27
4748,5784.7
4749,7235.52
4750,7051.72
4751,4276.39
4752,8995.72
4753,7130.36
4754,8496.68
4755,5861.08
4756,6669.220428571429
4757,2123.21
4758,7700.79
4759,5081.53
4760,2400.603666666667
4761,4160.78
4762,4726.21
4763,4608.01
4764,7448.45
4765,3460.3190000000004
4766,6792.32
4767,4300.69880952381
4768,7267.61
4769,7785.27
4770,5312.68
4771,6684.22
4772,6013.14
4773,2754.58
4774,10138.845666666668
4775,3447.4
4776,3474.73
4777,6525.8
4778,10759.76
4779,9073.3975
4780,3605.47
4781,4723.02
4782,6638.18
4783,6465.555333333335
4784,4461.83
4785,8082.68
4786,3171.58
4787,4849.16
4788,3351.6645000000003
4789,4057.24
4790,2593.19
4791,7836.34
4792,5979.476666666666
4793,5641.04
4794,5631.21
4795,7421.044642857144
4796,7872.8
4797,4567.47
4798,4339.37
4799,4583.56
4800,6348.1156666666675
4801,4910.956666666667
4802,2120.01
4803,4535.34
4804,6309.03
4805,6261.7480000000005
4806,5434.236333333334
4807,2660.4913809523805
4808,8375.66
4809,2704.25
4810,7566.2535
4811,5382.3
4812,4266.012666666667
4813,7524.390333333333
4814,3929.89
4815,4113.433500000001
4816,8550.84
4817,2515.41
4818,5462.204583333334
4819,8621.615333333335
4820,6959.456500000001
4821,2471.1218333333336
4822,4929.01
4823,3651.02
4824,2456.04
4825,5076.22
4826,5517.39
4827,4450.94
4828,4297.14
4829,5831.34
4830,4787.73
4831,10051.464
4832,4974.03
4833,5825.856666666667
4834,4027.756666666666
4835,5664.149619047617
4836,5519.71
4837,6242.86
4838,7978.25
4839,8486.287142857143
4840,7969.75
4841,3722.2205
4842,4810.93
4843,2858.14
4844,4905.649333333334
4845,8523.72
4846,6485.009666666667
4847,5648.196214285713
4848,14043.99
4849,3176.8255000000004
4850,5119.59
4851,4209.49
4852,8184.18
4853,8936.17
4854,7531.88
4855,6543.857500000001
4856,6858.814666666667
4857,10684.9
4858,6174.31
4859,4958.72
4860,2322.42
4861,4792.92
4862,3459.4
4863,2917.47
4864,7038.34
4865,16688.383761904763
4866,4772.6095
4867,3449.41
4868,4414.49
4869,3476.217904761905
4870,5624.52
4871,1712.845880952381
4872,6412.56
4873,5524.85
4874,3129.229
4875,10823.67
4876,11038.689666666663
4877,4019.983833333333
4878,5402.24
4879,3286.4635
4880,3769.6157619047617
4881,4058.85
4882,8571.02
4883,4019.47
4884,4386.98
4885,5627.62
4886,5480.96
4887,5297.623333333334
4888,7274.22
4889,3046.57
4890,8012.79
4891,6420.72
4892,4531.98
4893,3719.72
4894,3541.481666666666
4895,4225.0
4896,4456.31
4897,8869.105833333333
4898,4124.86
4899,3860.73
4900,5908.644857142859
4901,4853.738583333332
4902,5392.11
4903,4823.08
4904,5365.94
4905,10035.85
4906,6793.41
4907,5868.73
4908,3793.27
4909,4517.9
4910,6183.24
4911,3348.3369999999995
4912,4187.7766666666685
4913,4757.353666666666
4914,11505.82
4915,6928.12
4916,4285.51
4917,5248.187999999999
4918,4555.38
4919,6434.9
4920,5582.300833333333
4921,8724.49
4922,6324.0216666666665
4923,4992.26
4924,5065.54
4925,1573.735833333333
4926,3832.3
4927,19080.71
4928,1952.92
4929,3633.19
4930,6512.52
4931,6979.19
4932,6501.75
4933,7337.387595238095
4934,5757.25
4935,5276.3625
4936,3521.59
4937,6907.747333333333
4938,3328.9665000000005
4939,6488.59
4940,9055.43
4941,4419.86
4942,7049.72
4943,6119.7
4944,2676.6325238095224
4945,5149.68
4946,6516.4
4947,2542.96
4948,7506.529333333334
4949,5726.410333333333
4950,4270.47
4951,9962.61
4952,7309.739166666669
4953,6493.71
4954,3804.034166666667
4955,3486.54
4956,4626.6303333333335
4957,0.0
4958,5603.561333333333
4959,2492.7
4960,6256.8
4961,2938.45
4962,3981.08
4963,5899.78
4964,4472.72
4965,5130.062238095238
4966,7726.76
4967,4347.56
4968,7362.189166666666
4969,4987.98
4970,5811.45
4971,8439.163857142856
4972,7000.59
4973,4753.21
4974,5240.99
4975,5151.72
4976,4909.8
4977,11227.15
4978,5675.44
4979,5882.05
4980,9223.87
4981,5782.201666666668
4982,2018.1
4983,7759.87
4984,7761.656238095237
4985,6462.68
4986,6891.087142857144
4987,6598.21
4988,8033.45
4989,5421.47
4990,4341.05
4991,3099.7150000000006
4992,6891.48
4993,7498.9
4994,2660.2
4995,7867.93
4996,6771.77
4997,4429.300380952381
4998,6964.594499999999
4999,4635.54
5000,7306.250499999999
5001,2562.46
5002,4192.88
5003,4426.770666666665
5004,3644.51
5005,6894.91
5006,6837.693666666664
5007,7636.5
5008,5403.7761190476185
5009,4080.03
5010,5330.140833333333
5011,6555.9685
5012,7450.506333333335
5013,3000.29
5014,2863.07
5015,8728.08
5016,5001.308
5017,3925.04
5018,7147.505
5019,6926.45
5020,5544.55
5021,4504.55
5022,1981.4675714285715
5023,5626.006166666668
5024,5312.593309523811
5025,4913.949880952381
5026,9134.500833333332
5027,6806.934166666666
5028,3381.74
5029,5675.03
5030,3387.66
5031,1186.1408571428572
5032,5706.061999999998
5033,9014.35
5034,5395.818333333334
5035,3976.383333333333
5036,3214.23
5037,4642.0
5038,8194.13
5039,5701.9366666666665
5040,8963.11
5041,4699.6095000000005
5042,4769.52
5043,3226.831333333333
5044,6340.0615
5045,3233.49
5046,2554.81
5047,4434.85
5048,3845.79
5049,7081.18
5050,4177.41
5051,4358.49
5052,4816.768333333333
5053,7247.22
5054,4904.85
5055,3704.33
5056,9314.35
5057,7948.71
5058,6581.5
5059,2174.491
5060,4505.942166666666
5061,5169.58
5062,3525.5085
5063,8443.98
5064,6941.5315
5065,5853.334833333334
5066,6025.41
5067,5860.2
5068,8012.5
5069,10791.73
5070,2728.9753333333333
5071,3945.81
5072,3807.585
5073,5325.779833333334
5074,5316.67
5075,8193.83
5076,6709.36
5077,6182.24
5078,2576.3748333333333
5079,5895.162380952381
5080,6406.82
5081,3232.2097857142858
5082,5895.9
5083,3204.73
5084,6954.31
5085,5618.27
5086,4995.899666666666
5087,5860.368333333333
5088,3577.489333333334
5089,3785.62
5090,6829.37
5091,4415.3565
5092,9005.69
5093,4847.962190476191
5094,7637.7953333333335
5095,5579.98
5096,3406.5383333333325
5097,7636.926333333333
5098,2650.74
5099,8840.409571428574
5100,5219.65
5101,4684.253166666667
5102,7133.87
5103,4837.93
5104,3560.138
5105,4998.501333333334
5106,2467.602666666667
5107,2852.73
5108,5448.089595238095
5109,5811.786000000001
5110,8947.3
5111,5160.333333333333
5112,5117.300333333334
5113,4178.77
5114,6310.19
5115,2948.78
5116,10231.4
5117,5976.518
5118,12446.06
5119,5291.7
5120,4199.842333333333
5121,12867.04
5122,7040.79
5123,2910.093928571427
5124,8541.1
5125,7253.18
5126,5569.88
5127,6132.07
5128,4493.85
5129,3364.61
5130,5310.53
5131,3854.99
5132,2735.62
5133,7710.11
5134,5256.699166666666
5135,22067.48052380952
5136,6503.517666666666
5137,4085.56
5138,5635.73
5139,8283.77
5140,4532.48
5141,6408.77
5142,5256.33
5143,6975.73
5144,5822.59
5145,3619.11
5146,4952.39
5147,5621.57
5148,5819.33
5149,5717.1
5150,6810.02
5151,4110.6
5152,3921.53
5153,4735.26
5154,8657.9
5155,9388.66
5156,7347.55
5157,5679.43
5158,3437.7
5159,5664.86
5160,3009.67
5161,7262.16
5162,8295.01
5163,8196.75
5164,4530.59
5165,3964.17
5166,4119.22
5167,4290.54
5168,8007.753333333334
5169,5767.235
5170,4544.39
5171,4223.86
5172,5915.22
5173,3465.6
5174,6572.33
5175,3649.16
5176,6515.3
5177,5798.47
5178,4469.76
5179,7298.19
5180,5736.22
5181,3937.89
5182,5553.81
5183,6572.56
5184,9144.3
5185,5147.76
5186,5800.66
5187,6388.576666666668
5188,7650.1925
5189,5468.975
5190,7339.63
5191,4411.24
5192,3954.12
5193,4569.0
5194,6020.31
5195,8700.19
5196,6503.37
5197,4035.91
5198,6001.18
5199,6544.04
5200,7099.43
5201,3356.59
5202,10830.17
5203,3761.54
5204,5190.46
5205,8031.54
5206,4250.25
5207,4645.37
5208,5674.83
5209,5737.22
5210,4738.26
5211,5098.61
5212,6054.86
5213,5802.416666666668
5214,5352.59
5215,3444.02
5216,6307.21
5217,11462.88
5218,5666.3
5219,3797.68
5220,6038.66
5221,5680.12
5222,5869.71
5223,7289.11
5224,3728.03
5225,6936.8
5226,4659.62
5227,5022.37
5228,6591.85
5229,4945.07
5230,5493.713333333334
5231,3532.8
5232,5486.5
5233,8051.19
5234,4277.13
5235,4089.1133333333337
5236,4307.23
5237,5091.2
5238,4955.29
5239,6434.13
5240,5444.08
5241,5997.08
5242,3910.166666666666
5243,4613.06
5244,5472.69
5245,7653.45
5246,6147.02
5247,7315.45
5248,6643.945
5249,5056.99
5250,7762.32
5251,4425.28
5252,5330.11
5253,6951.910833333333
5254,5344.27
5255,8431.52
5256,6380.74
5257,6710.6
5258,5055.34
5259,6906.21
5260,6590.05
5261,5178.43
5262,3236.69
5263,4416.51
5264,5210.44
5265,5338.13
5266,4173.72
5267,6670.54
5268,4926.33
5269,5170.82
5270,4562.775
5271,4281.05
5272,5341.72
5273,5953.52
5274,5138.46
5275,4886.505
5276,4490.38
5277,5450.16
5278,2707.45
5279,5718.43
5280,3604.1
5281,7590.62
5282,6607.34
5283,5706.04
5284,8388.57
5285,2822.713333333333
5286,4900.739166666667
5287,8238.38
5288,5728.749
5289,7148.41
5290,6934.35
5291,4679.02
5292,5823.55
5293,7149.53
5294,6117.74
5295,8783.96
5296,5440.03
5297,2655.71
5298,4418.28
5299,7190.49
5300,8883.06
5301,4653.81
5302,5566.395
5303,3927.856666666666
5304,4000.23
5305,3030.23
5306,4036.88
5307,5537.48
5308,4968.71
5309,5632.69
5310,15436.6
5311,7079.108500000001
5312,7742.11
5313,6926.73
5314,3911.62
5315,7215.0633333333335
5316,8411.39
5317,5363.93
5318,6422.24
5319,3999.12
5320,5574.68
5321,3622.91
5322,5373.41
5323,4366.96
5324,7089.07
5325,6795.64
5326,7785.84
5327,6750.29
5328,5028.14
5329,6650.0
5330,15104.213333333335
5331,8217.23
5332,4126.03
5333,2691.96
5334,5175.31
5335,6968.53
5336,5332.31
5337,11437.94
5338,17936.05
5339,3571.63
5340,3728.44
5341,7490.23
5342,3531.53
5343,7183.35
5344,5194.83
5345,5929.92
5346,0.0
5347,5659.08
5348,5722.06
5349,6226.79
5350,5503.26
5351,5918.68
5352,6043.21
5353,5718.61
5354,3806.14
5355,4723.35
5356,6751.78
5357,4956.41
5358,5033.71
5359,6404.02
5360,4548.53
5361,4223.69
5362,6042.85
5363,5330.05
5364,8156.77
5365,6513.67
5366,6512.76
5367,5270.05
5368,3040.12
5369,5486.58
5370,5794.07
5371,5212.01
5372,4116.28
5373,7132.6
5374,5218.341666666667
5375,7699.78
5376,5486.79
5377,4643.54
5378,4503.81
5379,4266.45
5380,8171.27
5381,4575.93
5382,7836.89
5383,12519.19
5384,6697.06
5385,5426.02
5386,4717.73
5387,4252.66
5388,6878.54
5389,3183.9233333333336
5390,4831.44
5391,8562.91
5392,4622.0
5393,11542.5
5394,10378.38
5395,5049.58
5396,5505.012
5397,5228.05
5398,5640.0
5399,4647.13
5400,9414.17
5401,6636.81
5402,6821.05
5403,3902.18
5404,5844.66
5405,5012.01
5406,6732.98
5407,5518.055
5408,5310.0
5409,6068.075
5410,5184.58
5411,7595.22
5412,8047.3
5413,6154.25
5414,8747.01
5415,6502.143333333333
5416,6966.13
5417,4740.49
5418,3597.0
5419,4339.55
5420,7746.51
5421,5949.74
5422,6108.2
5423,5652.2
5424,8175.18
5425,4337.083333333333
5426,6931.05
5427,5592.14
5428,3197.99
5429,11113.31
5430,14030.67
5431,5789.91
5432,5799.88
5433,7027.366666666666
5434,8189.24
5435,9399.09
5436,5122.93
5437,6142.45
5438,5210.27
5439,7169.795
5440,3855.31
5441,4599.503333333334
5442,4200.645
5443,4930.64
5444,6963.77
5445,3290.27
5446,3545.01
5447,6202.95
5448,3591.16
5449,3439.22
5450,4680.95
5451,5009.16
5452,7633.82
5453,7152.17
5454,5141.6
5455,5532.61
5456,5770.8
5457,9084.44
5458,6035.22
5459,5435.13
5460,3689.62
5461,8844.22
5462,3886.045
5463,5358.53
5464,3033.0
5465,3860.91
5466,6133.23
5467,5519.96
5468,5059.32
5469,7109.35
5470,7988.726
5471,10378.94
5472,5678.55
5473,10092.73
5474,2613.7
5475,4613.52
5476,5235.4
5477,3237.55
5478,7182.26
5479,4652.95
5480,4625.36
5481,8560.29
5482,8510.29
5483,7202.17
5484,4567.74
5485,4024.25
5486,7337.42
5487,7893.17
5488,4588.3875
5489,3939.26
5490,6143.38
5491,7173.87
5492,5173.28
5493,4485.305
5494,6573.32
5495,7158.43
5496,10741.23
5497,5302.6
5498,13215.34
5499,5921.17
5500,4769.78
5501,3183.36
5502,5410.25
5503,5390.5
5504,4109.6175
5505,7422.26
5506,4090.2
5507,3519.86
5508,6860.88
5509,2891.86
5510,6781.84
5511,5789.4
5512,6364.93
5513,7110.835
5514,4128.045
5515,7743.04
5516,5084.56
5517,4551.564833333334
5518,5080.18
5519,4215.09
5520,8789.4
5521,5643.8
5522,3598.39
5523,5410.72
5524,7462.97
5525,5845.373333333333
5526,5049.42
5527,7292.62
5528,5113.21
5529,5191.52
5530,5437.51
5531,8257.56
5532,4665.083333333333
5533,4418.16
5534,4704.74
5535,4315.65
5536,3292.11
5537,4642.47
5538,7145.87
5539,7563.9
5540,7777.28
5541,8799.65
5542,7192.2
5543,5021.265
5544,4540.28
5545,9991.18
5546,7919.51
5547,5864.45
5548,7416.75
5549,7973.17
5550,4857.56
5551,3328.94
5552,9648.77
5553,3366.02
5554,5595.06
5555,5118.27
5556,3610.18
5557,8786.7
5558,5480.98
5559,5342.31
5560,4807.3
5561,5120.5
5562,5789.97
5563,5653.31
5564,6308.44
5565,3973.31
5566,4079.7
5567,2994.026666666666
5568,2748.88
5569,6090.74
5570,16037.89
5571,4369.38
5572,5100.508333333333
5573,6120.14
5574,4611.96
5575,4672.07
5576,4308.26
5577,3691.35
5578,6984.58
5579,6103.96
5580,3776.66
5581,6803.458333333334
5582,3961.29
5583,4302.08
5584,7640.98
5585,7674.77
5586,8147.78
5587,4009.74
5588,5080.99
5589,3851.53
5590,4487.3
5591,11344.78
5592,7723.7
5593,6040.99
5594,3750.34
5595,4233.7
5596,5510.9
5597,3658.54
5598,7883.11
5599,4321.81
5600,5099.67
5601,6675.48
5602,4372.28
5603,5189.45
5604,5151.8
5605,7402.42
5606,6360.6
5607,4857.79
5608,7001.08
5609,5685.17
5610,7628.62
5611,7559.08
5612,6006.17
5613,3379.09
5614,6288.22
5615,5196.91
5616,4284.0
5617,6715.62
5618,6657.27
5619,5886.66
5620,5602.6
5621,5602.61
5622,6807.39
5623,4823.9
5624,5326.55
5625,7090.88
5626,4177.7
5627,7807.9
5628,6085.84
5629,4343.55
5630,9552.42
5631,4346.22
5632,2778.52
5633,7078.43
5634,9014.45
5635,7352.9625
5636,4125.71
5637,5021.23
5638,5694.54
5639,6066.339
5640,5195.93
5641,7377.43
5642,2580.67
5643,5152.32
5644,5101.28
5645,4402.92
5646,4022.05
5647,5971.33
5648,6150.295
5649,4852.34
5650,7070.36
5651,5620.5
5652,7454.3
5653,4765.01
5654,5148.68
5655,5079.81
5656,6089.53
5657,8061.7
5658,3342.24
5659,7155.0
5660,6301.29
5661,6041.88
5662,4088.31
5663,3086.87
5664,5130.53
5665,4968.73
5666,7113.05
5667,6322.22
5668,4342.485833333333
5669,6775.04
5670,5126.48
5671,4680.246666666667
5672,6064.65
5673,4419.35
5674,6569.5
5675,8659.24
5676,6298.456666666666
5677,4021.68
5678,4197.12
5679,3766.99
5680,2812.11
5681,6971.19
5682,4999.57
5683,8493.2
5684,3812.24
5685,6601.25
5686,5823.7
5687,8784.68
5688,4779.95
5689,5226.9
5690,3961.4066666666668
5691,6336.46
5692,4946.99
5693,6493.1
5694,7062.7
5695,8770.801666666666
5696,6250.37
5697,5860.54
5698,5383.42
5699,3785.66
5700,4970.745833333333
5701,9284.82
5702,7430.22
5703,5983.688
5704,15440.85
5705,4854.23
5706,4148.93
5707,4880.16
5708,7861.9
5709,8215.76
5710,5698.9
5711,6107.63
5712,6454.12
5713,9389.52
5714,5285.55
5715,5018.36
5716,4040.2
5717,4624.48
5718,3110.59
5719,4270.04
5720,7295.75
5721,13286.41
5722,4739.53
5723,3935.48
5724,6431.51
5725,3372.465
5726,5557.19
5727,3613.15
5728,7278.04
5729,4897.72
5730,5534.58
5731,11053.82
5732,12270.84
5733,5817.08
5734,6055.34
5735,3056.285
5736,5215.29
5737,4481.59
5738,7850.69
5739,4292.67
5740,3880.93
5741,5252.35
5742,4971.53
5743,6566.9
5744,6026.7
5745,3852.31
5746,6399.47
5747,6792.34
5748,6027.12
5749,3684.01
5750,3307.586666666667
5751,6620.67
5752,4278.23
5753,8518.08
5754,3840.69
5755,4274.91
5756,5772.6
5757,4665.008333333334
5758,3554.02
5759,4997.75
5760,5001.65
5761,8103.63
5762,7635.87
5763,5416.71
5764,3722.75
5765,4564.91
5766,5970.0
5767,4292.843333333334
5768,4515.04
5769,5485.715
5770,9420.33
5771,5871.86
5772,5497.75
5773,6334.75
5774,3812.85
5775,8165.66
5776,4158.182
5777,10366.58
5778,5348.39
5779,4506.66
5780,7112.64
5781,3620.14
5782,6113.23
5783,20740.61
5784,3637.16
5785,4069.2
5786,8476.53
5787,5675.32
5788,7203.01
5789,6981.745
5790,5224.26
5791,4609.79
5792,4276.98
5793,7502.108
5794,4443.19
5795,5845.06
5796,6406.49
5797,7635.9
5798,6420.11
5799,5741.52
5800,3233.31
5801,7361.23
5802,8936.97
5803,3345.19
5804,5848.89
5805,5804.093333333332
5806,4355.3
5807,8116.71
5808,5441.07
5809,6433.37
5810,4472.58
5811,4254.0
5812,5827.62
5813,2984.0
5814,5667.25
5815,3583.19
5816,6554.91
5817,4327.19
5818,4242.14
5819,5515.23
5820,6063.02
5821,5422.69
5822,7320.03
5823,4281.38
5824,6384.31
5825,4944.98
5826,7120.28
5827,7413.7
5828,5862.03
5829,3220.75
5830,5627.33
5831,5869.45
5832,3645.48
5833,11543.92
5834,5224.46
5835,6043.94
5836,8535.85
5837,5465.2
5838,3362.62
5839,7729.26
5840,8236.26
5841,5261.72
5842,6066.765
5843,8431.16
5844,5364.4
5845,5259.1
5846,6862.74
5847,4380.15
5848,5887.46
5849,6661.45
5850,4274.52
5851,5589.37
5852,6644.47
5853,4741.62
5854,5851.24
5855,5028.22
5856,5548.59
5857,3360.37
5858,6450.18
5859,6233.11
5860,5313.97
5861,5735.98
5862,5322.67
5863,7577.44
5864,5206.16
5865,4453.09
5866,4893.5825
5867,6037.0
5868,6049.088333333332
5869,4340.81
5870,3726.83
5871,6126.97
5872,6146.75
5873,4496.77
5874,6451.801666666667
5875,6546.41
5876,5191.77
5877,4240.93
5878,3245.61
5879,5318.886666666666
5880,5800.053333333333
5881,5333.34
5882,6795.24
5883,6905.48
5884,4701.04
5885,7252.19
5886,2985.45
5887,2603.5
5888,6295.778333333333
5889,9514.45
5890,6761.03
5891,5304.6
5892,3303.07
5893,6023.98
5894,7043.4
5895,4456.12
5896,7291.13
5897,4569.2525
5898,4944.1
5899,4686.94
5900,4746.6
5901,4991.14
5902,4012.45
5903,4268.51
5904,3152.91
5905,6158.61
5906,6173.48
5907,3662.98
5908,5373.97
5909,6337.88
5910,4691.76
5911,5173.92
5912,8150.59
5913,7132.18
5914,6019.95
5915,3537.98
5916,12039.39
5917,5569.59
5918,3756.37
5919,6883.96
5920,6163.73
5921,5568.444666666666
5922,5529.22
5923,6061.13
5924,8275.55
5925,10848.69
5926,3703.21
5927,3560.05
5928,4215.76
5929,5303.096
5930,5398.92
5931,6462.51
5932,7907.17
5933,5022.06
5934,3603.33
5935,5091.56
5936,7259.87
5937,4147.18
5938,6178.19
5939,3396.92
5940,6964.41
5941,6244.1
5942,6266.08
5943,6677.34
5944,5343.57
5945,2437.85
5946,6118.17
5947,6574.18
5948,7375.28
5949,6215.35
5950,6517.45
5951,5458.86
5952,3765.1925
5953,8341.42
5954,3392.93
5955,9899.9935
5956,5564.28
5957,3923.7
5958,5564.31
5959,5490.6
5960,5979.6
5961,6508.86
5962,3151.63
5963,4284.58
5964,4918.52
5965,6538.41
5966,7707.79
5967,4191.42
5968,4437.323333333333
5969,4668.14
5970,6032.64
5971,4474.14
5972,9272.57
5973,6852.9
5974,10488.94
5975,3941.39
5976,4598.695
5977,14264.95
5978,6841.66
5979,4208.78
5980,8703.41
5981,6064.76
5982,4877.19
5983,4646.67
5984,3874.31
5985,4509.69
5986,4679.91
5987,4397.47
5988,4348.61
5989,7445.37
5990,5321.378333333334
5991,18936.64
5992,5256.26
5993,3446.39
5994,5371.48
5995,7593.5
5996,4959.26
5997,5377.04
5998,4729.44
5999,6778.59
6000,5566.92
6001,3054.56
6002,4709.59
6003,5465.81
6004,6418.17
6005,5844.08
6006,8060.78
6007,3799.38
6008,3579.19
6009,4183.95
6010,7198.54
6011,8502.57
6012,7221.47
6013,5527.8
6014,3647.05
6015,4554.01
6016,3105.69
6017,6676.23
6018,7642.42
6019,7917.9
6020,4016.54
6021,3662.21
6022,4121.56
6023,3993.39
6024,7813.32
6025,5436.73
6026,4180.94
6027,3584.83
6028,6386.33
6029,2998.75
6030,5638.25
6031,3241.06
6032,5453.42
6033,5744.27
6034,4315.14
6035,6635.68
6036,5297.94
6037,4405.84
6038,5568.39
6039,5145.5
6040,8718.59
6041,4732.91
6042,6057.06
6043,6127.57
6044,7459.9975
6045,5380.06
6046,6789.45
6047,4458.11
6048,4049.45
6049,5109.77
6050,4936.42
6051,8162.36
6052,6219.67
6053,3909.55
6054,5814.04
6055,6547.33
6056,6890.66
6057,2885.9
6058,10422.18
6059,3430.34
6060,4841.2
6061,7014.72
6062,4624.49
6063,4391.09
6064,4468.82
6065,5798.7
6066,4203.76
6067,4126.84
6068,6126.09
6069,6043.57
6070,5004.46
6071,3635.3
6072,5985.98
6073,8875.72
6074,5584.94
6075,3918.17
6076,5743.34
6077,5463.47
6078,4973.43
6079,6686.81
6080,3286.4
6081,5801.26
6082,4621.65
6083,4848.83
6084,6499.05
6085,3757.48
6086,4316.14
6087,3631.17
6088,5654.17
6089,7433.1
6090,4363.95
6091,3706.28
6092,3973.21
6093,4420.13
6094,4032.22
6095,5970.39
6096,4968.46
6097,6388.86
6098,4115.01
6099,3994.42
6100,4839.88
6101,7351.19
6102,6274.34
6103,6417.52
6104,5880.21
6105,4618.57
6106,6812.42
6107,4026.82
6108,4766.99
6109,7420.03
6110,4654.18
6111,7955.2
6112,5898.21
6113,5741.34
6114,4915.72
6115,6080.08
6116,5694.35
6117,4753.75
6118,3336.36
6119,4519.07
6120,5867.56
6121,4896.74
6122,3751.2
6123,6255.43
6124,4886.55
6125,4578.62
6126,4161.0
6127,4450.5
6128,5064.08
6129,5454.3
6130,5029.64
6131,4204.27
6132,4009.37
6133,5016.03
6134,2716.75
6135,5236.74
6136,3304.56
6137,6987.59
6138,6086.05
6139,5355.09
6140,7750.24
6141,3237.76
6142,4067.89
6143,7969.81
6144,4767.23
6145,6707.78
6146,6599.65
6147,4326.76
6148,5131.33
6149,7015.02
6150,6358.65
6151,8479.91
6152,5330.65
6153,2492.54
6154,3941.92
6155,6512.17
6156,6632.27
6157,4014.52
6158,5495.585
6159,4010.72
6160,4603.09
6161,2728.55
6162,3812.79
6163,4841.56
6164,5493.71
6165,5708.48
6166,1627.62
6167,6615.31
6168,6930.98
6169,6747.64
6170,3442.04
6171,7333.9
6172,7497.07
6173,4616.52
6174,6589.46
6175,3803.94
6176,5428.04
6177,2977.17
6178,5727.94
6179,3633.84
6180,7952.57
6181,6332.77
6182,7022.05
6183,6624.13
6184,4528.14
6185,6207.57
6186,16377.05
6187,8376.56
6188,4269.98
6189,2150.54
6190,4874.62
6191,6929.52
6192,4964.61
6193,10971.93
6194,16148.66
6195,3065.89
6196,3602.24
6197,7872.56
6198,3502.27
6199,6694.44
6200,4816.49
6201,5604.93
6202,3359.67
6203,5124.27
6204,4729.01
6205,6353.8
6206,4520.53
6207,5267.46
6208,4684.69
6209,5277.43
6210,3236.82
6211,3592.32
6212,6166.98
6213,4580.75
6214,4636.8
6215,5425.77
6216,4637.49
6217,4646.86
6218,6063.08
6219,5403.89
6220,8433.73
6221,5801.66
6222,6258.32
6223,4866.59
6224,2772.69
6225,4935.97
6226,5569.13
6227,4505.32
6228,4094.11
6229,6306.24
6230,5601.73
6231,7236.22
6232,5748.42
6233,4748.45
6234,4329.61
6235,3971.68
6236,7205.71
6237,3902.39
6238,6538.05
6239,12300.85
6240,6302.03
6241,6830.19
6242,3756.58
6243,3936.67
6244,5493.36
6245,2913.36
6246,4754.09
6247,8437.13
6248,4460.76
6249,11564.08
6250,10458.9
6251,4025.17
6252,5595.99
6253,5466.2
6254,4666.25
6255,4471.33
6256,8699.54
6257,5991.86
6258,6759.14
6259,3719.18
6260,5970.87
6261,4294.17
6262,6281.34
6263,5094.61
6264,4918.34
6265,5566.26
6266,5102.13
6267,6164.11
6268,8076.42
6269,4911.9
6270,7943.73
6271,5618.5
6272,7442.15
6273,4782.56
6274,3628.7
6275,3971.52
6276,6401.37
6277,5010.83
6278,6090.44
6279,5301.88
6280,6649.46
6281,3858.53
6282,6753.48
6283,5745.59
6284,3226.74
6285,10339.48
6286,15340.87
6287,4920.01
6288,5218.58
6289,7075.21
6290,8131.63
6291,9153.59
6292,4420.21
6293,5924.04
6294,4562.79
6295,6370.35
6296,3570.42
6297,4449.96
6298,3929.38
6299,4616.01
6300,5936.26
6301,3899.38
6302,3317.99
6303,5517.7
6304,3092.89
6305,3043.66
6306,4246.26
6307,4707.84
6308,7142.94
6309,5855.52
6310,5100.8
6311,5197.2
6312,5489.44
6313,9133.85
6314,5751.25
6315,3948.03
6316,3086.31
6317,7296.37
6318,3811.753333333333
6319,5624.02
6320,2914.52
6321,4049.55
6322,5653.98
6323,4402.57
6324,4432.13
6325,6375.87
6326,7593.85
6327,10262.48
6328,5212.89
6329,8200.36
6330,2584.89
6331,4241.82
6332,4728.34
6333,2688.9
6334,6348.09
6335,3859.5
6336,4345.49
6337,7237.32
6338,9025.33
6339,8019.03
6340,4015.85
6341,3538.47
6342,7560.84
6343,6672.89
6344,4724.55
6345,3630.31
6346,4936.04
6347,7346.07
6348,3775.68
6349,4732.21
6350,6373.09
6351,6230.05
6352,10897.43
6353,4187.3
6354,13205.68
6355,5057.53
6356,4268.43
6357,2898.15
6358,5026.6
6359,4950.77
6360,4228.5
6361,5932.89
6362,3745.54
6363,3736.96
6364,5176.71
6365,2716.8
6366,6599.44
6367,5422.6
6368,6579.36
6369,6542.97
6370,3582.15
6371,7567.38
6372,5237.21
6373,4356.95
6374,4376.46
6375,3792.89
6376,8178.36
6377,5820.13
6378,3226.43
6379,5059.87
6380,6697.17
6381,5370.1
6382,4622.7
6383,6389.36
6384,4863.83
6385,4944.84
6386,4552.65
6387,7267.95
6388,4768.043333333333
6389,4547.3
6390,3788.53
6391,3585.86
6392,3105.23
6393,4280.58
6394,6377.22
6395,7357.91
6396,6804.17
6397,8362.436666666666
6398,6320.49
6399,4826.11
6400,4411.54
6401,9546.57
6402,7599.1
6403,5247.24
6404,7180.16
6405,6318.01
6406,4660.93
6407,3294.44
6408,9447.34
6409,3096.19
6410,5104.89
6411,4983.0
6412,3469.2
6413,8873.68
6414,5242.11
6415,5638.54
6416,3826.04
6417,4913.52
6418,5594.08
6419,5376.48
6420,5973.7
6421,4170.96
6422,3926.37
6423,3089.81
6424,2580.62
6425,5480.12
6426,15688.65
6427,4465.08
6428,4153.7
6429,5602.9
6430,3803.83
6431,4461.9
6432,4128.07
6433,3456.48
6434,6123.08
6435,5630.07
6436,3658.4
6437,6835.35
6438,4008.8
6439,4113.96
6440,6931.28
6441,6785.91
6442,8024.79
6443,3974.65
6444,5807.66
6445,3750.07
6446,4237.93
6447,11108.31
6448,7661.14
6449,5609.04
6450,4129.26
6451,3728.49
6452,5030.19
6453,4606.88
6454,8985.81
6455,4132.39
6456,4594.15
6457,5117.23
6458,3768.43
6459,5613.38
6460,5380.1
6461,6260.52
6462,5479.33
6463,4828.31
6464,6921.86
6465,5368.02
6466,7195.77
6467,7333.62
6468,5241.53
6469,3160.02
6470,5677.55
6471,4783.15
6472,3819.08
6473,5628.64
6474,6171.98
6475,4947.2
6476,5485.53
6477,5275.53
6478,6559.4
6479,4658.3
6480,5495.6
6481,4737.65
6482,3856.91
6483,7683.05
6484,5234.17
6485,4277.48
6486,9076.1
6487,4546.3
6488,2792.79
6489,6258.89
6490,7484.61
6491,7340.49
6492,3957.1
6493,4275.61
6494,5006.27
6495,5800.15
6496,4609.26
6497,6447.03
6498,2776.57
6499,4639.87
6500,5216.42
6501,4140.89
6502,3782.97
6503,6097.78
6504,5647.35
6505,4836.05
6506,6696.18
6507,4578.9766666666665
6508,6984.97
6509,4290.51
6510,4825.49
6511,4648.32
6512,6287.58
6513,6449.93
6514,4254.81
6515,6793.85
6516,6404.1
6517,5950.51
6518,3465.88
6519,3090.91
6520,4680.83
6521,4516.95
6522,6528.3
6523,5589.5
6524,4467.07
6525,6233.81
6526,5133.76
6527,4654.12
6528,5956.81
6529,4409.91
6530,6394.11
6531,8093.87
6532,5829.24
6533,3602.7
6534,4116.43
6535,3247.77
6536,2737.51
6537,6164.63
6538,4123.65
6539,6821.45
6540,3340.6
6541,5799.96
6542,5108.77
6543,8385.26
6544,3949.83
6545,4174.5
6546,3730.22
6547,6576.96
6548,3954.45
6549,5904.74
6550,6312.99
6551,8010.19
6552,6007.12
6553,6028.76
6554,4647.85
6555,3963.33
6556,4062.18
6557,8347.17
6558,7080.68
6559,6107.18
6560,13960.67
6561,4300.93
6562,4271.39
6563,4589.35
6564,6857.49
6565,7019.36
6566,4879.36
6567,6508.81
6568,5806.4
6569,8739.09
6570,5250.1
6571,4198.03
6572,4103.6
6573,3764.56
6574,3060.96
6575,3624.37
6576,6871.22
6577,12421.01
6578,4830.27
6579,4141.11
6580,5496.02
6581,2865.03
6582,4690.72
6583,3417.83
6584,7434.08
6585,4817.66
6586,5153.11
6587,10378.94
6588,9641.66
6589,5516.29
6590,5438.58
6591,3018.24
6592,4702.07
6593,4637.25
6594,7770.98
6595,4049.66
6596,3627.43
6597,5277.72
6598,4595.4
6599,5947.36
6600,5261.74
6601,3932.98
6602,5897.78
6603,6075.81
6604,5429.83
6605,3619.62
6606,2860.88
6607,6160.22
6608,3500.45
6609,7731.49
6610,3584.63
6611,4042.11
6612,4940.82
6613,4721.24
6614,3249.71
6615,4648.61
6616,4897.53
6617,7618.84
6618,6843.67
6619,5044.38
6620,3366.72
6621,4690.62
6622,5406.67
6623,3889.16
6624,4385.85
6625,5158.7
6626,8791.53
6627,5337.57
6628,5030.72
6629,6196.68
6630,3744.03
6631,7615.0
6632,4458.99
6633,10057.15
6634,4618.19
6635,4594.52
6636,2616.82
6637,3418.96
6638,6144.94
6639,15932.25
6640,3381.86
6641,3441.41
6642,7604.67
6643,5411.69
6644,5775.92
6645,6799.46
6646,4763.27
6647,4058.46
6648,4177.99
6649,7911.31
6650,4512.25
6651,5789.47
6652,6078.03
6653,2558.06
6654,5756.46
6655,4570.38
6656,3000.52
6657,7331.93
6658,7042.59
6659,3651.61
6660,5811.05
6661,5054.85
6662,3830.34
6663,7215.33
6664,5247.6
6665,6315.13
6666,3922.84
6667,3621.05
6668,5627.34
6669,2733.4
6670,5701.76
6671,3206.59
6672,5814.71
6673,4078.23
6674,3912.31
6675,5638.49
6676,5294.62
6677,4925.92
6678,6392.92
6679,3927.88
6680,6296.68
6681,5097.98
6682,5839.59
6683,6912.95
6684,5836.76
6685,2516.76
6686,5033.54
6687,5812.29
6688,3582.92
6689,8919.53
6690,4520.11
6691,5078.05
6692,8135.12
6693,5606.95
6694,3054.75
6695,7311.71
6696,7953.97
6697,4684.2
6698,5839.14
6699,8559.28
6700,4375.08
6701,4930.38
6702,5151.5
6703,4244.78
6704,5621.0
6705,5285.79
6706,4108.26
6707,4834.13
6708,5237.18
6709,4989.44
6710,5514.0
6711,4780.82
6712,5105.91
6713,3754.94
6714,5970.24
6715,5052.44
6716,4883.63
6717,5779.87
6718,5026.34
6719,7445.43
6720,4356.77
6721,4189.96
6722,4544.37
6723,5833.08
6724,5955.39
6725,3980.77
6726,3317.77
6727,6312.99
6728,6084.836666666667
6729,4169.85
6730,5957.43
6731,5646.14
6732,4972.55
6733,3798.97
6734,3388.93
6735,5144.41
6736,5196.88
6737,4795.44
6738,7320.59
6739,6447.32
6740,4096.49
6741,7333.22
6742,3343.91
6743,2887.52
6744,6414.77
6745,8983.82
6746,6486.57
6747,5115.05
6748,3495.85
6749,5446.71
6750,6794.46
6751,4065.18
6752,6180.74
6753,4396.06
6754,4729.78
6755,4212.09
6756,4095.05
6757,4824.67
6758,3237.83
6759,3454.64
6760,3231.78
6761,5694.38
6762,5371.7
6763,3133.65
6764,5336.22
6765,5204.21
6766,4103.2
6767,5211.68
6768,6193.74
6769,6155.41
6770,6184.03
6771,3573.83
6772,10101.65
6773,5025.82
6774,3776.95
6775,6235.95
6776,5766.22
6777,5477.14
6778,4568.59
6779,5973.3
6780,6828.37
6781,9286.87
6782,3530.74
6783,3464.02
6784,4168.53
6785,5813.24
6786,4696.37
6787,6245.8
6788,7279.65
6789,4858.89
6790,3886.92
6791,4983.125
6792,7507.83
6793,3385.09
6794,5082.13
6795,3462.35
6796,5807.01
6797,6329.54
6798,5937.29
6799,6732.51
6800,5175.24
6801,2610.33
6802,5194.34
6803,5673.98
6804,6518.19
6805,6094.68
6806,6263.29
6807,4911.41
6808,3331.94
6809,7480.52
6810,3519.96
6811,9483.28
6812,4853.19
6813,3302.21
6814,5637.41
6815,5258.07
6816,5612.64
6817,6408.07
6818,3006.16
6819,3798.6
6820,5256.48
6821,6281.73
6822,7512.03
6823,3749.32
6824,4628.31
6825,4543.28
6826,5067.82
6827,4328.21
6828,7901.2
6829,6273.75
6830,8751.02
6831,3328.75
6832,4265.98
6833,12953.23
6834,7272.14
6835,3618.82
6836,8012.68
6837,5851.91
6838,3857.92
6839,4164.14
6840,3464.93
6841,4494.0
6842,4486.07
6843,3878.34
6844,3797.32
6845,7089.29
6846,6077.5233333333335
6847,17313.35
6848,5406.01
6849,3475.47
6850,5299.51
6851,7537.52
6852,4278.03
6853,5357.6
6854,4753.84
6855,6861.54
6856,6011.91
6857,2940.99
6858,4665.58
6859,5125.91
6860,6641.43
6861,5766.605
6862,7584.0
6863,3737.48
6864,3280.12
6865,3889.43
6866,7476.06
6867,8227.29
6868,7248.5
6869,5723.87
6870,3335.5
6871,4435.04
6872,3359.14
6873,6215.25
6874,7569.4
6875,8037.78
6876,4012.32
6877,3866.23
6878,3809.57
6879,3722.42
6880,8699.32
6881,5398.23
6882,3592.64
6883,3511.42
6884,6356.89
6885,2970.72
6886,5604.09
6887,3137.64
6888,5012.45
6889,5218.88
6890,4266.86
6891,6242.1
6892,5183.65
6893,4335.73
6894,5495.28
6895,4872.45
6896,8429.4
6897,4217.08
6898,6029.75
6899,6229.97
6900,7410.34
6901,5230.1
6902,6138.55
6903,4215.22
6904,3994.86
6905,5351.23
6906,4585.08
6907,7972.06
6908,6278.95
6909,4140.07
6910,4619.48
6911,6383.82
6912,5951.14
6913,3155.71
6914,10743.31
6915,3283.71
6916,5169.78
6917,6789.95
6918,5221.65
6919,4400.3
6920,4822.8
6921,5440.96
6922,3806.09
6923,4104.08
6924,5439.74
6925,6018.94
6926,5026.05
6927,3979.9266666666667
6928,5852.24
6929,9430.5
6930,5546.54
6931,4136.02
6932,5404.95
6933,5530.85
6934,5307.96
6935,7094.1
6936,3371.77
6937,5902.93
6938,4675.89
6939,4688.0
6940,6506.46
6941,3875.34
6942,4292.85
6943,3644.94
6944,6341.32
6945,7275.77
6946,4509.57
6947,3589.63
6948,4090.14
6949,4344.49
6950,3813.56
6951,6010.38
6952,5301.28
6953,6679.04
6954,3862.1679999999997
6955,4067.12
6956,4635.24
6957,6572.29
6958,6418.01
6959,6402.49
6960,6464.67
6961,4456.41
6962,6553.37
6963,4512.45
6964,4793.43
6965,7333.37
6966,4616.57
6967,7753.31
6968,6732.94
6969,5558.5
6970,4839.09
6971,6311.35
6972,5834.2
6973,4639.86
6974,3310.1
6975,4726.4
6976,6032.67
6977,4560.14
6978,3974.49
6979,6396.31
6980,4994.81
6981,4528.94
6982,4121.48
6983,4395.29
6984,5217.51
6985,5455.41
6986,4885.15
6987,4234.82
6988,4277.01
6989,5052.83
6990,2728.58
6991,4789.94
6992,3351.9
6993,6654.4
6994,6063.23
6995,5323.64
6996,7963.26
6997,4253.56
6998,4085.89
6999,8652.19
7000,5323.6
7001,6061.18
7002,6612.86
7003,3546.9
7004,4791.88
7005,6973.75
7006,5845.34
7007,8593.84
7008,5048.89
7009,2443.81
7010,4287.95
7011,6379.15
7012,6627.09
7013,4087.08
7014,5616.8
7015,3706.84
7016,4197.09
7017,2799.99
7018,3836.77
7019,4671.38
7020,5315.17
7021,5904.86
7022,3248.31
7023,6409.21
7024,6482.61
7025,6396.46
7026,3244.39
7027,7490.43
7028,7903.82
7029,4531.8
7030,6023.63
7031,3773.44
7032,5333.83
7033,2872.41
7034,5617.78
7035,3747.53
7036,8194.61
7037,5727.5
7038,6690.21
7039,6671.45
7040,4321.34
7041,5908.11
7042,15965.88
7043,8084.98
7044,4214.94
7045,2327.9
7046,4856.9
7047,6319.3
7048,4883.26
7049,10874.01
7050,16231.74
7051,3291.88
7052,3637.73
7053,6371.93
7054,3990.04
7055,6869.48
7056,4812.96
7057,5304.88
7058,0.0
7059,5295.09
7060,4702.348
7061,6165.77
7062,5140.28
7063,4603.19
7064,4465.81
7065,5293.54
7066,3309.82
7067,4026.81
7068,6287.06
7069,3880.51
7070,4468.55
7071,5525.46
7072,4490.74
7073,4683.56
7074,5722.57
7075,5335.51
7076,8702.54
7077,5839.8
7078,5971.11
7079,4659.47
7080,2775.09
7081,4949.34
7082,5782.77
7083,4388.44
7084,3991.87
7085,6588.08
7086,5130.3
7087,7705.6
7088,6143.06
7089,4094.97
7090,3897.58
7091,3920.0
7092,6696.99
7093,3913.36
7094,6375.05
7095,11996.18
7096,6521.41
7097,4876.54
7098,3587.29
7099,3875.66
7100,5616.35
7101,3041.54
7102,4855.07
7103,8185.16
7104,4317.81
7105,11590.02
7106,10435.0
7107,4211.62
7108,5786.79
7109,5614.11
7110,4713.58
7111,4412.02
7112,8479.84
7113,5464.42
7114,6297.15
7115,3283.87
7116,5954.84
7117,3923.82
7118,5995.42
7119,4469.06
7120,4605.12
7121,5077.28
7122,4955.6466666666665
7123,6194.84
7124,7757.52
7125,4452.06
7126,8079.26
7127,5443.28
7128,7800.24
7129,5275.18
7130,3396.59
7131,4033.86
7132,6379.37
7133,4925.52
7134,5400.07
7135,5305.58
7136,6500.9
7137,3860.96
7138,6175.65
7139,5067.51
7140,3309.13
7141,10520.86
7142,14714.5
7143,4918.4
7144,5088.97
7145,7213.81
7146,8334.9
7147,8910.22
7148,4217.38
7149,5923.61
7150,4385.89
7151,6297.53
7152,3465.37
7153,3904.59
7154,4153.55
7155,4543.25
7156,6271.6
7157,4202.005
7158,3272.62
7159,5477.76
7160,3095.65
7161,3459.58
7162,4662.82
7163,5094.76
7164,7119.81
7165,5692.79
7166,4961.89
7167,5457.23
7168,5158.66
7169,8848.79
7170,5975.71
7171,3885.0
7172,3300.59
7173,6706.87
7174,3896.11
7175,5791.92
7176,2671.98
7177,4190.6
7178,5315.43
7179,4432.44
7180,4008.16
7181,6355.46
7182,7414.61
7183,9906.01
7184,5119.5
7185,8184.81
7186,2590.76
7187,4560.19
7188,5000.2
7189,2900.41
7190,6448.71
7191,4066.12
7192,4353.5
7193,7252.73
7194,9065.14
7195,6531.95
7196,4118.3
7197,3562.66
7198,8465.16
7199,6934.84
7200,4710.65
7201,3413.04
7202,5107.01
7203,6667.51
7204,3558.3
7205,4683.52
7206,6379.72
7207,6564.03
7208,9675.79
7209,4303.01
7210,13558.99
7211,4413.55
7212,4086.68
7213,2307.75
7214,4924.12
7215,4570.76
7216,4301.38
7217,5709.58
7218,3675.83
7219,3118.85
7220,4970.82
7221,2808.23
7222,6540.52
7223,5242.39
7224,6386.26
7225,6714.59
7226,3377.1133333333332
7227,7971.0
7228,5476.29
7229,4393.191
7230,5295.72
7231,4713.97
7232,8204.83
7233,5649.25
7234,3405.46
7235,5406.26
7236,6124.9
7237,5033.94
7238,4636.86
7239,6625.58
7240,4904.22
7241,4789.29
7242,4545.4
7243,7102.18
7244,4437.39
7245,4424.71
7246,3557.56
7247,3636.66
7248,3289.36
7249,3969.14
7250,6001.46
7251,7047.43
7252,6712.15
7253,8086.28
7254,6078.33
7255,5360.09
7256,4458.5
7257,9516.55
7258,7515.16
7259,5253.05
7260,6783.0
7261,6254.89
7262,4759.62
7263,3184.7
7264,9813.84
7265,3105.64
7266,5321.97
7267,4876.35
7268,3586.18
7269,8576.0
7270,5132.07
7271,5764.09
7272,4371.82
7273,5327.29
7274,5515.35
7275,5223.92
7276,5474.25
7277,4164.61
7278,3821.54
7279,3743.82
7280,2464.93
7281,5832.09
7282,15610.06
7283,4293.76
7284,4432.67
7285,5877.23
7286,3917.3
7287,4237.57
7288,4226.68
7289,3348.51
7290,5698.51
7291,5025.9
7292,3448.68
7293,6422.21
7294,4102.83
7295,3969.13
7296,6786.4
7297,6973.67
7298,7874.14
7299,3941.6
7300,5375.46
7301,3905.32
7302,4196.58
7303,11429.12
7304,7327.81
7305,5721.0
7306,4357.73
7307,3219.08
7308,4514.32
7309,3758.48
7310,7495.11
7311,4202.25
7312,4701.47
7313,5017.63
7314,3651.56
7315,5185.82
7316,5381.5
7317,6224.63
7318,5234.38
7319,4641.98
7320,6804.0
7321,5026.37
7322,7224.15
7323,6903.95
7324,5340.67
7325,3140.2
7326,5450.41
7327,4682.22
7328,3670.51
7329,5457.86
7330,5862.65
7331,4991.09
7332,5270.97
7333,5490.54
7334,6415.82
7335,4855.78
7336,5285.05
7337,4796.54
7338,3677.48
7339,6926.2
7340,5143.38
7341,3916.2
7342,8632.62
7343,4232.23
7344,2934.33
7345,6278.44
7346,7449.21
7347,7145.82
7348,3969.18
7349,4188.29
7350,5180.07
7351,6377.96
7352,4623.47
7353,6231.07
7354,2778.31
7355,4783.46
7356,4931.78
7357,4443.76
7358,3690.64
7359,6499.24
7360,6212.13
7361,4903.49
7362,6675.97
7363,4614.216666666666
7364,6891.02
7365,4445.24
7366,5145.58
7367,4560.62
7368,6070.46
7369,6672.22
7370,2933.11
7371,6824.53
7372,6437.98
7373,5782.05
7374,3835.5
7375,3064.44
7376,4671.43
7377,4410.32
7378,6775.81
7379,5323.55
7380,4202.68
7381,5882.36
7382,4746.95
7383,4013.11
7384,5959.04
7385,4103.17
7386,6651.02
7387,7748.94
7388,5974.83
7389,3499.4
7390,4021.66
7391,3254.01
7392,2780.26
7393,6049.2
7394,4145.9
7395,6834.91
7396,3257.04
7397,5740.82
7398,5006.6
7399,9177.2
7400,3630.04
7401,4181.98
7402,3683.83
7403,6581.58
7404,4102.03
7405,6190.15
7406,6093.5
7407,8233.51
7408,5748.79
7409,5887.69
7410,4600.06
7411,3757.12
7412,3537.68
7413,8048.74
7414,7354.85
7415,6051.94
7416,13547.47
7417,4200.135
7418,3977.67
7419,4671.66
7420,6439.76
7421,6947.65
7422,4845.75
7423,6000.17
7424,6256.84
7425,9037.96
7426,5204.04
7427,4156.22
7428,4031.36
7429,3836.83
7430,3327.02
7431,3663.1
7432,6288.2
7433,13232.12
7434,5027.055
7435,4054.83
7436,5485.87
7437,2909.025
7438,4611.08
7439,3092.69
7440,6867.35
7441,4148.57
7442,4992.88
7443,10394.56
7444,9796.71
7445,5370.75
7446,5381.98
7447,3147.91
7448,4673.28
7449,4596.5
7450,7783.83
7451,4068.14
7452,3371.52
7453,5164.25
7454,4840.5
7455,6236.29
7456,4732.39
7457,3695.5
7458,5903.67
7459,5843.15
7460,5281.48
7461,3416.55
7462,3190.87
7463,6082.79
7464,3731.57
7465,8102.43
7466,3203.82
7467,3783.44
7468,4910.8
7469,4462.09
7470,3285.11
7471,4695.91
7472,4849.82
7473,7983.62
7474,6891.13
7475,4977.84
7476,3436.5
7477,4606.07
7478,6086.68
7479,3915.28
7480,4189.99
7481,5003.03
7482,8960.04
7483,5330.27
7484,4580.78
7485,6651.18
7486,3732.2
7487,7416.38
7488,4067.94
7489,9709.74
7490,4647.17
7491,4357.48
7492,2635.8
7493,3150.36
7494,6047.6
7495,15464.13
7496,3355.87
7497,3233.44
7498,7473.62
7499,5635.93
7500,5757.17
7501,6464.47
7502,4677.44
7503,3981.68
7504,4047.96
7505,7724.100000000001
7506,4421.18
7507,5511.92
7508,6132.03
7509,2777.65
7510,5672.05
7511,4423.53
7512,3171.19
7513,6872.32
7514,6872.52
7515,3579.01
7516,5420.47
7517,4841.65
7518,3830.38
7519,7258.57
7520,4940.8
7521,5779.01
7522,3581.31
7523,3660.42
7524,5914.85
7525,2426.37
7526,5767.36
7527,3612.44
7528,5570.2
7529,4048.4
7530,3517.05
7531,5681.54
7532,5368.41
7533,4720.64
7534,5790.6
7535,3778.38
7536,6397.08
7537,5099.33
7538,6066.92
7539,7138.69
7540,5774.26
7541,2521.91
7542,5029.29
7543,5755.3
7544,4448.04
7545,8341.41
7546,4532.87
7547,4958.97
7548,8293.83
7549,4922.94
7550,3008.21
7551,7490.52
7552,7649.31
7553,4678.33
7554,5764.34
7555,7183.91
7556,4421.93
7557,4847.4
7558,5035.98
7559,4253.78
7560,5551.64
7561,5493.85
7562,3403.77
7563,5205.36
7564,5059.86
7565,5086.88
7566,5488.8
7567,4693.88
7568,5015.7
7569,3386.43
7570,5765.53
7571,5430.08
7572,4781.24
7573,5780.34
7574,5230.18
7575,7331.44
7576,3862.34
7577,4457.3
7578,4319.44
7579,5870.01
7580,6220.59
7581,4066.05
7582,3329.42
7583,6826.27
7584,5858.376666666667
7585,4496.0
7586,6403.78
7587,5482.84
7588,5536.12
7589,3908.94
7590,3286.78
7591,5322.66
7592,5262.14
7593,4344.18
7594,7388.86
7595,6936.25
7596,3953.79
7597,6418.01
7598,3308.91
7599,2743.89
7600,6377.01
7601,9503.76
7602,5918.28
7603,5244.61
7604,3418.16
7605,5322.88
7606,6800.35
7607,4233.41
7608,5804.0
7609,4285.05
7610,4607.54
7611,4326.91
7612,3855.66
7613,4835.95
7614,3225.13
7615,3375.77
7616,3387.32
7617,5893.19
7618,5239.11
7619,2880.95
7620,4995.07
7621,4984.81
7622,4102.8
7623,5160.47
7624,6124.95
7625,6163.32
7626,5907.83
7627,3668.68
7628,10485.87
7629,4805.93
7630,3649.3
7631,6307.41
7632,5907.07
7633,5377.74
7634,4406.39
7635,5869.41
7636,6822.97
7637,10242.74
7638,3687.71
7639,3349.98
7640,3735.04
7641,5485.03
7642,4506.29
7643,6375.33
7644,6813.19
7645,4845.48
7646,3112.24
7647,4937.61
7648,6806.22
7649,3736.56
7650,5031.84
7651,3482.03
7652,5625.96
7653,6352.29
7654,5836.72
7655,6838.95
7656,5211.36
7657,2312.91
7658,4994.45
7659,5404.92
7660,6390.58
7661,6046.73
7662,5868.91
7663,4732.79
7664,3416.61
7665,7596.46
7666,3547.38
7667,8656.49
7668,5091.38
7669,3409.88
7670,5455.97
7671,4909.15
7672,5752.79
7673,6523.51
7674,3222.44
7675,3753.43
7676,5258.32
7677,5907.47
7678,7330.78
7679,4440.72
7680,4706.27
7681,4311.87
7682,4914.15
7683,3844.44
7684,7576.09
7685,5794.89
7686,9656.19
7687,3456.17
7688,4413.57
7689,12772.24
7690,6818.51
7691,3512.58
7692,7814.45
7693,6052.64
7694,4081.47
7695,4056.0
7696,3467.19
7697,4633.11
7698,4649.81
7699,3982.86
7700,3780.23
7701,6284.16
7702,5630.6
7703,17573.09
7704,5566.01
7705,3600.9
7706,5746.65
7707,8061.5
7708,4527.4
7709,5476.81
7710,5017.18
7711,6549.82
7712,5587.23
7713,3234.9
7714,4564.95
7715,5313.66
7716,6921.735
7717,5692.68
7718,7787.65
7719,3719.04
7720,3722.01
7721,3443.27
7722,7158.28
7723,8824.0
7724,7613.36
7725,5625.29
7726,3687.69
7727,4469.99
7728,3417.27
7729,6629.55
7730,7578.31
7731,8006.78
7732,4231.64
7733,3793.24
7734,4134.85
7735,3843.15
7736,7855.42
7737,5489.06
7738,3391.42
7739,3763.95
7740,6646.02
7741,3484.67
7742,5432.92
7743,2999.33
7744,4955.73
7745,5179.51
7746,4294.85
7747,6127.11
7748,5362.55
7749,4241.83
7750,5866.78
7751,5123.59
7752,8036.53
7753,4682.75
7754,6095.94
7755,6147.71
7756,7620.83
7757,5267.96
7758,6400.47
7759,4246.79
7760,4474.07
7761,4956.69
7762,4958.69
7763,8030.39
7764,6378.8
7765,4244.765
7766,4767.05
7767,6433.14
7768,6210.35
7769,3365.02
7770,10577.4
7771,3389.41
7772,5373.94
7773,6901.15
7774,5264.88
7775,4315.31
7776,4968.01
7777,5349.53
7778,4030.3
7779,4585.33
7780,5661.9
7781,6234.1
7782,5270.87
7783,3837.2559999999994
7784,6013.19
7785,10412.62
7786,5382.33
7787,4023.15
7788,5139.43
7789,5565.98
7790,5337.12
7791,7556.66
7792,3466.24
7793,5744.43
7794,4678.42
7795,4817.62
7796,6756.5
7797,4022.58
7798,4300.86
7799,3626.1
7800,6370.13
7801,7534.53
7802,4608.94
7803,3686.36
7804,4415.85
7805,4426.69
7806,3901.29
7807,6254.15
7808,5693.94
7809,6972.22
7810,4087.23
7811,4052.51
7812,4527.09
7813,7535.63
7814,7385.99
7815,6248.7
7816,6374.39
7817,4561.71
7818,6295.99
7819,4652.07
7820,4935.75
7821,7103.41
7822,4996.24
7823,8223.83
7824,6278.34
7825,5891.73
7826,4835.02
7827,6144.93
7828,5926.43
7829,4543.54
7830,3428.36
7831,4609.11
7832,5966.29
7833,4534.6
7834,3748.68
7835,6497.71
7836,5072.8
7837,4617.95
7838,4387.74
7839,4223.98
7840,5389.62
7841,5423.05
7842,4903.34
7843,4324.58
7844,4307.07
7845,5102.12
7846,2980.18
7847,5635.27
7848,3216.62
7849,6594.62
7850,6645.38
7851,5704.92
7852,7862.3
7853,3863.075
7854,3669.263333333334
7855,8682.9
7856,5050.45
7857,5468.53
7858,6747.52
7859,3585.455
7860,4766.82
7861,7159.43
7862,6073.1
7863,8742.71
7864,5210.37
7865,2437.58
7866,3806.06
7867,6512.58
7868,6611.2
7869,4113.4
7870,6004.05
7871,3894.32
7872,4298.15
7873,2767.3
7874,4119.84
7875,4534.5
7876,4819.885
7877,6371.27
7878,3532.63
7879,6113.91
7880,6891.01
7881,6433.25
7882,3262.12
7883,7243.9
7884,7835.71
7885,4481.6
7886,6401.26
7887,3613.79
7888,5258.05
7889,2662.35
7890,6048.62
7891,3593.98
7892,8556.71
7893,5765.07
7894,6813.83
7895,6829.99
7896,4260.56
7897,5967.94
7898,15912.84
7899,7324.49
7900,4232.03
7901,2213.51
7902,4478.01
7903,6826.37
7904,4933.14
7905,10872.34
7906,16535.26
7907,3186.49
7908,3921.85
7909,6223.86
7910,3561.74
7911,6594.29
7912,4860.44
7913,5194.71
7914,0.0
7915,5742.48
7916,5056.24
7917,6459.59
7918,5083.515
7919,4443.83
7920,4414.84
7921,5510.34
7922,3383.38
7923,4237.49
7924,6444.34
7925,4102.75
7926,4377.8
7927,5983.09
7928,5215.24
7929,4237.65
7930,5760.43
7931,5460.45
7932,8655.99
7933,6260.33
7934,6671.1
7935,4724.4
7936,2613.57
7937,4794.06
7938,6121.94
7939,4327.73
7940,4371.25
7941,6646.19
7942,5341.43
7943,7817.06
7944,6161.58
7945,4104.57
7946,4104.32
7947,3808.08
7948,7212.72
7949,3909.83
7950,6501.05
7951,12718.63
7952,6286.81
7953,5190.33
7954,3681.56
7955,4086.28
7956,5541.25
7957,3188.34
7958,5209.74
7959,8283.33
7960,4195.18
7961,11672.4
7962,10666.07
7963,4369.55
7964,5666.12
7965,5760.01
7966,4939.31
7967,4553.93
7968,9265.16
7969,5449.12
7970,6881.62
7971,3372.04
7972,6419.96
7973,3969.44
7974,6521.25
7975,4780.49
7976,4755.42
7977,5298.06
7978,4943.26
7979,6140.07
7980,8144.92
7981,4815.78
7982,8047.28
7983,5429.9
7984,8104.05
7985,4588.28
7986,3876.4
7987,3865.49
7988,6658.97
7989,4632.24
7990,5412.45
7991,4909.22
7992,6418.96
7993,3506.45
7994,6800.01
7995,5294.07
7996,3353.63
7997,10332.81
7998,14707.85
7999,4662.31
8000,5008.81
8001,7617.7
8002,8166.45
8003,9630.04
8004,4790.27
8005,5773.6
8006,4265.54
8007,5531.31
8008,3434.99
8009,4103.91
8010,4179.01
8011,4573.93
8012,5946.58
8013,4154.695
8014,3428.96
8015,5063.85
8016,3023.28
8017,3249.16
8018,5069.44
8019,4798.92
8020,6510.31
8021,6257.18
8022,5981.75
8023,4845.13
8024,4952.85
8025,8643.8
8026,5935.63
8027,4087.99
8028,3182.6
8029,6928.81
8030,3849.21
8031,5363.2
8032,2623.15
8033,4043.78
8034,5803.81
8035,4762.63
8036,4060.39
8037,6549.22
8038,7523.53
8039,10129.06
8040,5336.38
8041,8380.52
8042,2610.94
8043,4643.53
8044,4839.24
8045,2847.05
8046,6048.81
8047,4009.54
8048,4680.1
8049,7193.83
8050,8725.15
8051,6475.92
8052,4326.98
8053,3714.65
8054,8197.21
8055,6584.81
8056,4721.44
8057,3233.26
8058,4853.61
8059,7126.21
8060,3462.41
8061,5001.06
8062,6219.62
8063,6166.59
8064,10565.74
8065,4040.78
8066,13702.0
8067,4814.04
8068,4166.95
8069,2794.47
8070,4884.38
8071,4686.32
8072,4434.79
8073,5610.24
8074,3743.85
8075,3569.67
8076,5073.17
8077,2863.93
8078,7179.93
8079,5439.35
8080,6748.1
8081,6305.11
8082,3605.87
8083,8104.84
8084,5490.58
8085,4048.57
8086,5330.66
8087,4138.86
8088,8501.81
8089,5758.47
8090,3644.27
8091,5320.36
8092,6080.23
8093,4953.57
8094,4691.16
8095,6595.6
8096,4992.48
8097,4787.84
8098,4693.19
8099,6876.04
8100,4867.4
8101,4710.28
8102,3477.37
8103,3944.67
8104,3330.33
8105,3996.8
8106,5975.91
8107,7071.34
8108,6452.53
8109,7940.42
8110,6125.81
8111,5274.89
8112,4464.17
8113,9851.34
8114,7787.13
8115,5161.37
8116,7253.03
8117,6933.21
8118,4818.16
8119,3467.1
8120,10589.8
8121,3502.84
8122,5155.48
8123,5251.01
8124,3404.9
8125,8444.35
8126,5320.81
8127,5946.06
8128,4180.11
8129,4647.65
8130,5913.64
8131,5132.95
8132,5177.65
8133,4041.55
8134,3920.62
8135,3191.39
8136,2661.65
8137,5720.21
8138,16303.93
8139,4453.58
8140,4254.12
8141,5905.55
8142,4123.24
8143,4358.19
8144,4229.24
8145,3692.63
8146,5721.18
8147,5109.51
8148,3581.3
8149,6471.024
8150,3801.56
8151,4375.655
8152,6925.35
8153,6998.6
8154,8176.84
8155,4090.73
8156,6604.9
8157,3627.98
8158,4185.15
8159,10973.93
8160,7718.49
8161,5381.74
8162,4383.79
8163,3329.64
8164,4650.36
8165,4086.46
8166,7829.82
8167,4345.64
8168,4879.28
8169,5128.8
8170,3733.82
8171,5352.39
8172,5746.93
8173,6307.27
8174,5219.32
8175,4802.08
8176,6979.14
8177,4782.85
8178,7053.85
8179,6950.35
8180,5168.8
8181,3535.07
8182,5777.25
8183,4789.13
8184,3578.16
8185,5725.14
8186,5945.29
8187,5121.21
8188,5469.14
8189,5587.166666666668
8190,6611.0
8191,4631.08
8192,5109.35
8193,4778.58
8194,4006.0
8195,7246.5
8196,4979.74
8197,3825.73
8198,8457.21
8199,4310.57
8200,2999.42
8201,6561.82
8202,7877.66
8203,7921.41
8204,4353.08
8205,4167.32
8206,5083.68
8207,5639.09
8208,4741.81
8209,6035.09
8210,2927.88
8211,4448.95
8212,4493.68
8213,4561.94
8214,3835.63
8215,6319.47
8216,6104.69
8217,4798.15
8218,6737.07
8219,4324.237
8220,6929.93
8221,4485.63
8222,5351.25
8223,4754.13
8224,5790.028
8225,6264.82
8226,3080.14
8227,6781.09
8228,6275.36
8229,5578.2
8230,3663.91
8231,3290.31
8232,4509.29
8233,4050.63
8234,6159.25
8235,5494.61
8236,4362.31
8237,5926.96
8238,5051.72
8239,4068.59
8240,6054.99
8241,4093.26
8242,6851.88
8243,7831.22
8244,6870.58
8245,3875.53
8246,4432.35
8247,3442.21
8248,2681.27
8249,5941.35
8250,4149.06
8251,7536.64
8252,3443.03
8253,5476.31
8254,5251.2
8255,7928.08
8256,3508.15
8257,4073.8
8258,3605.28
8259,6474.85
8260,4582.87
8261,5703.51
8262,6033.79
8263,8281.33
8264,5714.45
8265,5966.92
8266,4886.96
8267,3685.4
8268,4024.24
8269,8550.85
8270,7020.41
8271,6544.46
8272,14089.77
8273,4501.47
8274,4233.06
8275,4730.27
8276,6776.94
8277,7064.33
8278,4826.16
8279,6121.57
8280,6180.21
8281,9933.36
8282,5087.57
8283,4171.31
8284,4341.22
8285,3793.78
8286,3149.07
8287,3663.85
8288,6104.23
8289,12388.53
8290,4963.0
8291,4171.45
8292,5480.24
8293,2625.8
8294,4688.01
8295,3216.02
8296,7707.14
8297,4344.56
8298,4901.17
8299,10236.29
8300,9649.86
8301,5608.08
8302,5715.07
8303,3314.61
8304,4876.7
8305,4832.06
8306,8045.86
8307,4026.52
8308,3382.56
8309,5272.36
8310,5035.92
8311,6490.1
8312,4696.32
8313,3696.11
8314,5721.27
8315,6222.93
8316,5100.06
8317,3249.44
8318,2956.97
8319,6291.04
8320,4000.95
8321,8177.47
8322,3128.5
8323,3717.29
8324,4632.2
8325,4631.67
8326,3347.48
8327,4901.89
8328,4773.12
8329,7971.32
8330,6834.13
8331,4825.14
8332,3699.73
8333,4824.75
8334,6248.42
8335,4331.86
8336,4314.85
8337,5109.45
8338,9622.35
8339,5441.87
8340,4966.28
8341,6101.74
8342,3860.4
8343,7414.5
8344,4321.41
8345,10036.68
8346,4342.93
8347,3957.46
8348,2971.62
8349,3352.93
8350,6236.23
8351,16032.31
8352,3111.68
8353,3294.79
8354,8133.7
8355,5574.06
8356,5948.76
8357,6294.79
8358,4596.65
8359,3763.65
8360,3948.84
8361,7850.25
8362,4522.75
8363,5697.48
8364,5614.55
8365,3097.77
8366,5981.42
8367,5043.52
8368,3170.33
8369,7089.54
8370,7569.29
8371,3606.06
8372,5223.25
8373,4629.91
8374,3713.87
8375,7676.06
8376,5266.45
8377,5850.73
8378,3511.72
8379,3581.1
8380,5487.44
8381,2486.18
8382,6106.56
8383,3320.89
8384,5502.01
8385,4216.29
8386,3765.84
8387,5951.64
8388,5531.94
8389,4853.26
8390,6010.69
8391,3938.53
8392,6318.12
8393,5392.54
8394,5655.15
8395,7219.01
8396,5980.33
8397,2296.85
8398,5383.17
8399,6176.13
8400,3995.18
8401,8505.54
8402,4799.79
8403,4998.76
8404,8200.59
8405,5320.31
8406,2877.02
8407,7680.38
8408,7796.23
8409,4897.35
8410,6292.8
8411,8609.03
8412,4661.03
8413,5160.13
8414,5366.09
8415,4780.43
8416,5672.21
8417,5698.73
8418,3934.21
8419,6113.81
8420,5188.78
8421,5253.91
8422,5385.71
8423,4630.42
8424,5046.93
8425,3321.04
8426,6254.62
8427,5510.65
8428,4788.46
8429,5684.21
8430,5461.42
8431,7521.98
8432,4345.65
8433,4566.63
8434,4569.26
8435,5444.42
8436,6353.58
8437,3996.76
8438,3413.06
8439,6446.71
8440,5806.916666666668
8441,4540.94
8442,6248.021666666667
8443,5506.07
8444,4893.71
8445,3673.4
8446,3369.34
8447,4934.08
8448,5319.68
8449,5234.17
8450,7597.68
8451,6639.95
8452,4055.49
8453,6674.81
8454,3199.84
8455,2952.5
8456,6189.1
8457,10285.96
8458,6121.57
8459,5539.16
8460,3716.83
8461,5481.13
8462,6629.85
8463,4075.05
8464,6754.67
8465,4320.95
8466,4546.66
8467,4524.43
8468,3762.0
8469,4810.39
8470,3157.96
8471,3379.18
8472,3881.04
8473,5887.23
8474,5443.0
8475,2931.76
8476,5376.06
8477,4924.05
8478,4191.8
8479,5158.19
8480,6360.97
8481,6068.19
8482,6033.79
8483,3423.23
8484,11305.64
8485,5039.31
8486,3908.42
8487,6259.3
8488,5822.31
8489,5361.51
8490,4490.26
8491,5982.7
8492,7160.86
8493,9906.32
8494,3846.72
8495,3365.35
8496,3909.67
8497,5240.02
8498,4670.17
8499,5912.58
8500,6785.78
8501,4917.96
8502,3457.31
8503,4996.47
8504,7104.69
8505,3948.46
8506,5054.89
8507,3447.06
8508,5703.42
8509,6327.97
8510,5739.6
8511,7093.665
8512,5122.51
8513,2219.91
8514,4969.77
8515,6111.92
8516,6578.12
8517,5781.96
8518,5513.34
8519,4590.78
8520,3213.75
8521,7385.25
8522,3437.21
8523,9482.48
8524,5409.11
8525,3076.788
8526,5499.89
8527,5185.11
8528,5835.25
8529,6636.95
8530,2992.49
8531,3805.18
8532,4998.8
8533,6044.87
8534,7356.42
8535,4698.01
8536,5379.6
8537,4173.39
8538,4979.31
8539,4031.35
8540,7673.49
8541,6355.37
8542,9903.28
8543,3912.11
8544,4474.74
8545,12772.8
8546,6664.36
8547,3901.03
8548,7932.21
8549,6103.64
8550,4260.04
8551,4098.83
8552,3440.08
8553,4604.13
8554,4713.95
8555,4044.25
8556,3928.11
8557,6312.95
8558,5264.26
8559,17551.21
8560,5165.71
8561,3824.83
8562,5797.9
8563,8572.8
8564,4902.13
8565,6066.68
8566,5298.32
8567,6721.32
8568,5398.23
8569,3955.42
8570,5203.3
8571,5529.83
8572,6645.89
8573,5442.22
8574,8145.76
8575,3783.28
8576,3629.57
8577,4126.3
8578,7707.1
8579,9715.52
8580,7392.01
8581,6353.27
8582,3668.96
8583,5078.27
8584,3587.71
8585,7663.55
8586,7998.5
8587,9258.62
8588,4187.28
8589,4257.15
8590,4277.86
8591,4741.53
8592,8518.793333333333
8593,5565.44
8594,3926.01
8595,4036.94
8596,6574.19
8597,3626.57
8598,5759.78
8599,3507.72
8600,5785.88
8601,5588.7
8602,4505.56
8603,7190.69
8604,5460.42
8605,4747.26
8606,6300.8
8607,5653.02
8608,7795.07
8609,5287.74
8610,6281.54
8611,6459.79
8612,7805.06
8613,5685.13
8614,6441.34
8615,4548.09
8616,4952.22
8617,5516.38
8618,5323.82
8619,8372.29
8620,7149.07
8621,4534.61
8622,6573.6
8623,7190.73
8624,6258.42
8625,3694.23
8626,10986.45
8627,3865.32
8628,6145.4
8629,7140.44
8630,5474.17
8631,4555.93
8632,5020.35
8633,5933.8
8634,4429.06
8635,4629.4
8636,6740.55
8637,6214.05
8638,5766.9
8639,4005.228
8640,6426.62
8641,10678.56
8642,6003.33
8643,4339.89
8644,5906.33
8645,6043.1
8646,5709.0
8647,7375.35
8648,3768.55
8649,6677.21
8650,5409.6
8651,5519.24
8652,7571.39
8653,4301.35
8654,5936.88
8655,3861.41
8656,6801.27
8657,7883.53
8658,4555.88
8659,4194.76
8660,4924.69
8661,4929.99
8662,4247.57
8663,6870.51
8664,6163.54
8665,8001.46
8666,4501.89
8667,4185.5
8668,5065.43
8669,8163.1
8670,7163.52
8671,6429.73
8672,6560.49
8673,5047.16
8674,7237.04
8675,4820.23
8676,5015.06
8677,8527.81
8678,5441.76
8679,8454.59
8680,6514.0
8681,6407.69
8682,5276.21
8683,6519.83
8684,6149.9
8685,5036.68
8686,3583.28
8687,4711.12
8688,6337.78
8689,4835.54
8690,3885.42
8691,7389.17
8692,5704.58
8693,4818.39
8694,4669.77
8695,4447.18
8696,5716.06
8697,6057.5
8698,5397.09
8699,4753.07
8700,5065.73
8701,5758.56
8702,3414.66
8703,5375.59
8704,3853.25
8705,7191.2
8706,6500.91
8707,6161.19
8708,8609.09
8709,3908.96
8710,4062.775
8711,9439.48
8712,5458.19
8713,6487.68
8714,7206.92
8715,4050.19
8716,5913.8
8717,7730.56
8718,5905.12
8719,9621.5
8720,5587.53
8721,2768.52
8722,4123.47
8723,6515.57
8724,7322.62
8725,4692.68
8726,6286.62
8727,4182.35
8728,4477.69
8729,3069.78
8730,4247.19
8731,4813.97
8732,5039.62
8733,6596.43
8734,5324.43
8735,6490.4
8736,7715.03
8737,6791.2
8738,3649.93
8739,9007.42
8740,8155.13
8741,5065.01
8742,6845.12
8743,3773.82
8744,5788.98
8745,3275.96
8746,5702.3
8747,3808.22
8748,8960.99
8749,6532.99
8750,7442.0
8751,6896.79
8752,4851.58
8753,6288.94
8754,16301.99
8755,7988.52
8756,4667.47
8757,2412.6
8758,5002.92
8759,7034.68
8760,5426.0
8761,11068.44
8762,17202.28
8763,3690.66
8764,4129.6
8765,7107.02
8766,3827.85
8767,7339.12
8768,5165.32
8769,5768.98
8770,0.0
8771,6129.16
8772,5487.54
8773,7044.52
8774,6064.86
8775,5484.18
8776,4751.74
8777,6308.64
8778,3625.84
8779,4394.45
8780,7194.92
8781,3763.19
8782,4837.94
8783,5865.29
8784,5415.72
8785,4638.11
8786,6456.41
8787,5955.04
8788,9697.08
8789,7659.13
8790,6652.54
8791,4934.08
8792,2781.03
8793,5096.54
8794,6448.56
8795,4925.17
8796,4498.11
8797,6872.91
8798,5333.02
8799,7450.53
8800,6741.22
8801,4523.34
8802,4251.83
8803,4141.75
8804,7673.62
8805,4311.5
8806,6829.21
8807,13547.68
8808,6893.51
8809,5363.97
8810,4246.95
8811,4258.99
8812,6051.94
8813,3449.06
8814,5558.41
8815,8909.54
8816,4443.6
8817,12149.9
8818,11670.28
8819,4822.96
8820,5968.12
8821,6311.84
8822,5443.52
8823,4833.88
8824,10407.39
8825,6115.38
8826,6967.65
8827,4053.36
8828,6305.41
8829,3919.04
8830,7338.25
8831,5146.42
8832,4952.92
8833,5853.99
8834,5268.68
8835,6659.71
8836,8717.41
8837,4999.77
8838,8396.55
8839,6370.39
8840,8182.48
8841,4694.74
8842,4510.26
8843,4017.99
8844,7097.14
8845,5530.84
8846,6190.49
8847,5645.88
8848,7026.89
8849,3607.095
8850,6564.46
8851,5390.13
8852,3163.96
8853,10742.34
8854,17267.14
8855,5102.9
8856,5691.34
8857,7313.13
8858,8527.83
8859,10783.38
8860,4840.65
8861,6242.66
8862,4304.05
8863,6541.51
8864,3956.37
8865,4334.4
8866,4284.37
8867,5067.99
8868,7430.78
8869,4116.245833333333
8870,3359.39
8871,6063.97
8872,3243.87
8873,3517.72
8874,5086.52
8875,5126.51
8876,7570.83
8877,7470.35
8878,6749.51
8879,5948.58
8880,5764.78
8881,9625.78
8882,6432.91
8883,3925.25
8884,4164.34
8885,7537.96
8886,3779.59
8887,6128.16
8888,3075.51
8889,4536.87
8890,6083.55
8891,5785.54
8892,4464.58
8893,7116.91
8894,7943.44
8895,11320.6
8896,5757.78
8897,8894.89
8898,3035.0
8899,4642.55
8900,5007.99
8901,2653.373333333333
8902,6916.14
8903,4328.41
8904,5291.72
8905,7980.85
8906,9856.91
8907,6948.86
8908,4588.76
8909,3832.76
8910,9085.86
8911,7397.46
8912,5192.25
8913,3777.74
8914,5496.93
8915,7504.7
8916,3719.83
8917,5703.97
8918,6944.83
8919,6721.11
8920,10531.48
8921,4370.69
8922,14813.94
8923,5718.6
8924,4723.73
8925,2648.02
8926,5359.41
8927,5064.33
8928,4883.88
8929,5914.03
8930,4360.81
8931,4041.84
8932,5485.48
8933,3455.06
8934,7340.08
8935,5557.063333333333
8936,6843.09
8937,6759.63
8938,3856.79
8939,8362.42
8940,6643.69
8941,4383.42
8942,5351.35
8943,4154.88
8944,9641.83
8945,6572.23
8946,4075.8
8947,5465.89
8948,6961.36
8949,5441.1
8950,4865.88
8951,6887.35
8952,5316.89
8953,4949.64
8954,5021.36
8955,7063.91
8956,4900.56
8957,5380.64
8958,4241.72
8959,4091.05
8960,3379.43
8961,4074.56
8962,6629.36
8963,7634.92
8964,6784.61
8965,8087.78
8966,6643.29
8967,5933.33
8968,5175.64
8969,10548.84
8970,7793.59
8971,5743.44
8972,7330.25
8973,6988.74
8974,4867.41
8975,3848.73
8976,10323.46
8977,3978.59
8978,5279.58
8979,5505.63
8980,3713.87
8981,8669.08
8982,5688.41
8983,7010.44
8984,4364.06
8985,5105.6
8986,6366.95
8987,5448.2
8988,6556.8
8989,4461.25
8990,4149.56
8991,3477.13
8992,2744.14
8993,5758.5
8994,16824.08
8995,4404.4
8996,4123.0
8997,6135.55
8998,4200.96
8999,4858.81
9000,4882.09
9001,3482.31
9002,6458.93
9003,5464.61
9004,3735.61
9005,7154.3
9006,4170.64
9007,4718.1
9008,7888.87
9009,7457.08
9010,8759.42
9011,4434.75
9012,5440.52
9013,3622.04
9014,4556.1
9015,11666.12
9016,8292.39
9017,5941.97
9018,4297.59
9019,4281.78
9020,4906.535
9021,4225.12
9022,8484.53
9023,4631.1
9024,5636.45
9025,5452.89
9026,4098.91
9027,5729.94
9028,5587.58
9029,7643.88
9030,5192.13
9031,5218.76
9032,7648.35
9033,5388.55
9034,7783.01
9035,7384.44
9036,6171.81
9037,3549.48
9038,6610.51
9039,5238.63
9040,4270.39
9041,5875.08
9042,6331.92
9043,5578.55
9044,6351.98
9045,5789.35
9046,7779.48
9047,5144.71
9048,5853.43
9049,5299.72
9050,4347.55
9051,7749.9
9052,5052.65
9053,3718.54
9054,9766.74
9055,4568.66
9056,2778.22
9057,6688.42
9058,8087.65
9059,7988.23
9060,4417.23
9061,4951.56
9062,5761.3
9063,6795.27
9064,4896.88
9065,6385.49
9066,2679.58
9067,4972.57
9068,4812.64
9069,4714.04
9070,3986.56
9071,7252.7
9072,6701.88
9073,5209.13
9074,7110.64
9075,4738.27
9076,7672.72
9077,4493.38
9078,5742.93
9079,4998.63
9080,6391.08
9081,7372.01
9082,3251.81
9083,7113.87
9084,7142.79
9085,5873.43
9086,4540.38
9087,3064.03
9088,4895.85
9089,3101.29
9090,6936.39
9091,5719.23
9092,5044.93
9093,6896.6
9094,5328.23
9095,4323.51
9096,6459.97
9097,4249.07
9098,7383.71
9099,8517.41
9100,6886.41
9101,3804.85
9102,4525.46
9103,3593.41
9104,2686.42
9105,6452.79
9106,4465.23
9107,7377.95
9108,3491.06
9109,5969.83
9110,5443.45
9111,8352.91
9112,3906.26
9113,4546.03
9114,4016.31
9115,6760.53
9116,5472.67
9117,5970.24
9118,6777.35
9119,8692.93
9120,6702.14
9121,6409.01
9122,5112.27
9123,4213.95
9124,4090.23
9125,8954.23
9126,6761.44
9127,7321.12
9128,14015.6
9129,4440.3
9130,4676.71
9131,5093.21
9132,6974.99
9133,7711.81
9134,5281.03
9135,6265.56
9136,6817.67
9137,11317.1
9138,5720.49
9139,4217.96
9140,4495.24
9141,4092.05
9142,3437.43
9143,3977.26
9144,7062.0
9145,13309.98
9146,5302.02
9147,4239.99
9148,5640.64
9149,2962.4383333333335
9150,5144.84
9151,3306.85
9152,8397.47
9153,4596.81
9154,5084.73
9155,11176.71
9156,10900.34
9157,5925.01
9158,6463.89
9159,3444.75
9160,5410.69
9161,5297.15
9162,8236.27
9163,3978.95
9164,3767.48
9165,5610.77
9166,5232.95
9167,6525.53
9168,5221.86
9169,3721.6
9170,7257.03
9171,6754.29
9172,5573.85
9173,3388.13
9174,3271.02
9175,6649.0
9176,4054.93
9177,9020.01
9178,3795.58
9179,4255.66
9180,5554.2
9181,5667.52
9182,4003.37
9183,5065.95
9184,5099.46
9185,8929.72
9186,7185.07
9187,5479.19
9188,3879.03
9189,5632.34
9190,6360.57
9191,4616.8
9192,5212.95
9193,5457.9
9194,10700.94
9195,5970.62
9196,5487.53
9197,6605.76
9198,3991.77
9199,7770.22
9200,4426.13
9201,10849.06
9202,5301.38
9203,4423.07
9204,3652.52
9205,3371.2
9206,6686.94
9207,16293.0
9208,3489.17
9209,3418.14
9210,8049.88
9211,5831.79
9212,6441.69
9213,6760.32
9214,4973.59
9215,4670.8
9216,4207.92
9217,8324.6625
9218,4879.22
9219,6077.11
9220,6441.29
9221,3767.91
9222,6691.08
9223,5187.14
9224,3104.23
9225,7351.57
9226,7651.82
9227,3845.45
9228,6188.71
9229,5051.42
9230,4173.85
9231,8922.33
9232,6169.27
9233,6513.83
9234,4105.27
9235,3905.38
9236,5862.82
9237,2992.8
9238,6693.39
9239,3657.36
9240,6376.29
9241,4666.46
9242,4155.84
9243,5992.29
9244,5608.1
9245,5454.57
9246,6556.85
9247,4429.03
9248,7159.43
9249,5541.48
9250,5505.47
9251,7345.27
9252,6385.32
9253,2613.28
9254,5542.38
9255,6818.25
9256,6973.61
9257,10786.08
9258,4995.14
9259,6032.51
9260,9119.12
9261,5178.06
9262,3199.07
9263,8960.07
9264,8926.82
9265,5027.63
9266,6262.38
9267,8578.97
9268,5127.17
9269,5258.24
9270,5771.18
9271,5130.87
9272,5950.8
9273,5934.69
9274,4189.21
9275,5843.52
9276,5891.04
9277,5693.68
9278,5808.71
9279,5134.74
9280,5288.37
9281,3476.83
9282,6620.16
9283,5748.16
9284,5147.62
9285,6470.68
9286,5393.41
9287,8101.3
9288,4603.53
9289,4569.82
9290,5026.32
9291,5907.49
9292,6876.32
9293,4373.61
9294,3664.08
9295,6782.27
9296,5844.5549999999985
9297,4923.3
9298,6027.51
9299,6046.62
9300,5515.53
9301,3818.11
9302,3584.22
9303,5193.15
9304,5399.05
9305,5542.0
9306,8470.24
9307,7611.8
9308,4955.89
9309,7114.84
9310,3187.9
9311,3260.48
9312,6296.76
9313,10586.68
9314,6271.63
9315,5679.5
9316,3884.91
9317,5864.38
9318,6814.89
9319,4298.64
9320,6924.59
9321,4836.35
9322,4828.05
9323,5051.69
9324,4540.72
9325,5343.98
9326,3326.09
9327,3759.55
9328,3699.81
9329,6420.09
9330,5478.5
9331,3355.55
9332,5346.78
9333,5703.77
9334,4422.87
9335,5932.31
9336,7565.87
9337,6311.14
9338,6386.88
9339,3750.6
9340,10908.95
9341,5754.87
9342,4018.99
9343,7414.7
9344,6730.05
9345,6021.4
9346,5263.66
9347,6481.18
9348,7432.39
9349,10584.89
9350,3701.32
9351,3979.14
9352,4126.27
9353,5714.34
9354,5244.15
9355,6349.23
9356,6969.91
9357,5035.34
9358,3662.89
9359,5461.37
9360,7834.48
9361,3747.06
9362,5468.11
9363,3627.38
9364,6557.66
9365,6356.82
9366,6089.94
9367,7265.16
9368,5500.34
9369,2650.075
9370,5595.31
9371,5895.77
9372,7501.59
9373,6435.24
9374,5540.7
9375,5040.6
9376,4031.82
9377,8527.24
9378,3627.63
9379,10169.11
9380,5421.57
9381,3387.0
9382,5677.06
9383,5628.79
9384,6523.07
9385,6635.89
9386,3842.33
9387,3831.65
9388,5185.67
9389,6632.67
9390,8540.5
9391,5297.4
9392,6051.48
9393,4554.81
9394,5296.2
9395,4143.48
9396,7850.99
9397,7478.44
9398,10908.06
9399,4106.51
9400,4896.54
9401,13243.0
9402,7582.65
9403,3859.1
9404,8574.89
9405,7167.86
9406,4625.19
9407,4355.48
9408,3562.67
9409,4990.89
9410,4758.85
9411,4276.84
9412,4399.82
9413,6944.5
9414,5749.988
9415,19628.27
9416,5846.57
9417,0.0
9418,0.0
9419,0.0
9420,0.0
9421,0.0
9422,0.0
9423,0.0
9424,0.0
9425,0.0
9426,0.0
9427,0.0
9428,0.0
9429,0.0
9430,0.0
9431,0.0
9432,0.0
9433,0.0
9434,0.0
9435,0.0
9436,0.0
9437,0.0
9438,0.0
9439,0.0
9440,0.0
9441,0.0
9442,0.0
9443,0.0
9444,0.0
9445,0.0
9446,0.0
9447,0.0
9448,0.0
9449,0.0
9450,0.0
9451,0.0
9452,0.0
9453,0.0
9454,0.0
9455,0.0
9456,0.0
9457,0.0
9458,0.0
9459,0.0
9460,0.0
9461,0.0
9462,0.0
9463,0.0
9464,0.0
9465,0.0
9466,0.0
9467,0.0
9468,0.0
9469,0.0
9470,0.0
9471,0.0
9472,0.0
9473,0.0
9474,0.0
9475,0.0
9476,0.0
9477,0.0
9478,0.0
9479,0.0
9480,0.0
9481,0.0
9482,0.0
9483,0.0
9484,0.0
9485,0.0
9486,0.0
9487,0.0
9488,0.0
9489,0.0
9490,0.0
9491,0.0
9492,0.0
9493,0.0
9494,0.0
9495,0.0
9496,0.0
9497,0.0
9498,0.0
9499,0.0
9500,0.0
9501,0.0
9502,0.0
9503,0.0
9504,0.0
9505,0.0
9506,0.0
9507,0.0
9508,3531.81
9509,0.0
9510,0.0
9511,0.0
9512,0.0
9513,0.0
9514,0.0
9515,0.0
9516,0.0
9517,0.0
9518,0.0
9519,0.0
9520,0.0
9521,0.0
9522,0.0
9523,0.0
9524,0.0
9525,0.0
9526,0.0
9527,0.0
9528,0.0
9529,0.0
9530,0.0
9531,0.0
9532,0.0
9533,0.0
9534,0.0
9535,0.0
9536,0.0
9537,0.0
9538,0.0
9539,0.0
9540,0.0
9541,0.0
9542,0.0
9543,0.0
9544,0.0
9545,0.0
9546,0.0
9547,0.0
9548,0.0
9549,0.0
9550,0.0
9551,0.0
9552,0.0
9553,0.0
9554,0.0
9555,0.0
9556,0.0
9557,0.0
9558,0.0
9559,0.0
9560,0.0
9561,0.0
9562,0.0
9563,0.0
9564,0.0
9565,0.0
9566,0.0
9567,0.0
9568,0.0
9569,0.0
9570,0.0
9571,0.0
9572,0.0
9573,0.0
9574,0.0
9575,0.0
9576,2298.66
9577,0.0
9578,0.0
9579,0.0
9580,0.0
9581,0.0
9582,0.0
9583,0.0
9584,0.0
9585,0.0
9586,0.0
9587,0.0
9588,0.0
9589,0.0
9590,0.0
9591,0.0
9592,0.0
9593,0.0
9594,0.0
9595,0.0
9596,0.0
9597,0.0
9598,0.0
9599,0.0
9600,0.0
9601,0.0
9602,0.0
9603,0.0
9604,0.0
9605,0.0
9606,0.0
9607,0.0
9608,0.0
9609,0.0
9610,0.0
9611,0.0
9612,0.0
9613,0.0
9614,0.0
9615,0.0
9616,0.0
9617,14227.445333333331
9618,29495.67
9619,0.0
9620,0.0
9621,0.0
9622,0.0
9623,0.0
9624,0.0
9625,0.0
9626,6578.775833333332
9627,0.0
9628,0.0
9629,0.0
9630,0.0
9631,0.0
9632,0.0
9633,0.0
9634,0.0
9635,0.0
9636,0.0
9637,0.0
9638,0.0
9639,0.0
9640,0.0
9641,0.0
9642,0.0
9643,0.0
9644,0.0
9645,4111.99
9646,0.0
9647,0.0
9648,0.0
9649,0.0
9650,0.0
9651,0.0
9652,0.0
9653,0.0
9654,0.0
9655,2699.8004285714287
9656,0.0
9657,0.0
9658,0.0
9659,0.0
9660,0.0
9661,0.0
9662,0.0
9663,0.0
9664,0.0
9665,0.0
9666,0.0
9667,0.0
9668,0.0
9669,0.0
9670,0.0
9671,0.0
9672,0.0
9673,7718.96580952381
9674,0.0
9675,0.0
9676,0.0
9677,0.0
9678,0.0
9679,0.0
9680,0.0
9681,0.0
9682,0.0
9683,0.0
9684,0.0
9685,0.0
9686,0.0
9687,0.0
9688,0.0
9689,0.0
9690,7251.186071428571
9691,0.0
9692,0.0
9693,0.0
9694,0.0
9695,0.0
9696,0.0
9697,0.0
9698,0.0
9699,0.0
9700,0.0
9701,0.0
9702,0.0
9703,0.0
9704,0.0
9705,0.0
9706,0.0
9707,0.0
9708,0.0
9709,0.0
9710,0.0
9711,0.0
9712,0.0
9713,0.0
9714,0.0
9715,0.0
9716,0.0
9717,0.0
9718,0.0
9719,0.0
9720,0.0
9721,0.0
9722,0.0
9723,0.0
9724,0.0
9725,0.0
9726,0.0
9727,0.0
9728,0.0
9729,0.0
9730,0.0
9731,0.0
9732,0.0
9733,0.0
9734,0.0
9735,0.0
9736,0.0
9737,0.0
9738,0.0
9739,0.0
9740,0.0
9741,0.0
9742,0.0
9743,0.0
9744,0.0
9745,0.0
9746,0.0
9747,0.0
9748,0.0
9749,0.0
9750,0.0
9751,0.0
9752,1595.21
9753,0.0
9754,0.0
9755,0.0
9756,0.0
9757,0.0
9758,0.0
9759,0.0
9760,0.0
9761,0.0
9762,0.0
9763,0.0
9764,0.0
9765,0.0
9766,4270.5433571428575
9767,0.0
9768,0.0
9769,0.0
9770,0.0
9771,0.0
9772,0.0
9773,0.0
9774,0.0
9775,0.0
9776,0.0
9777,0.0
9778,0.0
9779,0.0
9780,0.0
9781,0.0
9782,0.0
9783,0.0
9784,0.0
9785,0.0
9786,0.0
9787,0.0
9788,0.0
9789,0.0
9790,0.0
9791,0.0
9792,0.0
9793,0.0
9794,0.0
9795,0.0
9796,0.0
9797,0.0
9798,0.0
9799,0.0
9800,0.0
9801,0.0
9802,0.0
9803,0.0
9804,0.0
9805,0.0
9806,0.0
9807,0.0
9808,0.0
9809,5580.29
9810,0.0
9811,0.0
9812,0.0
9813,0.0
9814,0.0
9815,0.0
9816,0.0
9817,0.0
9818,0.0
9819,2373.82
9820,0.0
9821,0.0
9822,0.0
9823,4217.854833333334
9824,0.0
9825,0.0
9826,0.0
9827,0.0
9828,0.0
9829,0.0
9830,0.0
9831,0.0
9832,0.0
9833,0.0
9834,0.0
9835,0.0
9836,0.0
9837,0.0
9838,0.0
9839,0.0
9840,0.0
9841,0.0
9842,0.0
9843,0.0
9844,0.0
9845,0.0
9846,0.0
9847,0.0
9848,0.0
9849,0.0
9850,19175.07
9851,0.0
9852,0.0
9853,0.0
9854,0.0
9855,0.0
9856,0.0
9857,0.0
9858,0.0
9859,0.0
9860,0.0
9861,0.0
9862,0.0
9863,0.0
9864,5638.66
9865,0.0
9866,0.0
9867,0.0
9868,0.0
9869,0.0
9870,0.0
9871,0.0
9872,0.0
9873,0.0
9874,0.0
9875,0.0
9876,0.0
9877,0.0
9878,0.0
9879,0.0
9880,0.0
9881,0.0
9882,0.0
9883,0.0
9884,0.0
9885,0.0
9886,0.0
9887,0.0
9888,0.0
9889,0.0
9890,0.0
9891,0.0
9892,0.0
9893,0.0
9894,0.0
9895,0.0
9896,0.0
9897,0.0
9898,0.0
9899,0.0
9900,0.0
9901,0.0
9902,0.0
9903,0.0
9904,0.0
9905,0.0
9906,0.0
9907,0.0
9908,0.0
9909,0.0
9910,0.0
9911,0.0
9912,0.0
9913,0.0
9914,0.0
9915,0.0
9916,0.0
9917,0.0
9918,0.0
9919,0.0
9920,0.0
9921,0.0
9922,0.0
9923,0.0
9924,0.0
9925,0.0
9926,0.0
9927,0.0
9928,0.0
9929,0.0
9930,0.0
9931,0.0
9932,0.0
9933,0.0
9934,0.0
9935,0.0
9936,0.0
9937,0.0
9938,0.0
9939,12471.17
9940,0.0
9941,0.0
9942,0.0
9943,0.0
9944,0.0
9945,0.0
9946,0.0
9947,0.0
9948,0.0
9949,0.0
9950,0.0
9951,0.0
9952,0.0
9953,0.0
9954,0.0
9955,0.0
9956,0.0
9957,0.0
9958,0.0
9959,0.0
9960,0.0
9961,0.0
9962,0.0
9963,0.0
9964,0.0
9965,0.0
9966,0.0
9967,0.0
9968,0.0
9969,0.0
9970,0.0
9971,0.0
9972,0.0
9973,0.0
9974,0.0
9975,0.0
9976,0.0
9977,0.0
9978,0.0
9979,0.0
9980,0.0
9981,0.0
9982,0.0
9983,3171.147
9984,15783.86
9985,0.0
9986,0.0
9987,0.0
9988,0.0
9989,0.0
9990,0.0
9991,0.0
9992,0.0
9993,0.0
9994,0.0
9995,0.0
9996,0.0
9997,0.0
9998,0.0
9999,0.0
10000,0.0
10001,0.0
10002,0.0
10003,0.0
10004,0.0
10005,0.0
10006,0.0
10007,0.0
10008,0.0
10009,0.0
10010,0.0
10011,0.0
10012,10491.659333333333
10013,0.0
10014,0.0
10015,0.0
10016,0.0
10017,0.0
10018,0.0
10019,0.0
10020,0.0
10021,0.0
10022,0.0
10023,0.0
10024,0.0
10025,0.0
10026,0.0
10027,0.0
10028,0.0
10029,0.0
10030,0.0
10031,0.0
10032,0.0
10033,0.0
10034,0.0
10035,0.0
10036,0.0
10037,0.0
10038,0.0
10039,0.0
10040,0.0
10041,0.0
10042,0.0
10043,0.0
10044,0.0
10045,0.0
10046,0.0
10047,0.0
10048,0.0
10049,0.0
10050,0.0
10051,0.0
10052,0.0
10053,0.0
10054,0.0
10055,0.0
10056,0.0
10057,0.0
10058,0.0
10059,0.0
10060,0.0
10061,0.0
10062,0.0
10063,0.0
10064,0.0
10065,0.0
10066,0.0
10067,0.0
10068,0.0
10069,0.0
10070,0.0
10071,0.0
10072,0.0
10073,0.0
10074,0.0
10075,0.0
10076,0.0
10077,0.0
10078,0.0
10079,0.0
10080,0.0
10081,0.0
10082,2059.61
10083,0.0
10084,0.0
10085,0.0
10086,2076.34
10087,0.0
10088,0.0
10089,0.0
10090,0.0
10091,0.0
10092,0.0
10093,0.0
10094,0.0
10095,0.0
10096,0.0
10097,0.0
10098,0.0
10099,0.0
10100,0.0
10101,0.0
10102,0.0
10103,0.0
10104,0.0
10105,0.0
10106,0.0
10107,0.0
10108,0.0
10109,0.0
10110,0.0
10111,0.0
10112,0.0
10113,0.0
10114,0.0
10115,0.0
10116,0.0
10117,0.0
10118,0.0
10119,0.0
10120,0.0
10121,0.0
10122,0.0
10123,0.0
10124,0.0
10125,0.0
10126,0.0
10127,0.0
10128,0.0
10129,0.0
10130,0.0
10131,0.0
10132,0.0
10133,0.0
10134,0.0
10135,0.0
10136,0.0
10137,1502.15
10138,0.0
10139,0.0
10140,0.0
10141,0.0
10142,0.0
10143,0.0
10144,0.0
10145,0.0
10146,0.0
10147,0.0
10148,0.0
10149,0.0
10150,0.0
10151,0.0
10152,8704.594333333336
10153,0.0
10154,0.0
10155,0.0
10156,0.0
10157,0.0
10158,0.0
10159,0.0
10160,0.0
10161,0.0
10162,0.0
10163,0.0
10164,0.0
10165,0.0
10166,0.0
10167,0.0
10168,0.0
10169,0.0
10170,0.0
10171,0.0
10172,0.0
10173,0.0
10174,0.0
10175,0.0
10176,0.0
10177,0.0
10178,0.0
10179,0.0
10180,0.0
10181,0.0
10182,0.0
10183,0.0
10184,0.0
10185,0.0
10186,0.0
10187,0.0
10188,0.0
10189,0.0
10190,0.0
10191,0.0
10192,0.0
10193,0.0
10194,0.0
10195,0.0
10196,0.0
10197,0.0
10198,0.0
10199,0.0
10200,0.0
10201,0.0
10202,0.0
10203,0.0
10204,0.0
10205,0.0
10206,0.0
10207,0.0
10208,0.0
10209,0.0
10210,0.0
10211,0.0
10212,0.0
10213,0.0
10214,0.0
10215,0.0
10216,3199.41
10217,0.0
10218,0.0
10219,0.0
10220,0.0
10221,0.0
10222,0.0
10223,0.0
10224,0.0
10225,0.0
10226,0.0
10227,0.0
10228,0.0
10229,0.0
10230,0.0
10231,0.0
10232,0.0
10233,0.0
10234,0.0
10235,0.0
10236,0.0
10237,0.0
10238,0.0
10239,0.0
10240,0.0
10241,0.0
10242,0.0
10243,0.0
10244,0.0
10245,0.0
10246,0.0
10247,0.0
10248,0.0
10249,0.0
10250,0.0
10251,0.0
10252,0.0
10253,0.0
10254,0.0
10255,0.0
10256,0.0
10257,14144.15
10258,4627.9
10259,0.0
10260,0.0
10261,0.0
10262,0.0
10263,0.0
10264,0.0
10265,0.0
10266,0.0
10267,0.0
10268,0.0
10269,0.0
10270,0.0
10271,0.0
10272,0.0
10273,4571.56
10274,3945.6
10275,6679.21
10276,3217.623333333333
10277,6409.05
10278,4724.25
10279,6213.86
10280,5279.1613333333335
10281,3819.0
10282,3612.82
10283,5312.07
10284,4823.260666666667
10285,4263.909666666667
10286,5263.55
10287,5137.22
10288,3169.49
10289,4516.43
10290,6964.99
10291,8833.66
10292,7456.73
10293,6534.6849523809515
10294,4207.4
10295,5836.38
10296,2042.45
10297,8298.08
10298,7518.11
10299,9719.31
10300,5804.71
10301,2826.9240000000004
10302,5332.595
10303,4321.01
10304,7546.4020833333325
10305,4377.445333333334
10306,5264.44
10307,4586.88
10308,5654.14
10309,2806.07
10310,7488.58
10311,4399.4
10312,7115.38
10313,5845.83
10314,4560.92
10315,8272.06
10316,6269.84
10317,4972.79
10318,3645.268333333333
10319,7324.13
10320,9546.533833333331
10321,5372.24
10322,5156.12
10323,7963.076666666668
10324,8176.425214285713
10325,4703.4975
10326,6236.08
10327,3579.1
10328,2621.37
10329,4840.916166666667
10330,5994.39
10331,8547.35
10332,7881.98
10333,3583.468
10334,7793.3007499999985
10335,7574.34
10336,4684.98
10337,2804.1141666666667
10338,10444.22
10339,3483.52
10340,4355.53
10341,7282.07
10342,4598.617142857142
10343,5033.018333333333
10344,3165.6631666666667
10345,5928.035333333334
10346,4817.27
10347,5520.49
10348,7232.136666666667
10349,6412.458214285714
10350,5630.18
10351,2812.798333333333
10352,7795.05
10353,11663.44
10354,5157.31
10355,3200.98
10356,6006.842666666667
10357,5959.99
10358,6553.13
10359,9983.73
10360,2273.52
10361,7691.91
10362,4581.4
10363,4753.958428571428
10364,6976.29
10365,2867.29
10366,4853.893999999999
10367,4912.15
10368,6545.75
10369,6960.073333333334
10370,3813.2326666666672
10371,4799.845047619047
10372,5161.56
10373,5639.974666666667
10374,4908.21
10375,6346.97
10376,3974.68
10377,6757.86
10378,4547.797738095239
10379,3320.37
10380,5520.19
10381,5786.19
10382,6168.61
10383,6870.76
10384,7645.663333333331
10385,3917.1
10386,7966.25
10387,3323.52
10388,3579.5
10389,7559.995333333334
10390,6325.0
10391,7492.26
10392,8961.50480952381
10393,6429.66
10394,5225.46
10395,7193.07
10396,7429.56
10397,4019.18
10398,2664.74
10399,5223.25
10400,4569.318
10401,5194.98
10402,4015.683261904762
10403,5299.844333333333
10404,5759.24
10405,4819.7266666666665
10406,5535.994000000001
10407,2580.7684999999997
10408,5661.156666666666
10409,7336.23
10410,3633.91
10411,5391.949666666668
10412,3220.9273333333335
10413,5620.6393333333335
10414,3060.27
10415,4279.6350476190455
10416,4171.79338095238
10417,7823.86
10418,6316.64
10419,6925.26
10420,13727.6
10421,4005.0368333333336
10422,4657.799833333334
10423,10477.145333333334
10424,5163.621666666666
10425,7856.456666666666
10426,6314.08
10427,5224.953666666666
10428,6579.64
10429,8310.51
10430,5047.948452380952
10431,7426.570404761904
10432,4891.24
10433,2838.82
10434,3588.12
10435,7030.39
10436,9235.48
10437,5071.97
10438,5707.66625
10439,4176.577976190476
10440,2663.1
10441,2002.44
10442,3794.16
10443,5433.82
10444,6009.325
10445,4966.8995
10446,4573.2570000000005
10447,7438.684333333334
10448,8143.57
10449,7307.11
10450,4581.14
10451,7080.884000000002
10452,8653.83119047619
10453,4115.36
10454,5561.985
10455,5040.990833333333
10456,5884.241000000001
10457,3054.01
10458,4914.69
10459,4441.95
10460,8432.199333333332
10461,7671.07
10462,7362.23
10463,6760.19
10464,4658.734166666667
10465,7039.973166666667
10466,17133.612666666668
10467,8281.969166666666
10468,3614.42
10469,3316.79
10470,6035.72
10471,8070.22
10472,4320.7
10473,8051.63
10474,17120.27
10475,5202.5
10476,2395.7356666666665
10477,10109.77
10478,3522.13
10479,6088.050666666665
10480,3531.15
10481,5550.5925
10482,2941.200083333333
10483,6355.86
10484,4829.83
10485,4898.83
10486,7703.11
10487,5527.0
10488,6005.79
10489,6046.661999999999
10490,5181.14
10491,5925.722857142857
10492,8577.91
10493,4295.21
10494,5639.8
10495,4410.56
10496,3488.02
10497,5520.72
10498,5239.02
10499,4991.9
10500,7258.98
10501,8227.25
10502,7982.12
10503,4185.711333333333
10504,4217.73
10505,4077.52
10506,5190.121666666667
10507,5835.09
10508,2709.94
10509,6676.87
10510,4970.617833333334
10511,6486.869297619048
10512,5522.65
10513,4245.2
10514,2877.8
10515,2600.65
10516,8530.35
10517,5328.88
10518,5913.76
10519,12279.17
10520,7501.3
10521,3809.96
10522,4627.044535714286
10523,2634.79
10524,3929.26
10525,4191.971833333333
10526,3899.2980714285713
10527,8693.92
10528,4478.51
10529,8192.142595238096
10530,10646.67
10531,6016.66
10532,5962.999999999999
10533,4680.75
10534,4525.34773809524
10535,4917.42
10536,10208.85
10537,6634.58
10538,6470.13
10539,2975.48
10540,5282.192547619047
10541,4950.0
10542,7385.65
10543,6684.188333333335
10544,5092.35
10545,6939.812
10546,3975.7228333333337
10547,8622.99
10548,7083.54
10549,7014.38
10550,9238.79
10551,7294.578666666668
10552,7766.720833333334
10553,3130.1785357142853
10554,4514.736666666667
10555,4902.33
10556,8628.71
10557,7014.95
10558,6967.71
10559,6138.59
10560,7292.36
10561,4249.234666666668
10562,6634.406666666668
10563,6087.74
10564,2708.8585
10565,12237.03
10566,16501.296619047618
10567,7179.09
10568,6358.13
10569,6982.316999999999
10570,7985.461666666667
10571,8131.85
10572,2778.136
10573,4392.235833333334
10574,5230.13
10575,7885.021000000001
10576,2649.32
10577,3715.227023809524
10578,4574.150500000002
10579,4592.2
10580,4282.755666666667
10581,2543.3233333333333
10582,3289.08
10583,7054.34
10584,3249.46
10585,4239.823666666666
10586,5076.779222222222
10587,5372.19
10588,8406.773333333333
10589,9437.09
10590,4183.87
10591,6734.994999999999
10592,5953.59
10593,9968.4
10594,5846.342833333332
10595,2826.89
10596,4136.87
10597,12373.57
10598,3858.3719999999994
10599,6422.056666666667
10600,2101.0660000000003
10601,3408.8123333333333
10602,5606.88
10603,5360.38
10604,4773.93
10605,7471.66
10606,8146.186357142858
10607,8101.23
10608,5229.69
10609,11259.93
10610,1887.361
10611,3637.88
10612,6352.97
10613,4114.332
10614,10577.7075
10615,2689.24
10616,5271.69
10617,5472.49
10618,8045.965166666666
10619,8616.42
10620,4225.65
10621,3022.36
10622,7539.403333333334
10623,8815.79
10624,4666.978
10625,4186.81
10626,8034.8330000000005
10627,6158.32
10628,4939.72
10629,3465.0505
10630,7342.95
10631,4327.15
10632,12115.19
10633,7889.21
10634,15274.088499999996
10635,5948.083333333332
10636,4841.15
10637,2163.3008333333337
10638,5822.45
10639,5546.9
10640,4208.599
10641,9203.57
10642,4567.74
10643,2646.6019999999994
10644,6667.96
10645,3333.53
10646,8552.77
10647,6459.055833333331
10648,6482.97
10649,7196.589333333333
10650,3886.5933333333337
10651,6136.510666666666
10652,6650.8
10653,4696.959452380953
10654,5967.12
10655,3566.73
10656,9087.94
10657,5556.848333333332
10658,3090.76
10659,4453.752333333334
10660,8093.29
10661,4428.7325
10662,3813.32
10663,4904.971666666666
10664,5293.32
10665,3756.440833333333
10666,4853.99
10667,9723.287380952383
10668,4240.032333333334
10669,3414.400523809524
10670,5459.18
10671,5303.33
10672,2744.1446428571426
10673,4786.37
10674,8184.09
10675,7659.97
10676,8148.48
10677,8429.978833333334
10678,7409.05
10679,5691.498333333333
10680,4112.650928571428
10681,10126.57
10682,6639.029166666667
10683,6425.03
10684,5180.79
10685,5744.94
10686,4238.19
10687,2555.18
10688,11670.43
10689,4101.89
10690,5869.34
10691,4418.93
10692,4220.66
10693,8131.8
10694,5608.21
10695,5519.93
10696,3446.043333333335
10697,6596.9619999999995
10698,5604.16
10699,3840.81
10700,9630.69
10701,4005.6104999999993
10702,4522.77
10703,3665.9233333333336
10704,2874.94
10705,4543.4525
10706,13230.11
10707,5283.653047619046
10708,4998.8313333333335
10709,6310.26
10710,3214.4281666666666
10711,3509.86
10712,5073.120333333334
10713,2773.13
10714,8568.2
10715,5944.46
10716,3137.03
10717,7509.054166666666
10718,2634.88
10719,3537.7243333333336
10720,8781.6
10721,9348.4
10722,7943.77
10723,2589.12
10724,4730.353166666666
10725,4152.779666666666
10726,4012.86
10727,15155.65
10728,9253.01
10729,5331.16
10730,2726.9919523809526
10731,5060.31
10732,3758.752
10733,2533.19
10734,7436.53
10735,4898.74
10736,5077.78
10737,6867.67
10738,4920.9
10739,4912.42
10740,5621.93
10741,7221.31
10742,6681.17
10743,4448.19
10744,8573.71
10745,6903.28
10746,8479.93
10747,5830.96
10748,6196.909714285717
10749,2136.64
10750,7010.5
10751,5244.8
10752,2487.6916666666666
10753,4328.31
10754,4638.06
10755,4808.29
10756,7355.75
10757,3682.1365
10758,6685.13
10759,4374.798333333334
10760,7272.38
10761,7548.57
10762,4906.32
10763,6423.62
10764,5949.57
10765,2746.84
10766,10453.354166666666
10767,3509.15
10768,3511.19
10769,6505.47
10770,10680.55
10771,9282.306
10772,3752.24
10773,4803.97
10774,6357.54
10775,6085.692000000001
10776,4563.42
10777,8006.56
10778,3129.4
10779,4856.79
10780,3751.058333333334
10781,4078.21
10782,2586.29
10783,7838.89
10784,6252.625
10785,5649.9
10786,5599.45
10787,7059.224499999999
10788,7599.746666666668
10789,4521.43
10790,4834.16
10791,4556.03
10792,5830.0019999999995
10793,5113.46
10794,2168.32
10795,4680.96
10796,4950.32
10797,7260.380833333333
10798,5403.594166666666
10799,2741.721333333333
10800,7685.02
10801,2736.63
10802,7911.449047619048
10803,5415.74
10804,4048.9439047619053
10805,7729.959
10806,3912.58
10807,3985.815
10808,8128.26
10809,2655.83
10810,5613.653333333333
10811,8880.579
10812,6718.521
10813,2201.6349999999998
10814,4859.47
10815,3541.04
10816,2449.0
10817,5071.95
10818,5357.22
10819,4518.99
10820,4202.3
10821,5768.87
10822,4642.43
10823,11243.312047619047
10824,4933.01
10825,5682.1
10826,3966.5085
10827,5331.444666666668
10828,5495.49
10829,6255.51
10830,7744.89
10831,8205.8625
10832,7896.98
10833,5344.700333333334
10834,4895.08
10835,2866.47
10836,4424.50675
10837,8452.82
10838,6510.385428571428
10839,5427.799833333333
10840,13834.2
10841,3173.9350000000004
10842,5028.53
10843,4124.41
10844,8098.04
10845,8848.7
10846,7476.66
10847,6441.651666666668
10848,6963.109
10849,10442.45
10850,6244.01
10851,4916.32
10852,2325.74
10853,4713.66
10854,3574.52
10855,2853.91
10856,6972.9
10857,16551.514976190472
10858,4929.986166666666
10859,3155.38
10860,4508.81
10861,3593.528999999999
10862,5590.13
10863,1821.5685
10864,6384.94
10865,5125.87
10866,3146.544166666667
10867,10564.17
10868,10087.059404761903
10869,4779.019523809524
10870,5387.59
10871,3218.756
10872,3935.061880952381
10873,4026.67
10874,8525.12
10875,3956.07
10876,4391.24
10877,5514.92
10878,5509.57
10879,5329.810333333333
10880,7208.19
10881,2992.87
10882,8474.62
10883,6500.87
10884,4501.37
10885,3762.06
10886,3632.775666666667
10887,4354.22
10888,4446.85
10889,8958.465761904761
10890,4208.21
10891,3879.62
10892,5555.738666666667
10893,6463.662833333333
10894,4725.44
10895,4823.08
10896,4913.81
10897,9957.39
10898,6893.22
10899,5960.68
10900,3827.29
10901,4467.65
10902,6183.24
10903,3536.3528333333325
10904,4565.563357142857
10905,4617.391166666667
10906,11112.68
10907,6881.8
10908,4306.98
10909,5471.804666666667
10910,4601.18
10911,6452.13
10912,5199.887
10913,8817.08
10914,6259.329000000001
10915,5332.26
10916,4966.6
10917,1587.7321666666667
10918,3843.78
10919,18988.98
10920,2065.7633333333333
10921,3743.51
10922,6590.86
10923,7446.6768095238085
10924,6582.13
10925,7172.101666666667
10926,6087.72
10927,5032.85
10928,3918.27
10929,6960.565404761904
10930,3491.7735
10931,6254.89
10932,8757.64
10933,4267.32
10934,6667.93
10935,6047.09
10936,2627.586
10937,5207.28
10938,6484.66
10939,2522.14
10940,8564.214
10941,5681.335166666666
10942,4352.44
10943,10025.35
10944,7207.444166666667
10945,6400.37
10946,3953.5658333333336
10947,3348.1
10948,4738.424666666666
10949,2599.37
10950,5234.850333333333
10951,2548.83
10952,6242.35
10953,2810.74
10954,3710.81
10955,5691.74
10956,4589.23
10957,5071.096666666667
10958,7724.98
10959,3949.87
10960,7293.632460317461
10961,5016.1
10962,5676.0
10963,8031.532000000001
10964,6982.61
10965,4075.58
10966,5210.67
10967,5177.17
10968,4704.58
10969,10420.17
10970,5393.66
10971,5849.27
10972,9220.83
10973,6194.627166666668
10974,2048.133333333333
10975,7564.56
10976,7919.204333333336
10977,6381.91
10978,6988.348166666668
10979,6642.85
10980,7403.55
10981,5449.76
10982,4393.32
10983,3425.0326666666665
10984,6870.2
10985,7520.89
10986,2852.75
10987,7826.27
10988,6691.51
10989,4612.734619047618
10990,7038.344333333333
10991,4682.59
10992,8009.4124999999985
10993,2552.54
10994,4021.36
10995,4335.234999999999
10996,3621.05
10997,6862.44
10998,6276.810309523808
10999,7600.81
11000,5509.282476190478
11001,4080.03
11002,5376.206999999999
11003,6908.919000000002
11004,7329.205333333333
11005,3072.02
11006,2887.52
11007,8681.31
11008,4775.290999999999
11009,3926.87
11010,7287.206999999999
11011,6962.51
11012,5596.17
11013,4495.3
11014,2153.4883333333337
11015,5177.836499999999
11016,5442.325166666668
11017,4838.898761904762
11018,8166.9056666666675
11019,6785.475999999999
11020,3412.04
11021,5589.93
11022,3380.7
11023,1261.4635238095236
11024,5427.105
11025,8655.98
11026,5765.420666666668
11027,4452.465999999999
11028,3226.3
11029,4735.96
11030,8319.32
11031,5499.652666666666
11032,8196.02
11033,4685.490000000001
11034,6287.48
11035,3269.8033333333333
11036,6370.381571428572
11037,3249.75
11038,2615.72
11039,4333.64
11040,3591.84
11041,6921.37
11042,4336.11
11043,4076.76
11044,5163.779
11045,7083.45
11046,4843.85
11047,3763.82
11048,8955.02
11049,7952.22
11050,6422.44
11051,2183.9633333333336
11052,5019.707380952381
11053,5273.75
11054,3946.4100000000008
11055,7729.12
11056,6849.707785714286
11057,6307.1425
11058,5968.7
11059,5949.94
11060,7911.02
11061,10338.92
11062,2845.2801666666664
11063,3861.56
11064,4512.2625
11065,5966.6066666666675
11066,5398.0
11067,8508.11
11068,6847.74
11069,6078.33
11070,2687.6180000000004
11071,5893.511333333333
11072,6370.01
11073,3121.9151666666667
11074,5964.82
11075,3204.61
11076,7214.06
11077,5453.54
11078,5188.13926190476
11079,5689.293833333334
11080,3441.996666666667
11081,3442.12
11082,6796.67
11083,4499.620055555556
11084,8807.97
11085,5270.172833333334
11086,7049.990809523809
11087,5546.07
11088,3142.601166666666
11089,7811.428119047621
11090,2451.1
11091,9599.687500000002
11092,5214.63
11093,4313.868166666668
11094,6875.3
11095,4938.6
11096,3843.5879285714286
11097,5337.791309523808
11098,2313.453333333333
11099,2952.69
11100,5109.0975
11101,5784.2880000000005
11102,8654.42
11103,4594.222833333334
11104,5136.563011904762
11105,4137.57
11106,6299.6
11107,3059.77
11108,10347.97
11109,5858.128833333333
11110,12074.9
11111,5254.32
11112,4642.456666666666
11113,13340.74
11114,6974.01
11115,2883.6924285714285
11116,8568.29
11117,7161.85
11118,5499.23
11119,5780.82
11120,4439.59
11121,3389.94
11122,5088.61
11123,3766.95
11124,2726.07
11125,7421.99
11126,5009.9811666666665
11127,20786.705666666672
11128,6926.485166666666
11129,4772.1
11130,9422.37
11131,10379.27
11132,6220.54
11133,7645.35
11134,6189.86
11135,8018.28
11136,8168.77
11137,6146.06
11138,6106.66
11139,7943.48
11140,7542.74
11141,7430.79
11142,8972.79
11143,6241.68
11144,5637.48
11145,5789.73
11146,11271.35
11147,11407.87
11148,9328.11
11149,7854.55
11150,4981.67
11151,7034.64
11152,4497.39
11153,8983.19
11154,11214.23
11155,10879.05
11156,6829.42
11157,5532.51
11158,5130.58
11159,6030.48
11160,10774.69
11161,7493.02
11162,5645.15
11163,6622.19
11164,8295.31
11165,4685.7
11166,7993.3
11167,4587.6
11168,8387.92
11169,8890.35
11170,6467.15
11171,7749.23
11172,8291.18
11173,5011.51
11174,6651.83
11175,7832.87
11176,12183.07
11177,6315.51
11178,8326.57
11179,7554.68
11180,9535.62
11181,7125.22
11182,11186.7
11183,5752.2
11184,5229.6
11185,6485.55
11186,6713.22
11187,11360.81
11188,8399.36
11189,5568.59
11190,7270.82
11191,7499.47
11192,10591.66
11193,4165.02
11194,13526.39
11195,5298.54
11196,6847.22
11197,9308.05
11198,5966.11
11199,6750.87
11200,7208.92
11201,7842.51
11202,5799.05
11203,6759.83
11204,8166.91
11205,8797.74
11206,8604.28
11207,4521.606666666667
11208,7901.42
11209,14264.35
11210,7318.83
11211,4786.28
11212,7727.5
11213,6462.76
11214,7236.28
11215,9429.36
11216,4482.58
11217,9118.82
11218,6402.04
11219,7422.196666666667
11220,7548.66
11221,5360.24
11222,7056.78
11223,6365.22
11224,7956.58
11225,11076.53
11226,5044.23
11227,4917.78
11228,6109.71
11229,6262.03
11230,7477.72
11231,9014.25
11232,7844.39
11233,8096.64
11234,5891.71
11235,4654.26
11236,6697.06
11237,9531.48
11238,9347.53
11239,9053.41
11240,8712.3
11241,6790.53
11242,9627.48
11243,5906.94
11244,7957.52
11245,9764.1
11246,7282.49
11247,9023.74
11248,8685.64
11249,9740.35
11250,6633.14
11251,8214.36
11252,8612.68
11253,6482.08
11254,4871.03
11255,5949.9
11256,8004.87
11257,7138.51
11258,5717.33
11259,9249.34
11260,6170.81
11261,6789.23
11262,6840.38
11263,5753.64
11264,7306.67
11265,8227.93
11266,8036.33
11267,5876.99
11268,5899.89
11269,6808.085
11270,4243.72
11271,7251.26
11272,5082.42
11273,9370.68
11274,7677.67
11275,6923.38
11276,12390.27
11277,4828.21
11278,5702.19
11279,11535.1
11280,7893.19
11281,9068.12
11282,8997.92
11283,6178.5
11284,6049.29
11285,6247.0
11286,7286.51
11287,10992.86
11288,6506.53
11289,3855.85
11290,5373.69
11291,9391.94
11292,10213.56
11293,7228.96
11294,7823.39
11295,5073.904
11296,6052.94
11297,3541.96
11298,5164.71
11299,6678.44
11300,6527.43
11301,6514.42
11302,6701.3
11303,8486.34
11304,9433.68
11305,8273.72
11306,6189.85
11307,9448.21
11308,11733.14
11309,6362.96
11310,8442.62
11311,5477.27
11312,7422.93
11313,4418.9
11314,8321.47
11315,6228.81
11316,9063.858333333334
11317,8073.19
11318,9798.16
11319,8434.63
11320,6397.67
11321,8507.18
11322,18233.79
11323,10512.1
11324,5766.43
11325,3356.11
11326,7044.62
11327,10953.08
11328,7040.03
11329,11203.886666666665
11330,20118.92
11331,4496.46
11332,4833.93
11333,8808.08
11334,5641.16
11335,9768.79
11336,6999.06
11337,7402.74
11338,3683.77
11339,7213.95
11340,8043.0
11341,7737.78
11342,8541.78
11343,7040.81
11344,6908.1
11345,6870.25
11346,5590.73
11347,5421.94
11348,9592.47
11349,6602.8
11350,5880.76
11351,8214.97
11352,5805.21
11353,5540.46
11354,7899.68
11355,7018.71
11356,10391.53
11357,8258.16
11358,8287.99
11359,6514.64
11360,4391.92
11361,6719.19
11362,8119.36
11363,6156.45
11364,4971.88
11365,9360.47
11366,7773.06
11367,10338.88
11368,7241.01
11369,6384.04
11370,6055.22
11371,4918.43
11372,10655.98
11373,6677.56
11374,8710.69
11375,16089.56
11376,8152.4
11377,6902.54
11378,5326.74
11379,5197.31
11380,8750.03
11381,4477.34
11382,5662.53
11383,11792.86
11384,6034.39
11385,15753.75
11386,13092.59
11387,5443.39
11388,7430.1625
11389,6552.8
11390,7421.75
11391,6670.96
11392,13192.88
11393,8277.06
11394,9041.94
11395,5319.8
11396,6866.81
11397,5595.01
11398,9734.89
11399,7797.55
11400,7489.27
11401,7670.93
11402,5575.94
11403,9548.39
11404,10148.71
11405,6335.39
11406,11934.92
11407,7182.95
11408,9115.24
11409,6067.81
11410,6490.9
11411,6032.62
11412,11312.09
11413,7268.28
11414,8967.33
11415,7507.53
11416,9923.55
11417,4560.03
11418,9615.04
11419,6544.48
11420,4766.63
11421,14816.91
11422,18287.79
11423,8982.11
11424,9029.08
11425,10436.89
11426,10784.43
11427,11130.79
11428,6819.49
11429,7449.17
11430,6561.56
11431,9150.64
11432,4262.57
11433,5794.85
11434,6365.21
11435,6132.75
11436,8182.95
11437,5127.246666666667
11438,5268.09
11439,7108.42
11440,5025.96
11441,4517.27
11442,6121.27
11443,7222.0
11444,9940.01
11445,9211.49
11446,7743.27
11447,6214.285
11448,7429.04
11449,11800.06
11450,8344.95
11451,6859.39
11452,4884.9
11453,9550.14
11454,5045.69
11455,7318.346666666667
11456,3483.2
11457,5110.81
11458,8950.17
11459,6896.78
11460,6961.35
11461,10422.77
11462,9472.31
11463,11349.99
11464,7713.06
11465,12185.09
11466,3181.95
11467,6199.76
11468,7269.98
11469,4480.75
11470,9274.61
11471,6364.96
11472,6048.15
11473,9631.9
11474,11041.251666666667
11475,7842.1
11476,5741.22
11477,6120.87
11478,9015.54
11479,8689.25
11480,6056.18
11481,5641.57
11482,8166.955
11483,11119.07
11484,5104.84
11485,5963.24
11486,8622.94
11487,9865.53
11488,13100.37
11489,6132.3
11490,16970.28
11491,7721.41
11492,6472.74
11493,3473.37
11494,6426.54
11495,6900.42
11496,5693.16
11497,8890.81
11498,5404.7
11499,4846.5
11500,8147.45
11501,4200.73
11502,8872.1
11503,7535.97
11504,9270.81
11505,8871.19
11506,5761.3
11507,10259.205
11508,6194.8
11509,5203.03
11510,6237.23
11511,6075.46
11512,10618.71
11513,7229.13
11514,4847.24
11515,8527.49
11516,9696.97
11517,7315.75
11518,6502.53
11519,9240.99
11520,5756.82
11521,5480.19
11522,7201.05
11523,10950.9
11524,6947.69
11525,6494.29
11526,6437.01
11527,6211.59
11528,4258.14
11529,6272.23
11530,9709.71
11531,9467.06
11532,11573.32
11533,11587.65
11534,9181.29
11535,6079.02
11536,5024.08
11537,12009.61
11538,10107.14
11539,9531.1
11540,9078.3
11541,10201.53
11542,6665.5
11543,4855.44
11544,11932.99
11545,5245.39
11546,7142.61
11547,7150.4
11548,3159.47
11549,12117.4
11550,7001.65
11551,3314.01
11552,5482.39
11553,5916.321428571428
11554,7540.03
11555,8142.49
11556,6840.41
11557,4944.11
11558,6221.34
11559,4122.295
11560,4229.31
11561,7912.97
11562,18319.08
11563,5349.07
11564,6217.53
11565,8730.37
11566,5989.88
11567,6019.98
11568,5762.1269999999995
11569,4691.73
11570,9844.66
11571,7227.91
11572,5036.94
11573,8981.31
11574,6704.38
11575,5635.62
11576,9330.58
11577,8424.39
11578,9172.12
11579,5567.74
11580,7484.873333333334
11581,4854.54
11582,6064.97
11583,15276.57
11584,12197.46
11585,7144.17
11586,5802.5666666666675
11587,5038.36
11588,7020.34
11589,4731.56
11590,9287.77
11591,5273.57
11592,6478.98
11593,8062.58
11594,5618.01
11595,7086.15
11596,7602.93
11597,8799.33
11598,7930.39
11599,9881.9
11600,5884.92
11601,9098.47
11602,10893.22
11603,9330.13
11604,7005.47
11605,4992.99
11606,8336.07
11607,6556.89
11608,5371.94
11609,7630.91
11610,7649.25
11611,7167.17
11612,6125.69
11613,7304.89
11614,9071.91
11615,6097.32
11616,7407.4
11617,7946.11
11618,7005.51
11619,9949.52
11620,7038.27
11621,5794.46
11622,12999.27
11623,6174.28
11624,3666.65
11625,9221.65
11626,17190.27
11627,10297.45
11628,5609.04
11629,6683.16
11630,7282.55
11631,7784.3
11632,6623.28
11633,9521.82
11634,3805.37
11635,6845.36
11636,6650.9
11637,6388.42
11638,5451.42
11639,7253.33
11640,10336.6
11641,6301.72
11642,8556.73
11643,8459.93
11644,9401.3
11645,5655.21
11646,7643.89
11647,6643.8
11648,7098.3
11649,9471.92
11650,5178.89
11651,7825.56
11652,8522.34
11653,7328.72
11654,4814.79
11655,3937.695
11656,8085.58
11657,7023.16
11658,9131.8
11659,7997.79
11660,5996.09
11661,9026.33
11662,6678.54
11663,7229.7
11664,9122.66
11665,6524.86
11666,8909.78
11667,12400.52
11668,8265.01
11669,5095.484
11670,7013.55
11671,5348.91
11672,3698.33
11673,9011.25
11674,6497.78
11675,9714.42
11676,5873.66
11677,9577.33
11678,7102.16
11679,11153.8
11680,5666.93
11681,6708.32
11682,6382.96
11683,8037.54
11684,6514.26
11685,8063.04
11686,9035.97
11687,10423.1
11688,7892.88
11689,7130.04
11690,6543.74
11691,4891.39
11692,5776.9175
11693,11648.15
11694,9857.18
11695,7999.52
11696,15388.37
11697,6954.54
11698,6283.52
11699,6395.45
11700,9984.16
11701,11880.34
11702,7643.47
11703,8221.64
11704,8413.66
11705,8516.45
11706,7195.98
11707,6687.63
11708,5636.13
11709,7102.08
11710,3968.74
11711,5684.74
11712,10337.34
11713,17357.94
11714,6624.64
11715,5152.42
11716,8122.52
11717,4168.1
11718,6968.05
11719,4497.25
11720,9180.84
11721,6522.76
11722,7325.85
11723,14139.19
11724,11775.01
11725,7097.88
11726,8186.17
11727,3367.98
11728,5596.583333333334
11729,6375.11
11730,10480.33
11731,5125.95
11732,4686.86
11733,9079.98
11734,8614.76
11735,8847.3
11736,8034.07
11737,3421.28
11738,7314.79
11739,8155.29
11740,8925.07
11741,5331.03
11742,5259.46
11743,8349.9
11744,5264.3
11745,10602.86
11746,4829.38
11747,5823.41
11748,7488.35
11749,10665.19
11750,5323.46
11751,7553.67
11752,7715.48
11753,10148.59
11754,10693.61
11755,6335.56
11756,4305.84
11757,5966.62
11758,7330.11
11759,5246.68
11760,6520.22
11761,6468.09
11762,13392.34
11763,8390.06
11764,7091.24
11765,7794.4
11766,5073.09
11767,9903.87
11768,6185.273333333333
11769,13664.33
11770,6618.57
11771,5887.38
11772,5727.45
11773,4367.45
11774,7560.25
11775,26015.39
11776,4729.92
11777,5514.69
11778,11464.19
11779,7069.04
11780,6397.67
11781,8567.7
11782,6884.96
11783,5810.12
11784,4382.98
11785,9135.27
11786,5899.5
11787,7780.72
11788,7704.44
11789,4904.66
11790,7418.57
11791,7242.2
11792,4078.56
11793,8600.39
11794,10339.15
11795,4324.68
11796,8086.78
11797,7119.945
11798,5670.86
11799,9659.99
11800,7310.685
11801,9550.18
11802,4850.66
11803,5165.73
11804,6487.22
11805,4127.57
11806,7619.18
11807,5285.11
11808,7042.49
11809,5193.85
11810,6103.58
11811,6466.1
11812,6754.23
11813,7023.51
11814,8986.93
11815,6310.0
11816,8070.0725
11817,6654.35
11818,9421.38
11819,8742.03
11820,7587.5
11821,3618.64
11822,6627.19
11823,7423.51
11824,5633.72
11825,13443.85
11826,7030.62
11827,7019.41
11828,10722.36
11829,6479.6
11830,5152.33
11831,12813.87
11832,10044.18
11833,5793.03
11834,9397.04
11835,10953.29
11836,7842.43
11837,5916.73
11838,7970.53
11839,6886.75
11840,7433.91
11841,8167.54
11842,5257.91
11843,7757.04
11844,8417.37
11845,6399.1
11846,8315.12
11847,6404.51
11848,6660.44
11849,4373.94
11850,8125.28
11851,7813.04
11852,7024.97
11853,6556.83
11854,7492.38
11855,10468.3
11856,7159.78
11857,5605.95
11858,6521.593333333332
11859,7532.88
11860,7893.61
11861,4899.85
11862,4067.48
11863,8047.33
11864,6804.35
11865,6088.38
11866,8868.67
11867,7848.55
11868,7220.11
11869,5937.85
11870,4277.41
11871,6928.933333333333
11872,7284.62
11873,7320.72
11874,10205.81
11875,8688.066666666666
11876,5120.35
11877,8704.37
11878,3861.26
11879,3048.94
11880,8097.45
11881,13632.07
11882,8157.84
11883,7886.48
11884,5597.08
11885,7703.57
11886,9462.16
11887,6236.2
11888,8274.0
11889,6845.45
11890,4878.4
11891,5619.64
11892,5657.67
11893,6373.15
11894,6183.39
11895,5425.15
11896,4398.81
11897,7864.42
11898,8243.17
11899,6326.48
11900,6456.63
11901,7551.94
11902,6058.74
11903,5864.88
11904,9776.53
11905,9202.28
11906,7447.77
11907,4655.87
11908,14424.11
11909,7355.32
11910,6074.46
11911,10182.98
11912,8156.81
11913,7563.82
11914,6707.75
11915,5437.67
11916,8617.01
11917,16222.96
11918,5530.24
11919,4884.01
11920,5878.86
11921,6784.87
11922,6891.32
11923,8494.06
11924,9819.27
11925,7113.31
11926,5113.16
11927,6787.57
11928,8779.31
11929,5640.57
11930,7597.54
11931,4752.86
11932,8352.59
11933,7927.96
11934,7938.01
11935,9840.31
11936,6659.96
11937,3828.91
11938,7444.51
11939,9295.48
11940,9161.97
11941,8048.44
11942,7683.906666666668
11943,6626.48
11944,4553.93
11945,10268.97
11946,5524.29
11947,11508.08
11948,7418.46
11949,4288.54
11950,6904.17
11951,6363.99
11952,8117.22
11953,7273.26
11954,4040.38
11955,5366.46
11956,7417.47
11957,9030.5575
11958,10279.01
11959,5551.53
11960,5956.246666666668
11961,6478.72
11962,6930.61
11963,6285.17
11964,8626.12
11965,9239.0
11966,13532.94
11967,5374.68
11968,6632.1
11969,9175.73
11970,8259.07
11971,6114.36
11972,11041.78
11973,7438.73
11974,5603.34
11975,6801.56
11976,5316.54
11977,5601.59
11978,6864.38
11979,6405.45
11980,5597.53
11981,9709.23
11982,7005.94
11983,21530.88
11984,7458.895
11985,4575.66
11986,9755.42
11987,9817.39
11988,7221.85
11989,7194.87
11990,6215.54
11991,8294.87
11992,8369.69
11993,5718.45
11994,6158.38
11995,6721.35
11996,7462.3
11997,7818.26
11998,9265.22
11999,5746.78
12000,5174.89
12001,5773.63
12002,10204.82
12003,12103.64
12004,9530.37
12005,7490.96
12006,5805.69
12007,6708.46
12008,4155.47
12009,8819.26
12010,11217.18
12011,10374.88
12012,6449.6
12013,5569.08
12014,4980.31
12015,5764.03
12016,10545.06
12017,7862.79
12018,5648.56
12019,6347.52
12020,8364.96
12021,4120.83
12022,7713.23
12023,4594.51
12024,7473.38
12025,8522.9
12026,6058.36
12027,7823.3
12028,7830.8
12029,4944.13
12030,6700.17
12031,7222.14
12032,11258.6
12033,5597.92
12034,8259.3
12035,7553.72
12036,9639.26
12037,6666.903333333333
12038,10954.86
12039,5495.95
12040,5473.87
12041,6577.48
12042,6629.96
12043,10332.27
12044,8143.54
12045,5340.0
12046,7505.74
12047,7032.63
12048,10851.87
12049,3742.6
12050,14165.99
12051,5356.99
12052,6361.83
12053,9210.18
12054,5961.54
12055,6512.97
12056,6759.64
12057,7463.71
12058,5806.5
12059,6167.05
12060,7382.94
12061,7556.21
12062,8174.02
12063,4327.233333333334
12064,7488.51
12065,12234.24
12066,7093.52
12067,5283.93
12068,6949.8
12069,6148.14
12070,6564.15
12071,8129.7
12072,4201.8
12073,8653.8
12074,6262.84
12075,7292.09
12076,7339.24
12077,4780.53
12078,6721.21
12079,5927.14
12080,7770.2
12081,10178.63
12082,4592.093333333333
12083,4860.28
12084,5904.01
12085,5497.265
12086,7021.87
12087,8325.2
12088,7500.59
12089,8195.1
12090,5581.82
12091,5016.19
12092,6651.47
12093,9593.79
12094,8910.11
12095,8243.24
12096,8503.24
12097,6751.8
12098,8980.26
12099,6098.96
12100,8253.32
12101,9764.76
12102,6462.71
12103,8654.68
12104,8145.19
12105,9025.33
12106,6262.92
12107,8088.55
12108,8219.7
12109,6161.37
12110,4410.68
12111,5779.31
12112,7665.85
12113,6588.1
12114,5192.03
12115,8783.72
12116,6185.99
12117,5795.55
12118,6320.21
12119,5845.05
12120,7849.64
12121,8172.38
12122,7753.97
12123,5894.17
12124,5746.81
12125,6568.37
12126,4144.89
12127,6384.35
12128,5236.58
12129,9390.46
12130,7730.1
12131,6702.03
12132,10632.03
12133,5438.57
12134,5539.04
12135,11446.45
12136,7348.16
12137,9073.32
12138,8608.44
12139,6348.17
12140,6189.45
12141,5398.76
12142,7823.36
12143,11512.49
12144,6823.47
12145,3758.91
12146,5200.96
12147,8741.6
12148,9807.83
12149,6546.03
12150,7746.26
12151,4908.59
12152,5838.6
12153,3555.41
12154,5271.36
12155,6141.17
12156,6599.56
12157,6569.91
12158,5990.36
12159,7405.73
12160,9756.77
12161,7960.2
12162,5614.92
12163,9408.536666666667
12164,10547.57
12165,6563.12
12166,7858.44
12167,5414.16
12168,6606.8
12169,4441.15
12170,8439.06
12171,5771.83
12172,9019.266
12173,7834.48
12174,9294.55
12175,8407.04
12176,6013.57
12177,8487.61
12178,19638.04
12179,10692.14
12180,5605.79
12181,3079.12
12182,6814.52
12183,11435.82
12184,6174.8
12185,11310.53
12186,20296.47
12187,4101.54
12188,4939.8
12189,9919.98
12190,5671.33
12191,9381.81
12192,7345.56
12193,7730.68
12194,3218.633333333333
12195,6641.45
12196,7087.7
12197,8163.8
12198,8618.27
12199,6616.93
12200,6592.78
12201,6555.49
12202,5424.51
12203,4774.61
12204,8938.72
12205,6812.68
12206,5708.79
12207,8218.39
12208,5834.04
12209,5936.59
12210,7644.24
12211,6865.81
12212,9780.88
12213,7546.29
12214,7653.09
12215,6210.5
12216,4016.18
12217,6653.04
12218,7699.39
12219,6367.3
12220,4542.37
12221,9433.02
12222,7914.54
12223,9782.04
12224,6950.77
12225,6294.35
12226,5756.92
12227,5026.38
12228,10338.22
12229,5321.57
12230,8150.73
12231,16595.67
12232,7763.75
12233,8772.08
12234,5063.98
12235,4981.8
12236,8268.13
12237,3918.15
12238,5457.86
12239,12297.41
12240,5846.13
12241,16098.22
12242,15079.07
12243,4730.7
12244,7379.876666666666
12245,6927.87
12246,7013.79
12247,6339.18
12248,12962.6
12249,8048.25
12250,10099.18
12251,5209.94
12252,7069.15
12253,5225.24
12254,9812.05
12255,7104.62
12256,7165.37
12257,6730.74
12258,5446.04
12259,8712.43
12260,10319.85
12261,5842.29
12262,11542.55
12263,7596.6
12264,10006.64
12265,5741.73
12266,5990.53
12267,5942.46
12268,10737.45
12269,6733.45
12270,9499.59
12271,7189.45
12272,9595.06
12273,4156.4
12274,8961.02
12275,6667.32
12276,4438.81
12277,14097.08
12278,18637.12
12279,8106.16
12280,8572.28
12281,10535.65
12282,11315.48
12283,11479.87
12284,6427.17
12285,7474.66
12286,6118.36
12287,8552.61
12288,3996.95
12289,5555.44
12290,5567.65
12291,5989.92
12292,8140.2
12293,5223.53
12294,4942.62
12295,6667.71
12296,4716.18
12297,4537.6
12298,6421.27
12299,6974.66
12300,10272.7
12301,8817.72
12302,7308.07
12303,6012.0825
12304,6764.58
12305,12568.95
12306,8271.21
12307,6047.32
12308,4664.8
12309,8561.96
12310,5207.84
12311,6556.01
12312,3736.17
12313,5527.58
12314,8223.01
12315,5359.93
12316,6282.74
12317,10113.75
12318,9590.84
12319,12123.0
12320,8342.73
12321,11068.44
12322,3417.42
12323,5476.52
12324,6376.89
12325,4215.91
12326,8046.31
12327,5884.02
12328,5871.06
12329,9626.63
12330,10847.52
12331,9993.2
12332,5442.15
12333,5758.43
12334,9379.71
12335,7991.82
12336,6561.71
12337,5281.96
12338,6560.835
12339,10918.86
12340,4518.72
12341,6242.89
12342,8360.01
12343,8689.36
12344,14965.54
12345,5807.48
12346,16466.5
12347,6700.72
12348,6395.1
12349,4173.52
12350,6265.4
12351,6342.74
12352,5327.72
12353,8799.1
12354,4931.31
12355,4995.79
12356,7478.99
12357,4007.0
12358,8365.21
12359,7094.12
12360,8823.47
12361,8185.64
12362,5455.62
12363,9184.85
12364,5911.31
12365,5245.26
12366,5602.03
12367,5993.18
12368,10728.51
12369,6651.79
12370,4900.74
12371,8213.38
12372,8673.51
12373,7115.94
12374,6471.38
12375,8984.54
12376,5570.13
12377,5121.31
12378,6778.94
12379,8908.45
12380,6996.77
12381,6540.81
12382,5924.34
12383,5747.67
12384,3961.84
12385,6088.93
12386,9136.37
12387,9322.38
12388,10900.32
12389,11601.58
12390,8848.54
12391,6465.4
12392,4878.23
12393,11949.84
12394,9595.01
12395,8325.38
12396,9449.03
12397,9130.37
12398,6546.09
12399,5036.83
12400,11226.0
12401,4980.44
12402,7210.84
12403,6775.81
12404,3359.62
12405,12643.57
12406,6421.02
12407,3596.42
12408,4792.32
12409,5960.06
12410,7097.18
12411,8282.56
12412,6509.71
12413,4910.91
12414,6008.41
12415,4403.43
12416,4076.53
12417,7407.73
12418,18434.0
12419,5840.36
12420,5866.1175
12421,8734.19
12422,5606.33
12423,6123.33
12424,4438.82
12425,4682.2
12426,8671.1
12427,7531.84
12428,4764.78
12429,8485.37
12430,6095.49
12431,4996.07
12432,9209.03
12433,8468.31
12434,10699.77
12435,5725.08
12436,7813.66
12437,5072.63
12438,5894.36
12439,15874.16
12440,10695.82
12441,7069.66
12442,6105.11
12443,4811.42
12444,5858.62
12445,5604.94
12446,12126.34
12447,5306.28
12448,6099.26
12449,7382.72
12450,4818.21
12451,7112.77
12452,7678.46
12453,8257.58
12454,7232.52
12455,10391.34
12456,5536.52
12457,7721.69
12458,11606.48
12459,8973.51
12460,6789.64
12461,5332.15
12462,7752.83
12463,6665.3
12464,5035.01
12465,7372.25
12466,7362.62
12467,6404.36
12468,6096.98
12469,6799.39
12470,7218.79
12471,5820.78
12472,7447.74
12473,7088.07
12474,6787.03
12475,9764.34
12476,6121.25
12477,5555.37
12478,12469.3
12479,6955.39
12480,3845.42
12481,8843.29
12482,17144.18
12483,10473.07
12484,5468.33
12485,6490.02
12486,5760.82
12487,7677.84
12488,6477.09
12489,9456.84
12490,3623.26
12491,6704.15
12492,6492.86
12493,6597.0
12494,5348.39
12495,6902.09
12496,9859.7
12497,6071.82
12498,8664.04
12499,8176.74
12500,9150.04
12501,5290.85
12502,7164.62
12503,6654.1
12504,7510.66
12505,8504.1
12506,5167.03
12507,7755.69
12508,8383.73
12509,7899.84
12510,4430.71
12511,4013.034
12512,7429.83
12513,6573.68
12514,8651.14
12515,7223.56
12516,6165.73
12517,8878.09
12518,7273.67
12519,6729.59
12520,8976.77
12521,5911.6
12522,8917.09
12523,10863.4
12524,8429.216666666667
12525,4651.48
12526,6584.48
12527,5005.76
12528,3746.67
12529,9092.8
12530,5972.96
12531,8913.44
12532,5525.46
12533,9092.55
12534,6830.83
12535,10963.1
12536,5035.92
12537,6181.83
12538,5993.94
12539,7921.61
12540,6359.71
12541,7905.29
12542,8257.04
12543,10217.93
12544,7640.85
12545,7049.345
12546,6369.04
12547,4830.66
12548,4877.65
12549,10870.24
12550,9613.36
12551,8303.62
12552,14822.62
12553,7224.25
12554,6322.44
12555,6817.5
12556,9267.85
12557,11320.1
12558,6907.3
12559,7680.14
12560,7960.54
12561,8092.48
12562,7331.35
12563,6061.76
12564,5437.81
12565,6235.9
12566,4381.35
12567,5859.71
12568,10048.26
12569,17578.24
12570,5887.63
12571,5323.4
12572,7978.04
12573,4051.99
12574,6900.22
12575,4382.57
12576,9432.38
12577,6119.83
12578,6407.89
12579,14683.71
12580,10674.84
12581,6974.76
12582,7584.58
12583,3668.05
12584,5367.2225
12585,6281.18
12586,10068.43
12587,5051.44
12588,4338.69
12589,8905.12
12590,8227.23
12591,8415.98
12592,8136.31
12593,3350.47
12594,6648.79
12595,8138.61
12596,8866.93
12597,5152.15
12598,4620.82
12599,8630.41
12600,4906.13
12601,9307.01
12602,5053.13
12603,5718.09
12604,7203.37
12605,9355.9
12606,5009.7
12607,6705.97
12608,7299.35
12609,9689.38
12610,10177.5
12611,6291.24
12612,4393.68
12613,5583.06
12614,6973.45
12615,4896.62
12616,7227.1833333333325
12617,6063.28
12618,12900.96
12619,8014.44
12620,6698.84
12621,8090.19
12622,5045.83
12623,9786.2
12624,6171.64
12625,15885.29
12626,6273.9619999999995
12627,5934.41
12628,5411.01
12629,4386.7
12630,7662.9
12631,21325.5
12632,4643.7
12633,4833.8
12634,10298.74
12635,6898.29
12636,6130.12
12637,7545.98
12638,7225.9
12639,5449.61
12640,5009.33
12641,8901.64
12642,5689.14
12643,8185.11
12644,7515.79
12645,4641.22
12646,7222.75
12647,6753.17
12648,4121.23
12649,8391.3
12650,9902.71
12651,4258.16
12652,7678.843333333332
12653,7040.891666666666
12654,5103.21
12655,9084.72
12656,6130.711666666666
12657,9052.35
12658,4468.59
12659,5027.79
12660,6505.39
12661,4176.74
12662,7339.88
12663,5394.29
12664,6620.54
12665,5236.88
12666,5654.43
12667,6670.47
12668,6290.64
12669,7045.74
12670,8548.77
12671,5726.75
12672,8326.85
12673,6583.37
12674,9095.55
12675,8442.44
12676,7502.86
12677,3336.54
12678,6069.2
12679,7434.55
12680,5163.94
12681,11488.64
12682,6942.43
12683,7269.15
12684,10720.79
12685,6877.46
12686,5070.36
12687,11914.58
12688,10307.5
12689,5806.42
12690,9514.92
12691,11477.83
12692,6516.72
12693,5856.29
12694,7497.26
12695,6233.18
12696,6982.0
12697,7884.45
12698,5031.42
12699,6503.46
12700,7550.19
12701,6782.17
12702,7857.01
12703,6437.71
12704,6751.15
12705,5012.28
12706,7788.3
12707,7022.07
12708,6985.2
12709,6570.93
12710,7321.04
12711,9979.4
12712,5825.25
12713,5823.9
12714,6455.41
12715,6448.48
12716,7778.76
12717,4836.15
12718,4060.59
12719,7714.41
12720,6396.41
12721,5762.88
12722,8279.74
12723,7216.44
12724,7111.68
12725,6028.99
12726,4297.01
12727,6490.24
12728,6380.94
12729,7001.4
12730,9654.91
12731,8781.44
12732,5007.37
12733,9041.41
12734,3958.01
12735,3694.14
12736,8021.29
12737,13344.64
12738,8155.17
12739,7429.6
12740,5612.81
12741,7482.63
12742,9345.18
12743,6090.5
12744,8079.98
12745,6294.59
12746,5688.92
12747,5330.7
12748,5628.18
12749,6213.05
12750,5223.73
12751,5204.99
12752,4277.44
12753,7694.8
12754,8003.34
12755,5717.15
12756,6540.73
12757,7207.1
12758,6198.59
12759,5673.72
12760,9123.51
12761,8968.76
12762,7328.26
12763,4286.42
12764,13530.12
12765,7103.48
12766,5935.98
12767,10267.56
12768,8003.065
12769,7565.81
12770,6413.17
12771,5518.29
12772,7026.38
12773,15889.4
12774,4659.26
12775,5230.24
12776,4865.53
12777,7496.06
12778,6020.6
12779,8068.34
12780,9755.95
12781,6647.19
12782,4766.62
12783,6561.39
12784,9107.86
12785,4939.97
12786,7385.18
12787,4351.71
12788,7953.8
12789,7999.67
12790,8122.91
12791,9625.57
12792,6156.02
12793,3627.65
12794,7167.63
12795,7455.98
12796,8921.82
12797,8091.06
12798,7316.24
12799,7384.25
12800,4360.34
12801,9783.375
12802,4776.58
12803,10886.81
12804,6811.54
12805,4129.93
12806,7096.41
12807,6768.04
12808,8457.85
12809,7585.36
12810,4117.0
12811,5024.91
12812,7399.74
12813,8601.5
12814,8780.06
12815,4840.43
12816,6157.276666666668
12817,6632.97
12818,6693.08
12819,6505.84
12820,9435.64
12821,8795.08
12822,12931.06
12823,4951.95
12824,5969.14
12825,9263.48
12826,9118.06
12827,6150.98
12828,11281.48
12829,6717.63
12830,5552.92
12831,6300.16
12832,5223.98
12833,5126.55
12834,6590.59
12835,5826.97
12836,5544.96
12837,9496.15
12838,7298.77
12839,20809.16
12840,7437.765
12841,4995.98
12842,9509.59
12843,10189.78
12844,6264.22
12845,7726.19
12846,5597.94
12847,8967.14
12848,8635.9
12849,6255.62
12850,6147.73
12851,7112.3
12852,7482.45
12853,7729.46
12854,8943.07
12855,5595.32
12856,5202.16
12857,5593.37
12858,10827.62
12859,12079.3
12860,10671.83
12861,8059.26
12862,5046.26
12863,6662.99
12864,4928.67
12865,9230.73
12866,11413.06
12867,10494.74
12868,6945.93
12869,5700.42
12870,5093.62
12871,6074.11
12872,11709.82
12873,7701.42
12874,5361.24
12875,6408.72
12876,8668.41
12877,4096.95
12878,8136.51
12879,4410.17
12880,7087.61
12881,8451.8
12882,6192.11
12883,7585.45
12884,7508.96
12885,5473.41
12886,7133.47
12887,7243.9
12888,10906.766666666665
12889,5658.84
12890,8891.47
12891,8074.77
12892,10052.243333333334
12893,6477.91
12894,10547.49
12895,5523.1
12896,5258.84
12897,7380.55
12898,6589.15
12899,10164.41
12900,8056.34
12901,5431.82
12902,7338.94
12903,7261.89
12904,9935.3
12905,4294.66
12906,15741.33
12907,5656.81
12908,6367.82
12909,9924.0
12910,6779.57
12911,6004.02
12912,6532.84
12913,7540.57
12914,5615.51
12915,6248.92
12916,7927.34
12917,7521.53
12918,8464.46
12919,4329.97
12920,7371.34
12921,11952.88
12922,7227.36
12923,5468.12
12924,7437.24
12925,5933.14
12926,6509.26
12927,8212.98
12928,4507.98
12929,8964.57
12930,6823.23
12931,7547.6
12932,8557.3
12933,5144.99
12934,6589.96
12935,6093.64
12936,8224.28
12937,10479.45
12938,5379.59
12939,4894.37
12940,6000.35
12941,5750.06
12942,7038.99
12943,8536.33
12944,7489.65
12945,8269.51
12946,5570.74
12947,5338.23
12948,6747.29
12949,9740.38
12950,10246.76
12951,8361.97
12952,9117.69
12953,6651.31
12954,9459.54
12955,7150.02
12956,8983.6
12957,10247.69
12958,6707.4
12959,8957.71
12960,8526.23
12961,8955.5
12962,6616.7
12963,8275.86
12964,8366.23
12965,6468.6
12966,4606.05
12967,5652.16
12968,8583.56
12969,6749.54
12970,5402.92
12971,9095.14
12972,6786.05
12973,6106.34
12974,6665.97
12975,5887.83
12976,8371.365
12977,8172.34
12978,7683.47
12979,5624.696666666667
12980,5890.87
12981,7270.15
12982,4154.85
12983,6422.4
12984,5477.625
12985,9653.56
12986,7777.77
12987,6991.85
12988,10795.78
12989,6575.23
12990,5401.39
12991,11859.625
12992,7968.87
12993,8579.58
12994,8762.99
12995,5192.03
12996,6241.91
12997,5618.57
12998,7494.895
12999,12744.85
13000,6839.19
13001,3749.36
13002,6210.43
13003,9450.76
13004,9489.86
13005,7370.93
13006,7592.02
13007,5195.86
13008,5724.49
13009,3500.19
13010,5672.34
13011,6214.05
13012,7189.36
13013,7324.966666666669
13014,6435.37
13015,8412.63
13016,9046.85
13017,8353.53
13018,5629.99
13019,10003.32
13020,12588.62
13021,6122.51
13022,8271.24
13023,5319.57
13024,7182.83
13025,4120.23
13026,7994.42
13027,6247.73
13028,9243.44
13029,7636.32
13030,9501.13
13031,8928.67
13032,5958.29
13033,8831.42
13034,19856.59
13035,11535.04
13036,6087.15
13037,3206.13
13038,6763.46
13039,11193.58
13040,6377.29
13041,11815.156666666666
13042,20453.64
13043,4067.09
13044,5001.27
13045,8070.39
13046,6291.04
13047,10832.72
13048,7227.45
13049,7878.22
13050,3436.1
13051,7044.35
13052,7802.95
13053,8356.22
13054,9882.92
13055,6307.11
13056,6917.8
13057,7295.38
13058,6060.4
13059,5324.19
13060,8887.58
13061,6754.62
13062,5929.77
13063,8671.51
13064,5979.53
13065,6069.45
13066,8190.67
13067,7072.9
13068,9771.14
13069,7847.55
13070,6932.45
13071,6286.59
13072,3840.02
13073,7083.49
13074,7510.03
13075,5888.89
13076,4745.62
13077,9852.0
13078,7529.77
13079,9753.17
13080,7172.36
13081,5961.22
13082,6020.04
13083,5135.31
13084,10607.2
13085,5470.06
13086,8385.45
13087,15956.26
13088,7708.18
13089,7190.04
13090,4948.11
13091,5242.47
13092,8079.38
13093,4089.03
13094,5934.18
13095,12686.78
13096,5579.83
13097,17600.92
13098,15419.23
13099,4897.51
13100,7628.34
13101,6281.5
13102,6982.77
13103,6645.96
13104,13208.9
13105,7917.69
13106,9565.87
13107,5863.84
13108,7643.86
13109,4642.33
13110,9363.32
13111,7132.94
13112,7115.85
13113,6358.665
13114,5276.73
13115,9017.89
13116,10301.09
13117,5747.21
13118,12295.97
13119,7037.63
13120,10645.137999999999
13121,5378.41
13122,6607.52
13123,6343.68
13124,11162.72
13125,6768.08
13126,7946.52
13127,7253.11
13128,9734.78
13129,4157.43
13130,8963.28
13131,6576.6
13132,4123.97
13133,16152.56
13134,18490.455
13135,8496.36
13136,8677.71
13137,10888.75
13138,11703.46
13139,11781.5
13140,6260.55
13141,8308.94
13142,6253.31
13143,8307.65
13144,4279.07
13145,5857.53
13146,6010.95
13147,6028.43
13148,8499.86
13149,5287.91
13150,5136.21
13151,6665.72
13152,4534.41
13153,4806.11
13154,5914.06
13155,8046.91
13156,9788.24
13157,9316.21
13158,7549.1
13159,6063.506666666666
13160,6920.24
13161,12192.12
13162,8912.8
13163,5997.31
13164,4792.79
13165,8839.97
13166,4969.72
13167,7209.7
13168,3491.51
13169,6146.35
13170,8132.98
13171,5681.84
13172,6447.06
13173,10081.91
13174,10065.2
13175,12461.58
13176,8055.43
13177,10953.99
13178,3807.99
13179,5785.82
13180,6369.93
13181,4151.03
13182,8669.405
13183,6071.19
13184,6076.62
13185,9912.32
13186,11678.25
13187,8815.0
13188,5390.45
13189,5695.63
13190,11217.51
13191,8863.91
13192,6144.67
13193,5240.8
13194,7001.915
13195,10711.61
13196,5204.263333333333
13197,6610.02
13198,8669.98
13199,9119.72
13200,14576.86
13201,5755.35
13202,17368.97
13203,7129.48
13204,6592.89
13205,3702.61
13206,6597.95
13207,6414.54
13208,5713.672
13209,7651.02
13210,5225.71
13211,5011.67
13212,7347.05
13213,4080.6
13214,8296.98
13215,7101.63
13216,8841.36
13217,8912.4
13218,5411.82
13219,9516.409999999998
13220,6456.7
13221,5152.68
13222,5502.64
13223,6585.22
13224,10792.92
13225,6256.98
13226,5089.06
13227,8932.15
13228,8922.91
13229,7429.07
13230,6910.87
13231,9561.0
13232,5693.82
13233,5173.38
13234,6785.27
13235,8906.83
13236,6929.21
13237,6491.983333333333
13238,6241.54
13239,5616.41
13240,4090.84
13241,5045.79
13242,8949.05
13243,9362.0
13244,11430.03
13245,12696.25
13246,8831.3
13247,6820.76
13248,5230.29
13249,11965.02
13250,9573.21
13251,8506.57
13252,9143.92
13253,8817.1
13254,6240.33
13255,5401.42
13256,11652.39
13257,5896.26
13258,7215.41
13259,6881.77
13260,3770.42
13261,12865.17
13262,6629.57
13263,4476.9
13264,4824.92
13265,6729.79
13266,7699.09
13267,9046.33
13268,6589.68
13269,5323.81
13270,5955.83
13271,5484.25
13272,3831.93
13273,7229.89
13274,17634.97
13275,5680.68
13276,5886.39
13277,9275.42
13278,5438.56
13279,6322.95
13280,4947.68
13281,4969.62
13282,8251.99
13283,7247.59
13284,5154.53
13285,9302.78
13286,6566.09
13287,4839.68
13288,9587.14
13289,8528.25
13290,10435.05
13291,6324.37
13292,8111.636666666667
13293,5363.685
13294,5820.03
13295,17522.08
13296,10865.67
13297,6948.07
13298,6565.228333333333
13299,4770.9
13300,5740.28
13301,4665.52
13302,10677.33
13303,5348.33
13304,6137.67
13305,7467.79
13306,5039.26
13307,6893.86
13308,7529.32
13309,9044.15
13310,7115.76
13311,10472.12
13312,5816.55
13313,7943.05
13314,11690.34
13315,8901.3
13316,6752.66
13317,4928.59
13318,8564.79
13319,7192.62
13320,4881.35
13321,7254.94
13322,8008.97
13323,6488.79
13324,6311.7
13325,6996.01
13326,7637.04
13327,5557.71
13328,7317.17
13329,7074.46
13330,6875.63
13331,9885.13
13332,6097.62
13333,5639.25
13334,12936.21
13335,7030.46
13336,4140.01
13337,8700.89
13338,16900.5
13339,10985.01
13340,5540.08
13341,6927.98
13342,6174.18
13343,7705.33
13344,6459.3
13345,9319.21
13346,3618.49
13347,7374.6
13348,6623.0
13349,6825.17
13350,5115.74
13351,7199.97
13352,9461.44
13353,6157.82
13354,8977.77
13355,7639.12
13356,9471.1
13357,5228.37
13358,7486.01
13359,6709.79
13360,7062.65
13361,9092.49
13362,4900.37
13363,7742.13
13364,8495.65
13365,7489.94
13366,4750.11
13367,3953.29
13368,8582.82
13369,6787.36
13370,9109.79
13371,7280.94
13372,6258.38
13373,7869.285
13374,7382.23
13375,7194.33
13376,9345.83
13377,5948.12
13378,9002.75
13379,11729.12
13380,8329.091666666667
13381,4896.9
13382,6653.9
13383,5026.17
13384,3617.29
13385,9188.09
13386,5863.89
13387,9255.76
13388,5555.04
13389,8538.42
13390,7129.91
13391,12368.1
13392,4987.96
13393,6627.58
13394,6735.03
13395,8018.3
13396,6747.1
13397,8054.46
13398,7974.16
13399,10465.69
13400,7527.63
13401,7120.39
13402,5936.8
13403,5135.14
13404,4679.18
13405,11720.53
13406,10239.735
13407,8143.81
13408,15824.24
13409,7500.65
13410,6505.42
13411,6874.09
13412,9439.39
13413,11691.54
13414,7576.44
13415,7471.7
13416,8385.25
13417,8063.45
13418,6945.38
13419,5943.1
13420,5433.86
13421,6258.61
13422,4637.25
13423,6225.8
13424,9992.68
13425,18436.945
13426,6603.23
13427,5481.28
13428,8839.91
13429,3666.76
13430,6906.79
13431,4079.3
13432,9177.19
13433,6742.98
13434,6428.46
13435,14983.1
13436,11341.94
13437,7164.09
13438,7405.76
13439,3749.21
13440,5852.193333333333
13441,6315.08
13442,9984.11
13443,5314.67
13444,4037.27
13445,9061.98
13446,8083.42
13447,8419.44
13448,7693.51
13449,3350.45
13450,6594.09
13451,8600.29
13452,8578.09
13453,5352.91
13454,5517.93
13455,8628.86
13456,5137.35
13457,10293.88
13458,4929.99
13459,5679.64
13460,7160.7
13461,9798.93
13462,5158.11
13463,6738.18
13464,7676.33
13465,10070.56
13466,10976.04
13467,6122.19
13468,4173.24
13469,5828.52
13470,6964.69
13471,4900.68
13472,6948.976
13473,6079.73
13474,13543.02
13475,8204.29
13476,6699.71
13477,8739.5
13478,5280.92
13479,9998.69
13480,6298.59
13481,17189.19
13482,6480.096666666666
13483,5818.52
13484,5354.24
13485,3866.05
13486,7881.71
13487,20896.37
13488,5213.57
13489,4966.19
13490,10453.92
13491,7600.653333333333
13492,5984.21
13493,8241.16
13494,6800.82
13495,5649.67
13496,5055.13
13497,9839.22
13498,5817.22
13499,7980.09
13500,7976.79
13501,4943.45
13502,7851.48
13503,6762.05
13504,3912.32
13505,8605.32
13506,9421.62
13507,4717.57
13508,7740.11
13509,6896.99
13510,5074.14
13511,9202.7
13512,6192.661666666666
13513,9084.88
13514,4602.43
13515,5011.84
13516,8040.62
13517,4151.52
13518,7543.04
13519,6315.77
13520,6769.21
13521,5079.51
13522,5992.78
13523,7063.49
13524,6160.74
13525,6858.48
13526,8455.78
13527,5811.33
13528,8586.15
13529,7472.16
13530,10047.74
13531,8399.97
13532,7447.41
13533,3414.36
13534,6376.22
13535,7893.28
13536,5934.89
13537,12364.84
13538,6801.99
13539,7361.05
13540,10706.71
13541,6208.65
13542,5167.78
13543,13209.9
13544,10636.04
13545,6103.53
13546,9945.41
13547,10285.72
13548,6581.41
13549,6196.65
13550,7734.41
13551,6356.88
13552,7093.93
13553,7371.44
13554,5153.85
13555,6959.64
13556,7646.01
13557,6999.63
13558,9013.93
13559,6505.32
13560,7433.5
13561,4591.32
13562,7745.68
13563,7438.03
13564,6440.24
13565,6723.79
13566,7231.42
13567,9763.01
13568,5788.85
13569,5746.79
13570,6065.245
13571,7156.05
13572,7623.99
13573,5064.99
13574,4149.3
13575,8595.89
13576,6484.38
13577,5879.58
13578,9029.49
13579,7495.34
13580,8354.02
13581,5724.52
13582,4606.05
13583,6494.79
13584,6542.02
13585,7416.51
13586,10146.16
13587,11377.954
13588,5453.77
13589,8733.11
13590,4160.85
13591,3567.61
13592,8809.12
13593,14588.41
13594,7622.77
13595,7825.58
13596,5802.65
13597,7712.07
13598,10199.95
13599,6445.08
13600,8015.15
13601,7528.2
13602,5055.39
13603,5860.98
13604,5425.55
13605,6586.43
13606,5406.12
13607,5216.59
13608,4287.93
13609,7902.97
13610,8233.07
13611,5517.42
13612,6632.58
13613,7147.78
13614,6268.69
13615,5855.32
13616,9406.2
13617,9162.52
13618,6900.09
13619,4484.95
13620,14196.35
13621,6534.7
13622,6078.97
13623,10332.68
13624,8379.07
13625,7863.57
13626,6489.74
13627,5468.11
13628,7421.13
13629,15541.52
13630,5259.7
13631,5659.78
13632,5156.91
13633,7593.71
13634,6000.67
13635,8612.41
13636,9653.12
13637,6895.65
13638,4558.35
13639,7120.57
13640,8969.48
13641,5113.24
13642,7598.43
13643,4413.17
13644,7763.1
13645,8315.01
13646,7740.73
13647,10359.53
13648,6596.63
13649,3709.72
13650,6760.9
13651,8485.918
13652,9046.59
13653,8071.15
13654,6845.49
13655,6954.3
13656,4317.03
13657,10052.41
13658,5225.61
13659,11382.06
13660,6616.09
13661,4680.75
13662,7410.85
13663,6855.26
13664,8576.87
13665,8075.81
13666,3915.46
13667,5291.19
13668,8317.4
13669,9213.35
13670,10230.25
13671,5385.52
13672,5972.312333333334
13673,7121.7
13674,6454.53
13675,6530.74
13676,9232.95
13677,8920.77
13678,12323.58
13679,4919.66
13680,6609.71
13681,9203.88
13682,8515.01
13683,6223.39
13684,11039.95
13685,7866.69
13686,5702.94
13687,6350.86
13688,5327.83
13689,5596.57
13690,6803.63
13691,5975.21
13692,5548.8
13693,9780.5
13694,6986.73
13695,22125.89
13696,6731.7
13697,4988.85
13698,10141.62
13699,11467.31
13700,7159.02
13701,7953.55
13702,6015.05
13703,8755.99
13704,9844.84
13705,6424.25
13706,6376.2
13707,7817.51
13708,8002.84
13709,7840.22
13710,9186.11
13711,7155.87
13712,5493.61
13713,6089.55
13714,11158.6
13715,12589.61
13716,11296.88
13717,9288.07
13718,6477.93
13719,6925.96
13720,4635.68
13721,9236.98
13722,12259.57
13723,10049.36
13724,6865.23
13725,6422.8
13726,5854.9
13727,6120.26
13728,11742.975
13729,8680.23
13730,5016.05
13731,6748.6
13732,8782.07
13733,4346.58
13734,7723.58
13735,4613.91
13736,6971.56
13737,8069.93
13738,6537.56
13739,8089.62
13740,7495.5
13741,5842.31
13742,8197.5
13743,7462.84
13744,11285.46
13745,6310.68
13746,9144.33
13747,7958.2
13748,11049.42
13749,7711.23
13750,10891.21
13751,5711.79
13752,5979.69
13753,7359.24
13754,6861.48
13755,10447.76
13756,8701.17
13757,6181.27
13758,7910.67
13759,6807.06
13760,10980.04
13761,5035.76
13762,15666.08
13763,5499.13
13764,6280.13
13765,10024.96
13766,6830.7
13767,6805.15
13768,7662.06
13769,8932.11
13770,5886.05
13771,6345.17
13772,8251.88
13773,8189.31
13774,8473.09
13775,4143.72
13776,7884.73
13777,11225.38
13778,7865.32
13779,5822.54
13780,7519.67
13781,6273.48
13782,6413.4
13783,8603.82
13784,4895.05
13785,9128.8
13786,7139.7
13787,8399.99
13788,9104.12
13789,5089.72
13790,6988.22
13791,5938.41
13792,8256.725
13793,10823.31
13794,5439.416
13795,5758.91
13796,6118.92
13797,5964.718333333334
13798,6690.11
13799,8902.44
13800,7494.82
13801,8691.0
13802,5780.83
13803,4872.07
13804,7882.53
13805,10216.03
13806,10346.25
13807,8995.51
13808,9629.82
13809,6854.39
13810,9948.63
13811,7137.46
13812,9730.76
13813,10415.24
13814,7049.15
13815,9979.25
13816,9262.37
13817,8859.01
13818,7051.97
13819,8386.64
13820,8858.23
13821,7212.99
13822,4358.42
13823,5775.57
13824,8855.67
13825,7389.26
13826,5752.17
13827,10408.7
13828,6583.65
13829,6080.26
13830,7208.75
13831,6363.63
13832,9090.9
13833,8131.9
13834,8421.62
13835,6034.22
13836,5785.09
13837,8087.32
13838,4185.08
13839,8795.74
13840,5737.28
13841,9604.4
13842,7692.6
13843,6717.39
13844,10233.88
13845,6539.84
13846,5410.93
13847,13063.27
13848,8382.35
13849,8433.25
13850,8447.49
13851,5051.65
13852,6976.34
13853,5652.2
13854,8546.493333333334
13855,14730.41
13856,7379.33
13857,3931.36
13858,5660.24
13859,10131.88
13860,9958.16
13861,7716.44
13862,9399.05
13863,5378.52
13864,6223.29
13865,4116.81
13866,6157.45
13867,6540.81
13868,6984.37
13869,8478.16
13870,7955.25
13871,8335.62
13872,9624.51
13873,8533.3
13874,5460.03
13875,10778.025
13876,14666.2
13877,7386.03
13878,9645.77
13879,5505.475
13880,7311.07
13881,4595.76
13882,9108.22
13883,6659.15
13884,9835.04
13885,7965.8
13886,9913.88
13887,9653.99
13888,6012.48
13889,9749.465
13890,20684.78
13891,12579.1
13892,7515.6
13893,3393.6
13894,6895.41
13895,10689.95
13896,6318.77
13897,11635.836666666664
13898,20605.48
13899,4035.72
13900,5784.44
13901,8456.8
13902,5768.61
13903,11911.08
13904,7901.32
13905,8885.24
13906,3358.92
13907,6934.82
13908,8168.75
13909,9010.0
13910,10277.62
13911,6605.32
13912,6970.14
13913,6721.03
13914,6139.74
13915,5510.91
13916,8933.13
13917,7542.15
13918,6482.89
13919,9411.88
13920,7066.93
13921,6318.79
13922,8377.0
13923,8325.36
13924,8599.79
13925,7924.19
13926,8302.67
13927,6258.41
13928,3953.35
13929,7124.98
13930,8821.46
13931,6043.28
13932,5105.02
13933,10944.77
13934,9208.51
13935,9763.73
13936,7847.63
13937,6711.34
13938,6224.31
13939,5170.3
13940,11772.33
13941,5671.14
13942,8458.97
13943,17933.06
13944,7876.21
13945,7621.6
13946,4910.59
13947,5385.21
13948,7624.24
13949,4242.576666666667
13950,6934.47
13951,12291.54
13952,5813.17
13953,18612.19
13954,16745.51
13955,5249.42
13956,8669.78
13957,7381.22
13958,7858.3
13959,6783.86
13960,13637.13
13961,8443.46
13962,10364.58
13963,5373.39
13964,7966.21
13965,4579.25
13966,9258.11
13967,7738.4
13968,7234.51
13969,6727.81
13970,5331.77
13971,9507.06
13972,10744.93
13973,5502.47
13974,12066.78
13975,6839.08
13976,11356.108
13977,6263.35
13978,6234.43
13979,6242.3
13980,12215.81
13981,7142.77
13982,8105.22
13983,7777.31
13984,10499.39
13985,4500.16
13986,10472.16
13987,7372.76
13988,4582.61
13989,16502.04
13990,17544.45
13991,8687.29
13992,9017.88
13993,11036.68
13994,12547.07
13995,12665.0
13996,7231.14
13997,9211.85
13998,7193.63
13999,9327.27
14000,5140.06
14001,6759.96
14002,5913.4
14003,5831.13
14004,8675.53
14005,5467.13
14006,5769.66
14007,6930.15
14008,4596.77
14009,5102.01
14010,6499.854
14011,7664.35
14012,10408.95
14013,9141.96
14014,7744.83
14015,5959.923333333334
14016,7386.57
14017,12555.78
14018,9627.71
14019,6585.87
14020,4849.6
14021,8813.4
14022,5169.38
14023,6816.36
14024,3879.34
14025,6557.14
14026,9656.8
14027,5533.85
14028,6730.47
14029,10208.87
14030,10075.72
14031,12552.27
14032,8639.28
14033,10587.28
14034,3858.83
14035,5869.83
14036,7509.93
14037,5084.87
14038,9219.83
14039,5872.56
14040,6333.34
14041,10408.59
14042,12892.54
14043,9036.23
14044,5793.52
14045,6557.69
14046,10691.66
14047,8565.69
14048,7721.58
14049,5479.19
14050,7556.547142857144
14051,11891.75
14052,4831.37
14053,7274.99
14054,8759.66
14055,9654.83
14056,14891.43
14057,5999.24
14058,18534.45
14059,7968.69
14060,6956.22
14061,5006.46
14062,7173.11
14063,6848.2
14064,6318.995714285714
14065,7679.53
14066,5333.25
14067,5583.54
14068,7635.71
14069,4475.05
14070,8269.19
14071,6845.87
14072,9573.0
14073,10244.9
14074,5650.1
14075,10866.286666666665
14076,6453.76
14077,5685.82
14078,5341.88
14079,5979.33
14080,11313.33
14081,6754.22
14082,5544.68
14083,9049.59
14084,9513.27
14085,7623.98
14086,7317.42
14087,9734.85
14088,5870.4
14089,5027.01
14090,7167.73
14091,9321.81
14092,7167.77
14093,7314.71
14094,6403.4
14095,5896.13
14096,4817.68
14097,5211.81
14098,8505.61
14099,10069.51
14100,11777.1
14101,13995.38
14102,9218.26
14103,6965.29
14104,5587.43
14105,12011.44
14106,11200.35
14107,8689.47
14108,9714.22
14109,10812.05
14110,6678.01
14111,5360.26
14112,11677.88
14113,5811.87
14114,7888.08
14115,7264.63
14116,4034.6
14117,13509.89
14118,6351.82
14119,7248.46
14120,5243.59
14121,6280.32
14122,8405.33
14123,10392.88
14124,6382.58
14125,5174.14
14126,5932.78
14127,5226.43
14128,3387.86
14129,8648.27
14130,18316.95
14131,5999.35
14132,5957.78
14133,9857.02
14134,6193.38
14135,6872.68
14136,5060.6
14137,5018.22
14138,7654.37
14139,7446.38
14140,4986.75
14141,9631.04
14142,7435.18
14143,6029.95
14144,9420.68
14145,9154.08
14146,11209.14
14147,6967.34
14148,8775.375
14149,5349.206666666668
14150,6277.07
14151,16092.84
14152,10792.93
14153,7080.59
14154,6786.09
14155,5021.68
14156,6058.12
14157,5266.97
14158,11253.27
14159,5571.16
14160,6483.9
14161,7702.35
14162,5134.62
14163,7309.41
14164,8534.65
14165,9233.88
14166,7994.84
14167,12310.15
14168,5545.51
14169,7898.76
14170,11534.75
14171,9466.29
14172,7841.67
14173,5727.28
14174,7690.1
14175,7409.08
14176,5270.54
14177,7379.49
14178,8382.37
14179,7278.09
14180,7312.01
14181,7296.08
14182,7608.2
14183,5998.6
14184,7187.84
14185,7341.96
14186,7597.32
14187,9869.59
14188,6660.01
14189,6064.05
14190,14374.23
14191,7215.93
14192,4209.04
14193,9950.39
14194,16857.89
14195,13444.58
14196,5535.98
14197,6834.07
14198,5642.05
14199,8982.51
14200,7093.77
14201,9712.79
14202,4048.07
14203,7700.54
14204,7053.91
14205,6513.77
14206,5618.59
14207,7758.39
14208,10587.2
14209,6405.79
14210,9631.1
14211,7869.18
14212,9803.46
14213,5018.46
14214,7194.3
14215,6878.08
14216,7905.87
14217,9185.55
14218,5342.6
14219,7714.92
14220,9538.56
14221,8332.4375
14222,5066.3
14223,4435.84
14224,8482.86
14225,7794.39
14226,9738.34
14227,7771.78
14228,7316.4
14229,9021.41
14230,8590.65
14231,8911.088666666667
14232,8391.24
14233,6549.4
14234,9304.84
14235,12572.88
14236,8973.96
14237,5990.175
14238,7206.84
14239,5299.18
14240,4117.12
14241,9750.92
14242,5983.79
14243,10169.23
14244,5810.73
14245,8810.03
14246,6716.89
14247,13073.27
14248,5234.06
14249,6652.66
14250,6955.66
14251,8915.19
14252,7026.16
14253,8123.9
14254,8276.38
14255,11138.21
14256,8028.03
14257,7394.33
14258,6387.44
14259,5784.59
14260,5147.15
14261,12592.66
14262,11074.47
14263,8460.91
14264,16299.13
14265,8080.62
14266,6741.21
14267,7365.51
14268,10059.13
14269,11543.75
14270,7771.82
14271,9135.72
14272,9554.96
14273,8040.74
14274,7100.06
14275,6489.83
14276,5965.29
14277,6513.29
14278,4983.16
14279,6579.86
14280,9590.24
14281,18912.47
14282,6936.4
14283,5645.32
14284,9541.43
14285,3783.77
14286,7046.31
14287,4208.51
14288,9859.05
14289,7017.91
14290,7587.02
14291,15510.08
14292,10709.71
14293,8644.02
14294,7690.82
14295,4158.25
14296,5891.7175
14297,6806.31
14298,9697.86
14299,5840.41
14300,4103.45
14301,9311.14
14302,8259.72
14303,8485.76
14304,7928.32
14305,3665.38
14306,7118.5
14307,9599.99
14308,9057.63
14309,6523.94
14310,5470.71
14311,9657.35
14312,4992.94
14313,11031.97
14314,5209.81
14315,5583.19
14316,8238.14
14317,9754.663333333334
14318,5565.78
14319,6807.01
14320,8402.19
14321,9827.13
14322,12155.0
14323,6516.6
14324,4415.26
14325,6345.42
14326,7008.07
14327,5478.48
14328,6580.6075
14329,6896.25
14330,12625.28
14331,8233.51
14332,7084.48
14333,9028.89
14334,4990.99
14335,9992.01
14336,7181.19
14337,11839.94
14338,7369.366666666668
14339,5692.59
14340,6049.01
14341,4755.85
14342,8467.39
14343,21353.18
14344,5189.22
14345,5150.56
14346,11926.58
14347,8296.56
14348,7255.41
14349,9150.93
14350,7206.73
14351,5560.99
14352,5466.74
14353,10835.48
14354,6847.72
14355,8237.45
14356,8445.62
14357,6089.62
14358,7973.84
14359,7208.89
14360,4063.81
14361,9799.56
14362,10300.42
14363,4977.28
14364,8386.84
14365,7372.6525
14366,5079.85
14367,9648.59
14368,6261.67
14369,9341.31
14370,4952.47
14371,5918.18
14372,7647.51
14373,4253.67
14374,7914.39
14375,6476.76
14376,7402.51
14377,5521.19
14378,6244.79
14379,6928.48
14380,6611.54
14381,8198.89
14382,8922.31
14383,6109.49
14384,9025.24
14385,6531.96
14386,10550.6
14387,8743.76
14388,8206.31
14389,3487.91
14390,6246.37
14391,8740.9
14392,7230.08
14393,11347.45
14394,6530.57
14395,7751.88
14396,11202.15
14397,7058.47
14398,5501.71
14399,12298.94
14400,11686.87
14401,6338.56
14402,12017.6
14403,11806.81
14404,6135.43
14405,6316.62
14406,8138.75
14407,6447.83
14408,6690.1
14409,7800.25
14410,5327.26
14411,7285.25
14412,8167.38
14413,7897.81
14414,9753.47
14415,6982.03
14416,8078.89
14417,4773.91
14418,7991.63
14419,8609.87
14420,6912.11
14421,7402.0
14422,7995.913333333334
14423,10514.33
14424,6181.18
14425,6177.72
14426,6395.14
14427,7558.21
14428,9377.98
14429,5414.68
14430,4789.74
14431,8181.73
14432,6384.44
14433,6264.6
14434,9226.33
14435,8064.93
14436,8445.61
14437,5717.28
14438,4936.04
14439,8015.553333333332
14440,7621.41
14441,9621.74
14442,12795.3
14443,11384.95
14444,5647.96
14445,9070.17
14446,4410.8
14447,3914.31
14448,9338.61
14449,13591.57
14450,8449.15
14451,9122.07
14452,6623.79
14453,9002.82
14454,11025.45
14455,7142.38
14456,8290.09
14457,8147.54
14458,5393.2
14459,6376.36
14460,6046.1
14461,6702.09
14462,6183.73
14463,5720.83
14464,4779.97
14465,7971.53
14466,9110.45
14467,5921.06
14468,7068.51
14469,7415.68
14470,6511.33
14471,6598.83
14472,9521.48
14473,9615.23
14474,6452.05
14475,5326.79
14476,17177.8
14477,6276.54
14478,6331.09
14479,10635.4
14480,8507.236666666666
14481,9177.51
14482,6948.77
14483,6871.73
14484,8512.73
14485,16640.55
14486,6579.53
14487,6168.63
14488,5329.75
14489,7709.293333333334
14490,6785.95
14491,8198.82
14492,10536.2
14493,6988.04
14494,4454.46
14495,7654.44
14496,9261.0
14497,5760.54
14498,8497.73
14499,4350.37
14500,7622.82
14501,9080.08
14502,8812.83
14503,11342.96
14504,7609.1
14505,3472.25
14506,6789.63
14507,9806.18
14508,9825.17
14509,8195.7
14510,7298.96
14511,7484.02
14512,5195.6
14513,11193.31
14514,4738.65
14515,13308.87
14516,6927.49
14517,4231.2
14518,8356.07
14519,6871.74
14520,8893.09
14521,8230.94
14522,4206.91
14523,5381.68
14524,8930.804285714286
14525,11583.289666666667
14526,10704.1
14527,5880.096666666667
14528,7354.633333333332
14529,7845.19
14530,6806.11
14531,6699.47
14532,8893.55
14533,9940.34
14534,12364.36
14535,4979.53
14536,6764.833333333334
14537,9460.62
14538,9149.0
14539,7334.06
14540,11830.35
14541,8357.11
14542,5877.79
14543,6390.07
14544,5979.05
14545,5864.9
14546,7658.1
14547,6282.28
14548,6250.92
14549,10677.28
14550,7459.43
14551,22426.18
14552,6567.97
14553,5501.97
14554,10035.75
14555,13163.24
14556,8830.59
14557,10084.94
14558,6994.16
14559,9007.58
14560,10758.98
14561,8084.76
14562,7960.19
14563,9022.36
14564,9550.79
14565,8673.335
14566,9888.42
14567,7329.8
14568,6692.42
14569,8079.55
14570,14355.85
14571,14532.51
14572,14419.26
14573,12305.12
14574,7087.04
14575,7877.91
14576,5868.83
14577,11219.61
14578,15391.64
14579,11080.53
14580,9468.94
14581,8039.8
14582,5657.68
14583,7657.45
14584,14631.37
14585,9621.66
14586,7033.12
14587,9125.22
14588,9203.22
14589,5172.4
14590,10464.45
14591,6499.13
14592,9998.97
14593,11545.5
14594,7730.76
14595,9296.41
14596,12863.7
14597,6530.36
14598,9643.15
14599,9342.9
14600,13272.33
14601,7511.65
14602,11364.75
14603,8147.665
14604,12145.783333333333
14605,10070.03
14606,13519.62
14607,8620.79
14608,6940.64
14609,9577.44
14610,7909.48
14611,13595.14
14612,10730.33
14613,8562.4
14614,10647.79
14615,8777.29
14616,13760.05
14617,5737.23
14618,18895.78
14619,6660.57
14620,8513.44
14621,12416.25
14622,8166.29
14623,10095.26
14624,9036.06
14625,11688.92
14626,7691.48
14627,7852.69
14628,10749.88
14629,9969.0
14630,10790.9
14631,5796.73
14632,9590.23
14633,14694.53
14634,8860.33
14635,6257.89
14636,10135.58
14637,7079.51
14638,8678.76
14639,9560.63
14640,5749.94
14641,13030.58
14642,8439.24
14643,9776.9
14644,10581.37
14645,5656.05
14646,11489.28
14647,10307.44
14648,11453.07
14649,12282.85
14650,6041.34
14651,7429.49
14652,8248.21
14653,7882.25
14654,9273.75
14655,10780.19
14656,10438.86
14657,9891.02
14658,7521.64
14659,6477.13
14660,9573.35
14661,11001.76
14662,11578.51
14663,11942.97
14664,12643.23
14665,8658.95
14666,12616.32
14667,9445.88
14668,12112.76
14669,13662.8
14670,9554.72
14671,14291.88
14672,9986.57
14673,12406.55
14674,8087.29
14675,10435.23
14676,10791.05
14677,12769.4
14678,6122.87
14679,6989.06
14680,11055.58
14681,8707.25
14682,7707.48
14683,14883.89
14684,8071.956666666668
14685,7253.59
14686,7684.87
14687,9506.69
14688,11882.3
14689,10095.56
14690,11595.48
14691,6672.22
14692,8237.79
14693,10199.7
14694,5425.82
14695,9208.04
14696,8129.97
14697,11265.57
14698,9781.34
14699,7873.77
14700,14044.62
14701,8443.33
14702,6792.75
14703,16192.69
14704,11170.66
14705,11274.12
14706,10036.6
14707,7069.65
14708,8111.48
14709,7228.68
14710,10815.08
14711,18419.91
14712,8631.94
14713,4474.02
14714,5694.46
14715,12301.68
14716,12901.39
14717,9944.77
14718,11586.08
14719,6481.21
14720,6563.37
14721,4409.42
14722,6640.23
14723,8292.82
14724,8988.33
14725,8989.57
14726,9002.03
14727,10169.91
14728,12270.81
14729,9721.28
14730,6738.72
14731,12762.73
14732,20058.98
14733,9283.27
14734,11729.43
14735,8003.48
14736,9544.26
14737,7072.09
14738,10675.03
14739,9331.98
14740,11103.33
14741,9226.69
14742,12273.53
14743,10714.23
14744,7891.06
14745,12953.3975
14746,24426.85
14747,16924.71
14748,10334.71
14749,3883.72
14750,8680.76
14751,12984.88
14752,8916.49
14753,12201.086666666664
14754,20260.7
14755,5114.91
14756,7996.47
14757,10704.37
14758,7099.07
14759,15949.47
14760,9634.53
14761,12394.2
14762,3710.86
14763,9333.35
14764,9992.47
14765,9262.47
14766,14677.61
14767,8108.06
14768,7952.11
14769,9438.73
14770,8443.21
14771,6066.89
14772,10329.59
14773,10119.39
14774,8529.6
14775,11576.12
14776,7779.14
14777,7917.9
14778,9799.14
14779,9899.55
14780,11799.98
14781,10472.44
14782,8204.74
14783,8105.79
14784,4517.95
14785,8478.78
14786,10404.45
14787,8289.79
14788,6163.17
14789,11385.28
14790,11596.65
14791,13898.37
14792,8809.63
14793,8318.4
14794,8266.26
14795,6400.28
14796,14726.69
14797,8006.49
14798,9163.66
14799,20728.84
14800,9335.37
14801,9156.55
14802,6080.815
14803,6362.03
14804,9677.99
14805,4751.08
14806,8064.52
14807,12767.7
14808,7450.92
14809,22295.38
14810,17504.79
14811,5750.83
14812,9553.7275
14813,7332.32
14814,10312.59
14815,8424.44
14816,15482.76
14817,11423.09
14818,12261.53
14819,6973.76
14820,9098.86
14821,6269.51
14822,11567.11
14823,9765.339
14824,9306.93
14825,8265.02
14826,5599.69
14827,12724.67
14828,13064.7
14829,7613.5
14830,16557.19
14831,8781.87
14832,12609.75
14833,5935.465
14834,7463.57
14835,8250.11
14836,15467.39
14837,9180.02
14838,9965.56
14839,10245.57
14840,12732.56
14841,5755.84
14842,10651.76
14843,9054.81
14844,5924.2
14845,17472.52
14846,19538.71
14847,10912.13
14848,10343.37
14849,13783.14
14850,16417.95
14851,13544.31
14852,9369.17
14853,13313.04
14854,8210.99
14855,11054.71
14856,5264.87
14857,8476.92
14858,8024.76
14859,8748.83
14860,10360.11
14861,6424.49
14862,7846.99
14863,9288.18
14864,5863.91
14865,6620.17
14866,7303.95
14867,9829.82
14868,13921.96
14869,11438.67
14870,9477.76
14871,7533.46
14872,9589.73
14873,14044.61
14874,12107.42
14875,7922.83
14876,5845.72
14877,11715.42
14878,5681.43
14879,9616.23
14880,4561.1
14881,8131.07
14882,14515.96
14883,8422.19
14884,8343.36
14885,12641.41
14886,12848.57
14887,14720.5
14888,8504.76
14889,12813.37
14890,4688.85
14891,6866.14
14892,8491.14
14893,6008.37
14894,9613.53
14895,8306.38
14896,7115.86
14897,13741.52
14898,15004.136666666667
14899,10464.95
14900,6758.09
14901,8186.57
14902,12632.15
14903,9101.81
14904,8888.07
14905,6941.77
14906,9432.825
14907,13231.53
14908,6640.89
14909,8881.54
14910,11098.16
14911,11532.47
14912,17261.03
14913,7592.73
14914,20376.95
14915,9577.81
14916,7341.33
14917,5395.89
14918,8248.18
14919,9045.93
14920,7757.985
14921,9815.11
14922,6031.97
14923,7490.58
14924,10086.78
14925,4921.8
14926,9730.14
14927,9228.27
14928,12111.7
14929,12854.45
14930,8119.97
14931,12018.81
14932,7482.99
14933,6308.13
14934,6909.22
14935,7247.42
14936,14661.54
14937,9355.71
14938,6917.03
14939,11639.25
14940,12849.06
14941,10765.99
14942,9609.55
14943,12384.45
14944,6803.95
14945,5345.78
14946,9568.73
14947,11196.32
14948,8084.75
14949,9462.456666666667
14950,9417.31
14951,7211.5
14952,5590.29
14953,6814.51
14954,12337.82
14955,12230.82
14956,13162.6
14957,17330.85
14958,10781.55
14959,8116.29
14960,6070.29
14961,14427.39
14962,14425.83
14963,13410.87
14964,11545.59
14965,11732.35
14966,5338.06
14967,5904.23
14968,13344.88
14969,9100.45
14970,10734.1
14971,9059.43
14972,4836.46
14973,16031.62
14974,8044.97
14975,9683.47
14976,6117.45
14977,7962.025
14978,8806.14
14979,12985.97
14980,8195.48
14981,5579.8
14982,7230.23
14983,7163.05
14984,4078.25
14985,10631.39
14986,21058.28
14987,8227.69
14988,7383.03
14989,10154.73
14990,7200.58
14991,8772.28
14992,6596.516666666666
14993,6339.85
14994,10414.58
14995,10035.24
14996,6159.86
14997,12623.38
14998,12834.93
14999,6802.72
15000,12326.75
15001,12038.13
15002,12955.64
15003,8720.76
15004,10433.65
15005,5323.9825
15006,6749.32
15007,18139.78
15008,14149.74
15009,8419.31
15010,9455.68
15011,6477.76
15012,7059.77
15013,6306.17
15014,12852.62
15015,6471.42
15016,7414.75
15017,9850.21
15018,6408.92
15019,8144.18
15020,9016.89
15021,12889.24
15022,10283.77
15023,7829.46
15024,7429.6
15025,12455.56
15026,13085.42
15027,11002.22
15028,9929.234166666667
15029,7078.99
15030,10026.54
15031,8139.84
15032,6843.6
15033,10089.05
15034,10420.03
15035,9019.1
15036,8368.11
15037,9494.25
15038,10086.66
15039,7818.21
15040,9018.95
15041,9574.84
15042,14067.9
15043,12376.41
15044,7590.85
15045,7035.13
15046,16896.73
15047,8538.67
15048,4518.92
15049,10054.64
15050,12278.65
15051,14014.87
15052,6438.34
15053,8687.45
15054,8314.45
15055,10119.42
15056,8005.72
15057,14248.25
15058,3810.26
15059,9455.85
15060,9355.12
15061,8351.72
15062,7591.3
15063,9022.58
15064,14615.21
15065,7883.22
15066,11283.09
15067,10292.72
15068,13427.77
15069,6469.73
15070,9788.99
15071,9805.1
15072,10966.85
15073,12038.89
15074,6983.8
15075,8637.12
15076,11281.81
15077,10871.17
15078,6083.27
15079,5574.24
15080,12121.51
15081,9694.86
15082,12299.42
15083,9568.72
15084,8448.29
15085,12330.18
15086,10173.57
15087,12623.186428571427
15088,10465.77
15089,9570.31
15090,10748.82
15091,15538.0
15092,8284.1
15093,6708.786666666668
15094,9983.43
15095,7055.2
15096,4928.65
15097,12589.3
15098,7573.28
15099,13294.29
15100,8145.65
15101,11932.08
15102,9685.43
15103,16711.43
15104,6661.7
15105,8254.34
15106,9768.55
15107,10482.03
15108,8415.54
15109,9776.21
15110,8949.19
15111,13116.96
15112,9933.56
15113,9365.09
15114,7579.44
15115,6690.1
15116,6257.89
15117,17027.11
15118,13342.86
15119,11267.18
15120,17105.89
15121,9742.34
15122,8503.313333333332
15123,10922.32
15124,11699.96
15125,16857.66
15126,10335.55
15127,10993.02
15128,13640.85
15129,9172.25
15130,8653.82
15131,8454.93
15132,7528.72
15133,9009.86
15134,7001.39
15135,9172.63
15136,11536.56
15137,21894.6
15138,8203.68
15139,6781.22
15140,11415.06
15141,5144.7
15142,9868.61
15143,3728.3
15144,12666.79
15145,8575.02
15146,9365.83
15147,20529.26
15148,12155.1
15149,10515.13
15150,9855.67
15151,4849.83
15152,7037.8025
15153,7259.84
15154,14265.75
15155,7584.81
15156,5929.6
15157,8105.77
15158,7270.11
15159,11394.75
15160,10848.36
15161,4155.32
15162,9210.07
15163,12664.8
15164,12458.98
15165,9456.75
15166,6481.05
15167,10725.03
15168,6353.26
15169,14189.85
15170,6985.39
15171,6742.08
15172,10472.47
15173,11874.455
15174,5845.95
15175,9115.6
15176,11541.85
15177,12105.62
15178,15799.69
15179,8051.87
15180,4687.54
15181,7502.34
15182,9028.71
15183,7347.53
15184,9829.74
15185,7528.16
15186,15775.62
15187,10192.05
15188,8402.14
15189,10357.5
15190,6734.47
15191,11777.88
15192,7815.4
15193,11252.68
15194,8809.81
15195,6863.45
15196,8549.45
15197,5258.88
15198,10188.16
15199,24964.85
15200,6814.87
15201,5874.92
15202,13209.54
15203,9799.81
15204,9494.89
15205,11350.0
15206,9644.95
15207,6828.53
15208,6748.07
15209,13068.19
15210,7937.94
15211,8671.94
15212,9509.98
15213,6419.76
15214,10612.36
15215,7831.91
15216,4420.67
15217,11026.03
15218,11303.05
15219,5148.15
15220,10516.09
15221,10516.34
15222,7099.13
15223,11939.77
15224,8477.256666666666
15225,10304.18
15226,6616.06
15227,7744.09
15228,8907.37
15229,5799.27
15230,9655.4
15231,6630.42
15232,8004.64
15233,6930.52
15234,8458.63
15235,7756.55
15236,8802.06
15237,10757.268
15238,10372.41
15239,9438.72
15240,11914.01
15241,7657.9
15242,12736.38
15243,11577.03
15244,8358.0
15245,3972.62
15246,8214.59
15247,10152.71
15248,7624.23
15249,15715.62
15250,10198.29
15251,9822.24
15252,13175.91
15253,8148.26
15254,6508.13
15255,15228.61
15256,14529.72
15257,7327.14
15258,12578.85
15259,12111.45
15260,7963.59
15261,7273.64
15262,10238.43
15263,8060.18
15264,7755.87
15265,10001.4
15266,6581.86
15267,7461.84
15268,11385.69
15269,11202.05
15270,14765.74
15271,8599.97
15272,9934.64
15273,5115.36
15274,9863.84
15275,10696.11
15276,10828.63
15277,9460.41
15278,9995.29
15279,12915.27
15280,9079.87
15281,7833.01
15282,9203.365
15283,9072.12
15284,10817.09
15285,5660.65
15286,5775.4
15287,9482.73
15288,6503.86
15289,7992.42
15290,11415.43
15291,9292.23
15292,11376.3
15293,7588.77
15294,5718.35
15295,9451.57
15296,9834.85
15297,11244.28
15298,16067.54
15299,14215.933333333332
15300,6702.6
15301,11760.07
15302,4921.31
15303,4756.5
15304,11210.51
15305,15901.28
15306,10806.76
15307,11479.74
15308,9710.66
15309,11492.54
15310,13925.38
15311,9239.75
15312,10822.13
15313,7777.09
15314,5985.86
15315,8362.46
15316,7252.16
15317,8122.29
15318,7312.9
15319,7948.88
15320,5839.03
15321,9239.22
15322,11826.57
15323,7276.77
15324,8664.54
15325,9515.68
15326,7107.81
15327,7358.29
15328,12483.33
15329,10765.87
15330,8827.53
15331,7195.52
15332,22588.85
15333,7572.66
15334,8976.7
15335,14672.88
15336,11375.89
15337,12650.13
15338,7942.68
15339,8577.59
15340,13159.47
15341,23450.41
15342,8090.8
15343,8519.73
15344,6597.58
15345,10538.0
15346,8565.296666666667
15347,9222.43
15348,13947.87
15349,7487.38
15350,5054.07
15351,9349.62
15352,11152.73
15353,7375.61
15354,10293.68
15355,5820.85
15356,9642.89
15357,9479.81
15358,11686.52
15359,13780.45
15360,9165.47
15361,4924.59
15362,8667.68
15363,9565.23
15364,10782.56
15365,11294.3
15366,10277.3
15367,9442.15
15368,6613.18
15369,13307.43
15370,5771.78
15371,15969.97
15372,8434.17
15373,6623.63
15374,10327.34
15375,8073.67
15376,6547.87
15377,10082.6
15378,5509.23
15379,6704.21
15380,11213.37
15381,13422.546666666665
15382,12625.9
15383,7204.56
15384,7824.31
15385,10789.61
15386,9107.36
15387,7914.01
15388,14257.7
15389,13766.53
15390,14467.79
15391,5764.94
15392,8122.52
15393,11345.58
15394,11660.99
15395,9442.57
15396,14777.1
15397,9197.07
15398,7451.38
15399,8678.03
15400,8166.95
15401,7209.92
15402,12672.06
15403,7295.3
15404,7932.86
15405,14099.66
15406,8891.87
15407,24536.09
15408,7506.62
15409,0.0
15410,0.0
15411,0.0
15412,0.0
15413,0.0
15414,0.0
15415,0.0
15416,0.0
15417,0.0
15418,0.0
15419,0.0
15420,0.0
15421,0.0
15422,0.0
15423,0.0
15424,0.0
15425,0.0
15426,0.0
15427,0.0
15428,0.0
15429,0.0
15430,0.0
15431,0.0
15432,0.0
15433,0.0
15434,0.0
15435,0.0
15436,0.0
15437,0.0
15438,0.0
15439,0.0
15440,0.0
15441,0.0
15442,0.0
15443,0.0
15444,0.0
15445,0.0
15446,0.0
15447,0.0
15448,0.0
15449,0.0
15450,0.0
15451,0.0
15452,0.0
15453,0.0
15454,0.0
15455,0.0
15456,0.0
15457,0.0
15458,0.0
15459,0.0
15460,0.0
15461,0.0
15462,0.0
15463,0.0
15464,0.0
15465,0.0
15466,0.0
15467,0.0
15468,0.0
15469,0.0
15470,0.0
15471,0.0
15472,0.0
15473,0.0
15474,0.0
15475,0.0
15476,0.0
15477,0.0
15478,0.0
15479,0.0
15480,0.0
15481,0.0
15482,0.0
15483,0.0
15484,0.0
15485,0.0
15486,0.0
15487,0.0
15488,0.0
15489,0.0
15490,0.0
15491,0.0
15492,0.0
15493,0.0
15494,0.0
15495,0.0
15496,0.0
15497,0.0
15498,0.0
15499,0.0
15500,3824.91
15501,0.0
15502,0.0
15503,0.0
15504,0.0
15505,0.0
15506,0.0
15507,0.0
15508,0.0
15509,0.0
15510,0.0
15511,0.0
15512,0.0
15513,0.0
15514,0.0
15515,0.0
15516,0.0
15517,0.0
15518,0.0
15519,0.0
15520,0.0
15521,0.0
15522,0.0
15523,0.0
15524,0.0
15525,0.0
15526,0.0
15527,0.0
15528,0.0
15529,0.0
15530,0.0
15531,0.0
15532,0.0
15533,0.0
15534,0.0
15535,0.0
15536,0.0
15537,0.0
15538,0.0
15539,0.0
15540,0.0
15541,0.0
15542,0.0
15543,0.0
15544,0.0
15545,0.0
15546,0.0
15547,0.0
15548,0.0
15549,0.0
15550,0.0
15551,0.0
15552,0.0
15553,0.0
15554,0.0
15555,0.0
15556,0.0
15557,0.0
15558,0.0
15559,0.0
15560,0.0
15561,0.0
15562,0.0
15563,0.0
15564,0.0
15565,0.0
15566,0.0
15567,0.0
15568,2512.1
15569,0.0
15570,0.0
15571,0.0
15572,0.0
15573,0.0
15574,0.0
15575,0.0
15576,0.0
15577,0.0
15578,0.0
15579,0.0
15580,0.0
15581,0.0
15582,0.0
15583,0.0
15584,0.0
15585,0.0
15586,0.0
15587,0.0
15588,0.0
15589,0.0
15590,0.0
15591,0.0
15592,0.0
15593,0.0
15594,0.0
15595,0.0
15596,0.0
15597,0.0
15598,0.0
15599,0.0
15600,0.0
15601,0.0
15602,0.0
15603,0.0
15604,0.0
15605,0.0
15606,0.0
15607,0.0
15608,0.0
15609,14862.6
15610,31349.51
15611,0.0
15612,0.0
15613,0.0
15614,0.0
15615,0.0
15616,0.0
15617,0.0
15618,7038.22
15619,0.0
15620,0.0
15621,0.0
15622,0.0
15623,0.0
15624,0.0
15625,0.0
15626,0.0
15627,0.0
15628,0.0
15629,0.0
15630,0.0
15631,0.0
15632,0.0
15633,0.0
15634,0.0
15635,0.0
15636,0.0
15637,4329.76
15638,0.0
15639,0.0
15640,0.0
15641,0.0
15642,0.0
15643,0.0
15644,0.0
15645,0.0
15646,0.0
15647,2922.9766666666665
15648,0.0
15649,0.0
15650,0.0
15651,0.0
15652,0.0
15653,0.0
15654,0.0
15655,0.0
15656,0.0
15657,0.0
15658,0.0
15659,0.0
15660,0.0
15661,0.0
15662,0.0
15663,0.0
15664,0.0
15665,8586.6135
15666,0.0
15667,0.0
15668,0.0
15669,0.0
15670,0.0
15671,0.0
15672,0.0
15673,0.0
15674,0.0
15675,0.0
15676,0.0
15677,0.0
15678,0.0
15679,0.0
15680,0.0
15681,0.0
15682,7720.484
15683,0.0
15684,0.0
15685,0.0
15686,0.0
15687,0.0
15688,0.0
15689,0.0
15690,0.0
15691,0.0
15692,0.0
15693,0.0
15694,0.0
15695,0.0
15696,0.0
15697,0.0
15698,0.0
15699,0.0
15700,0.0
15701,0.0
15702,0.0
15703,0.0
15704,0.0
15705,0.0
15706,0.0
15707,0.0
15708,0.0
15709,0.0
15710,0.0
15711,0.0
15712,0.0
15713,0.0
15714,0.0
15715,0.0
15716,0.0
15717,0.0
15718,0.0
15719,0.0
15720,0.0
15721,0.0
15722,0.0
15723,0.0
15724,0.0
15725,0.0
15726,0.0
15727,0.0
15728,0.0
15729,0.0
15730,0.0
15731,0.0
15732,0.0
15733,0.0
15734,0.0
15735,0.0
15736,0.0
15737,0.0
15738,0.0
15739,0.0
15740,0.0
15741,0.0
15742,0.0
15743,0.0
15744,1913.2
15745,0.0
15746,0.0
15747,0.0
15748,0.0
15749,0.0
15750,0.0
15751,0.0
15752,0.0
15753,0.0
15754,0.0
15755,0.0
15756,0.0
15757,0.0
15758,4876.191333333333
15759,0.0
15760,0.0
15761,0.0
15762,0.0
15763,0.0
15764,0.0
15765,0.0
15766,0.0
15767,0.0
15768,0.0
15769,0.0
15770,0.0
15771,0.0
15772,0.0
15773,0.0
15774,0.0
15775,0.0
15776,0.0
15777,0.0
15778,0.0
15779,0.0
15780,0.0
15781,0.0
15782,0.0
15783,0.0
15784,0.0
15785,0.0
15786,0.0
15787,0.0
15788,0.0
15789,0.0
15790,0.0
15791,0.0
15792,0.0
15793,0.0
15794,0.0
15795,0.0
15796,0.0
15797,0.0
15798,0.0
15799,0.0
15800,0.0
15801,5354.66
15802,0.0
15803,0.0
15804,0.0
15805,0.0
15806,0.0
15807,0.0
15808,0.0
15809,0.0
15810,0.0
15811,2585.77
15812,0.0
15813,0.0
15814,0.0
15815,4720.864571428571
15816,0.0
15817,0.0
15818,0.0
15819,0.0
15820,0.0
15821,0.0
15822,0.0
15823,0.0
15824,0.0
15825,0.0
15826,0.0
15827,0.0
15828,0.0
15829,0.0
15830,0.0
15831,0.0
15832,0.0
15833,0.0
15834,0.0
15835,0.0
15836,0.0
15837,0.0
15838,0.0
15839,0.0
15840,0.0
15841,0.0
15842,20811.01
15843,0.0
15844,0.0
15845,0.0
15846,0.0
15847,0.0
15848,0.0
15849,0.0
15850,0.0
15851,0.0
15852,0.0
15853,0.0
15854,0.0
15855,0.0
15856,6059.88
15857,0.0
15858,0.0
15859,0.0
15860,0.0
15861,0.0
15862,0.0
15863,0.0
15864,0.0
15865,0.0
15866,0.0
15867,0.0
15868,0.0
15869,0.0
15870,0.0
15871,0.0
15872,0.0
15873,0.0
15874,0.0
15875,0.0
15876,0.0
15877,0.0
15878,0.0
15879,0.0
15880,0.0
15881,0.0
15882,0.0
15883,0.0
15884,0.0
15885,0.0
15886,0.0
15887,0.0
15888,0.0
15889,0.0
15890,0.0
15891,0.0
15892,0.0
15893,0.0
15894,0.0
15895,0.0
15896,0.0
15897,0.0
15898,0.0
15899,0.0
15900,0.0
15901,0.0
15902,0.0
15903,0.0
15904,0.0
15905,0.0
15906,0.0
15907,0.0
15908,0.0
15909,0.0
15910,0.0
15911,0.0
15912,0.0
15913,0.0
15914,0.0
15915,0.0
15916,0.0
15917,0.0
15918,0.0
15919,0.0
15920,0.0
15921,0.0
15922,0.0
15923,0.0
15924,0.0
15925,0.0
15926,0.0
15927,0.0
15928,0.0
15929,0.0
15930,0.0
15931,12089.63
15932,0.0
15933,0.0
15934,0.0
15935,0.0
15936,0.0
15937,0.0
15938,0.0
15939,0.0
15940,0.0
15941,0.0
15942,0.0
15943,0.0
15944,0.0
15945,0.0
15946,0.0
15947,0.0
15948,0.0
15949,0.0
15950,0.0
15951,0.0
15952,0.0
15953,0.0
15954,0.0
15955,0.0
15956,0.0
15957,0.0
15958,0.0
15959,0.0
15960,0.0
15961,0.0
15962,0.0
15963,0.0
15964,0.0
15965,0.0
15966,0.0
15967,0.0
15968,0.0
15969,0.0
15970,0.0
15971,0.0
15972,0.0
15973,0.0
15974,0.0
15975,3542.9584999999997
15976,16466.63
15977,0.0
15978,0.0
15979,0.0
15980,0.0
15981,0.0
15982,0.0
15983,0.0
15984,0.0
15985,0.0
15986,0.0
15987,0.0
15988,0.0
15989,0.0
15990,0.0
15991,0.0
15992,0.0
15993,0.0
15994,0.0
15995,0.0
15996,0.0
15997,0.0
15998,0.0
15999,0.0
16000,0.0
16001,0.0
16002,0.0
16003,0.0
16004,10444.343547619048
16005,0.0
16006,0.0
16007,0.0
16008,0.0
16009,0.0
16010,0.0
16011,0.0
16012,0.0
16013,0.0
16014,0.0
16015,0.0
16016,0.0
16017,0.0
16018,0.0
16019,0.0
16020,0.0
16021,0.0
16022,0.0
16023,0.0
16024,0.0
16025,0.0
16026,0.0
16027,0.0
16028,0.0
16029,0.0
16030,0.0
16031,0.0
16032,0.0
16033,0.0
16034,0.0
16035,0.0
16036,0.0
16037,0.0
16038,0.0
16039,0.0
16040,0.0
16041,0.0
16042,0.0
16043,0.0
16044,0.0
16045,0.0
16046,0.0
16047,0.0
16048,0.0
16049,0.0
16050,0.0
16051,0.0
16052,0.0
16053,0.0
16054,0.0
16055,0.0
16056,0.0
16057,0.0
16058,0.0
16059,0.0
16060,0.0
16061,0.0
16062,0.0
16063,0.0
16064,0.0
16065,0.0
16066,0.0
16067,0.0
16068,0.0
16069,0.0
16070,0.0
16071,0.0
16072,0.0
16073,0.0
16074,2467.09
16075,0.0
16076,0.0
16077,0.0
16078,2427.36
16079,0.0
16080,0.0
16081,0.0
16082,0.0
16083,0.0
16084,0.0
16085,0.0
16086,0.0
16087,0.0
16088,0.0
16089,0.0
16090,0.0
16091,0.0
16092,0.0
16093,0.0
16094,0.0
16095,0.0
16096,0.0
16097,0.0
16098,0.0
16099,0.0
16100,0.0
16101,0.0
16102,0.0
16103,0.0
16104,0.0
16105,0.0
16106,0.0
16107,0.0
16108,0.0
16109,0.0
16110,0.0
16111,0.0
16112,0.0
16113,0.0
16114,0.0
16115,0.0
16116,0.0
16117,0.0
16118,0.0
16119,0.0
16120,0.0
16121,0.0
16122,0.0
16123,0.0
16124,0.0
16125,0.0
16126,0.0
16127,0.0
16128,0.0
16129,2101.34
16130,0.0
16131,0.0
16132,0.0
16133,0.0
16134,0.0
16135,0.0
16136,0.0
16137,0.0
16138,0.0
16139,0.0
16140,0.0
16141,0.0
16142,0.0
16143,0.0
16144,9700.423333333334
16145,0.0
16146,0.0
16147,0.0
16148,0.0
16149,0.0
16150,0.0
16151,0.0
16152,0.0
16153,0.0
16154,0.0
16155,0.0
16156,0.0
16157,0.0
16158,0.0
16159,0.0
16160,0.0
16161,0.0
16162,0.0
16163,0.0
16164,0.0
16165,0.0
16166,0.0
16167,0.0
16168,0.0
16169,0.0
16170,0.0
16171,0.0
16172,0.0
16173,0.0
16174,0.0
16175,0.0
16176,0.0
16177,0.0
16178,0.0
16179,0.0
16180,0.0
16181,0.0
16182,0.0
16183,0.0
16184,0.0
16185,0.0
16186,0.0
16187,0.0
16188,0.0
16189,0.0
16190,0.0
16191,0.0
16192,0.0
16193,0.0
16194,0.0
16195,0.0
16196,0.0
16197,0.0
16198,0.0
16199,0.0
16200,0.0
16201,0.0
16202,0.0
16203,0.0
16204,0.0
16205,0.0
16206,0.0
16207,0.0
16208,4190.72
16209,0.0
16210,0.0
16211,0.0
16212,0.0
16213,0.0
16214,0.0
16215,0.0
16216,0.0
16217,0.0
16218,0.0
16219,0.0
16220,0.0
16221,0.0
16222,0.0
16223,0.0
16224,0.0
16225,0.0
16226,0.0
16227,0.0
16228,0.0
16229,0.0
16230,0.0
16231,0.0
16232,0.0
16233,0.0
16234,0.0
16235,0.0
16236,0.0
16237,0.0
16238,0.0
16239,0.0
16240,0.0
16241,0.0
16242,0.0
16243,0.0
16244,0.0
16245,0.0
16246,0.0
16247,0.0
16248,0.0
16249,14299.99
16250,5428.24
16251,0.0
16252,0.0
16253,0.0
16254,0.0
16255,0.0
16256,0.0
16257,0.0
16258,0.0
16259,0.0
16260,0.0
16261,0.0
16262,0.0
16263,0.0
16264,0.0
16265,4517.99
16266,4176.25
16267,6963.87
16268,3336.3400000000006
16269,6474.68
16270,4396.88
16271,6309.61
16272,6163.12
16273,3942.6
16274,3630.29
16275,5724.59
16276,4531.56
16277,5139.963333333333
16278,5278.32
16279,5096.1
16280,3656.39
16281,4623.57
16282,7187.66
16283,9551.97
16284,7871.09
16285,6977.1665
16286,4285.82
16287,6267.7
16288,2139.84
16289,8558.34
16290,7783.45
16291,9632.27
16292,6015.82
16293,2841.88
16294,5433.507999999999
16295,4570.72
16296,8331.989714285715
16297,4431.494666666667
16298,5386.8
16299,4727.81
16300,6140.64
16301,2874.93
16302,7450.54
16303,4447.33
16304,6949.02
16305,5853.18
16306,4365.22
16307,7854.81
16308,6291.17
16309,4931.83
16310,3455.589821428572
16311,8251.74
16312,10017.563499999998
16313,5586.466166666666
16314,5326.74
16315,9276.88
16316,7316.673333333334
16317,5568.873333333334
16318,6160.13
16319,3589.75
16320,2916.63
16321,5365.267833333333
16322,6469.3
16323,8283.08
16324,7095.47
16325,3816.488
16326,7572.085416666668
16327,7452.13
16328,4795.17
16329,2847.8024999999993
16330,10710.5175
16331,3480.52
16332,4280.41
16333,7356.82
16334,4555.573333333333
16335,5664.559499999999
16336,3379.0275
16337,5735.741500000001
16338,4853.01
16339,5558.22
16340,7448.321666666667
16341,8944.176999999998
16342,5961.36
16343,3237.3583333333336
16344,7653.39
16345,11374.82
16346,5684.41
16347,3916.01
16348,6244.628333333334
16349,5467.31
16350,6586.736666666668
16351,10002.39
16352,2368.0
16353,8272.63
16354,4490.94
16355,4845.615
16356,8278.64
16357,2926.39
16358,5204.836666666667
16359,4923.88
16360,6611.92
16361,6889.16
16362,4301.45
16363,4690.061333333334
16364,5387.55
16365,5964.616666666668
16366,4933.09
16367,6014.99
16368,3859.72
16369,6474.47
16370,4599.235142857144
16371,3391.47
16372,5680.67
16373,5914.58
16374,6550.16
16375,7022.02
16376,8151.636166666667
16377,3970.46
16378,8484.87
16379,3422.7485
16380,3579.7
16381,7865.685
16382,6155.24
16383,7482.09
16384,9593.795642857143
16385,6472.39
16386,5275.7
16387,7333.8
16388,7140.24
16389,3879.61
16390,2630.58
16391,5246.77
16392,4522.547833333332
16393,5113.65
16394,4178.1410000000005
16395,5493.733666666666
16396,5950.92
16397,5605.47
16398,6125.844000000001
16399,2847.681666666667
16400,7084.793333333334
16401,7546.07
16402,3603.34
16403,6133.88
16404,2728.42
16405,5580.047238095238
16406,3041.92
16407,4428.1720000000005
16408,4586.633976190476
16409,7702.32
16410,6417.4
16411,6914.67
16412,13813.93
16413,3989.950428571429
16414,4267.494833333333
16415,10642.100499999999
16416,5712.642428571429
16417,8282.37
16418,6745.53
16419,5502.175809523809
16420,5926.39
16421,8096.8
16422,5150.225464285713
16423,8446.593666666668
16424,5585.31
16425,2909.85
16426,3699.28
16427,7405.84
16428,9428.66
16429,5547.24
16430,6899.251333333333
16431,4381.785
16432,2708.01
16433,2018.42
16434,3758.22
16435,5743.14
16436,5600.542166666667
16437,4783.415
16438,3698.1966666666667
16439,8756.075
16440,8083.445
16441,8508.92
16442,4577.9
16443,8406.371666666668
16444,10646.396666666666
16445,4155.31
16446,6624.331257575756
16447,5355.175833333331
16448,6841.525654761906
16449,2950.58
16450,5493.58
16451,4515.59
16452,7772.835
16453,7942.28
16454,7351.81
16455,6909.56
16456,5343.263666666667
16457,7721.26
16458,20205.58676190476
16459,8885.833666666667
16460,3979.2393333333325
16461,3343.68
16462,6440.64
16463,8471.21
16464,4314.52
16465,9322.98
16466,17425.08
16467,5201.85
16468,2775.934166666667
16469,10976.67
16470,3448.91
16471,7530.348571428572
16472,3414.57
16473,6146.465333333332
16474,3229.0725
16475,6376.24
16476,5262.443333333333
16477,5451.17
16478,7366.72
16479,5649.74
16480,6205.67
16481,6217.91
16482,4426.08
16483,5615.798333333332
16484,8477.17
16485,4855.55
16486,5709.58
16487,4425.99
16488,3407.69
16489,5448.58
16490,4914.56
16491,4897.71
16492,7255.04
16493,8495.12
16494,7343.76
16495,4787.065166666666
16496,4228.76
16497,4272.14
16498,5530.15
16499,6075.13
16500,2660.8
16501,6801.3
16502,5709.329928571428
16503,9157.007357142855
16504,5616.01
16505,4163.94
16506,2898.57
16507,3249.07
16508,8714.26
16509,5306.76
16510,6577.01
16511,12875.61
16512,7369.85
16513,3810.17
16514,5278.721499999999
16515,2661.97
16516,4411.97
16517,4562.941333333333
16518,3932.311452380953
16519,8818.54
16520,4643.2
16521,9674.779
16522,10783.03
16523,5303.26
16524,5382.708333333332
16525,5342.001
16526,5501.222833333333
16527,5126.22
16528,10023.07
16529,6751.82
16530,6823.44
16531,3316.485
16532,5158.417666666665
16533,5287.81
16534,7879.18
16535,6547.966666666667
16536,5265.13
16537,7735.653666666666
16538,4092.1783809523813
16539,8931.36
16540,7358.64
16541,6997.75
16542,9582.33
16543,7268.803000000002
16544,8250.796666666667
16545,3469.5430000000006
16546,5308.413333333334
16547,5235.2
16548,8817.76
16549,7186.03
16550,6959.72
16551,6096.81
16552,7618.12
16553,3993.8773333333315
16554,7373.89
16555,6540.67
16556,3035.53
16557,12442.05
16558,16637.9
16559,7156.14
16560,6421.19
16561,7930.865999999998
16562,8493.4635
16563,8296.16
16564,3461.9253333333327
16565,4512.533666666667
16566,5653.32
16567,7842.5
16568,2671.45
16569,3927.7757500000002
16570,6044.557999999999
16571,4659.61
16572,4848.1320000000005
16573,2660.0805000000005
16574,3366.59
16575,7042.3
16576,3331.0
16577,4297.745666666667
16578,5591.633333333332
16579,5915.128000000001
16580,8797.339999999998
16581,8955.18
16582,4365.25
16583,6277.501666666666
16584,6127.9
16585,10286.71
16586,6174.195333333333
16587,2935.68
16588,4071.49
16589,13686.3
16590,4102.897333333333
16591,7606.370666666668
16592,2136.5376666666666
16593,3518.0973333333345
16594,5670.62
16595,5588.23
16596,4723.36
16597,7473.74
16598,9331.859166666667
16599,8383.54
16600,5244.58
16601,11256.37
16602,2278.0420000000004
16603,3664.42
16604,7111.6421666666665
16605,4245.530833333334
16606,9972.699999999999
16607,2626.02
16608,5385.15
16609,5558.24
16610,7699.85
16611,8288.72
16612,4477.94
16613,3164.83
16614,8992.059
16615,8589.69
16616,4909.106222222222
16617,4083.133333333333
16618,8016.625
16619,6367.95
16620,4885.3
16621,3905.953333333334
16622,7025.1
16623,4212.45
16624,12131.12
16625,8112.06
16626,17248.892857142855
16627,5800.03
16628,5306.68
16629,2388.9895
16630,6068.37
16631,5458.95
16632,4563.3
16633,9464.38
16634,4402.2
16635,2789.831904761905
16636,7224.57
16637,3625.88
16638,8277.85
16639,7240.110499999999
16640,6559.72
16641,8584.682999999999
16642,4161.348571428572
16643,6837.87
16644,6558.23
16645,4383.009714285714
16646,5967.12
16647,3578.33
16648,9209.88
16649,6199.36
16650,3381.7563333333337
16651,4568.506
16652,8236.09
16653,5805.755904761904
16654,3899.64
16655,5480.534333333333
16656,5182.51
16657,3859.0366666666664
16658,4687.15
16659,10377.512500000003
16660,5512.2024999999985
16661,3772.78
16662,5282.84
16663,5887.35
16664,3430.6492142857155
16665,4871.45
16666,8049.69
16667,7878.51
16668,8326.28
16669,9092.848666666667
16670,7624.13
16671,5890.325166666666
16672,4327.786761904762
16673,10753.56
16674,7602.001333333333
16675,6568.86
16676,5221.54
16677,5883.06
16678,4379.41
16679,2509.11
16680,11531.71
16681,4503.1
16682,6121.2
16683,4339.96
16684,4041.06
16685,8356.81
16686,5628.57
16687,5729.16
16688,3793.691714285714
16689,6247.963333333332
16690,6109.71
16691,3971.12
16692,9648.73
16693,4074.9553809523813
16694,4520.15
16695,3950.0665000000004
16696,2805.35
16697,4717.873500000001
16698,14334.385
16699,6172.223666666669
16700,5759.909714285714
16701,5318.23
16702,3546.0003571428574
16703,3891.22
16704,5439.04
16705,2887.36
16706,8221.11
16707,6071.35
16708,2953.83
16709,7614.954166666666
16710,2673.66
16711,4640.283666666667
16712,8953.57
16713,9539.19
16714,8194.4
16715,2636.37
16716,5056.015833333334
16717,4999.36
16718,4491.73
16719,15412.49
16720,10302.17
16721,5340.67
16722,2649.705
16723,5067.08
16724,4703.0616666666665
16725,2637.61
16726,7523.1
16727,4667.64
16728,4920.34
16729,7489.68
16730,4812.25
16731,5104.31
16732,5768.36
16733,7249.44
16734,6468.46
16735,4477.36
16736,8341.89
16737,6786.29
16738,7974.22
16739,6069.95
16740,6387.986666666668
16741,2141.11
16742,6994.99
16743,5328.76
16744,3137.0708333333328
16745,4500.96
16746,4476.15
16747,5209.66
16748,6007.06
16749,4580.99
16750,6680.32
16751,5272.655333333332
16752,7645.78
16753,7472.78
16754,4849.24
16755,6924.555
16756,5839.93
16757,2828.61
16758,11076.151333333335
16759,3686.25
16760,3871.53
16761,6628.64
16762,9680.85
16763,9801.564595238095
16764,3747.84
16765,5092.42
16766,6298.95
16767,6789.134499999999
16768,4818.52
16769,8430.51
16770,3119.89
16771,5145.89
16772,4022.3271428571434
16773,3543.86
16774,2562.48
16775,7150.14
16776,7157.3925
16777,5696.19
16778,5808.26
16779,7159.752333333332
16780,8340.2
16781,4458.9
16782,4746.76
16783,4555.62
16784,6096.9725
16785,5311.25
16786,2236.77
16787,4799.36
16788,5695.24
16789,6467.384833333335
16790,6124.370166666666
16791,2734.5841309523807
16792,8120.02
16793,2691.5
16794,8656.45933333333
16795,5480.61
16796,4805.507500000001
16797,8264.326142857144
16798,3920.84
16799,4318.35
16800,8040.19
16801,2766.14
16802,6543.598000000001
16803,10559.240833333333
16804,5909.36
16805,2379.9025
16806,4904.93
16807,3564.42
16808,2506.85
16809,5126.88
16810,5292.28
16811,4625.73
16812,4268.48
16813,5757.58
16814,4549.03
16815,12801.940166666669
16816,4908.94
16817,5618.05
16818,4752.729166666666
16819,5525.85
16820,5292.97
16821,6680.8
16822,8693.14
16823,9953.972
16824,7844.71
16825,5624.3123333333315
16826,4976.04
16827,2849.42
16828,5036.363
16829,8675.37
16830,6571.691999999999
16831,7353.670047619048
16832,14255.7
16833,3471.2136666666665
16834,4184.67
16835,4350.14
16836,8511.81
16837,8708.54
16838,7200.26
16839,7452.21
16840,8206.627
16841,7142.69
16842,6283.36
16843,5056.1
16844,2344.95
16845,4713.84
16846,3481.91
16847,3016.55
16848,7623.94
16849,18710.543499999996
16850,4379.910000000001
16851,3014.22
16852,4602.54
16853,3788.4004285714286
16854,5949.44
16855,1655.7320000000002
16856,6350.7
16857,5171.5
16858,3355.892333333333
16859,11916.27
16860,9963.246904761907
16861,4084.6526666666673
16862,5281.65
16863,3910.454083333333
16864,4098.665
16865,4365.69
16866,8371.91
16867,4024.2
16868,4441.35
16869,5462.22
16870,5394.58
16871,5448.896833333332
16872,7370.12
16873,3011.41
16874,7822.47
16875,6707.66
16876,4521.65
16877,3971.35
16878,4450.3095
16879,4325.95
16880,4436.82
16881,10407.792666666666
16882,4188.65
16883,3879.11
16884,7075.244166666668
16885,7922.114333333334
16886,4480.04
16887,4756.77
16888,5201.35
16889,9836.04
16890,7025.9
16891,5955.79
16892,3916.62
16893,4460.35
16894,6183.24
16895,4258.438
16896,4930.075
16897,5373.5225
16898,10670.06
16899,7889.97
16900,4505.36
16901,5596.720833333334
16902,4525.8
16903,6783.65
16904,5376.034166666667
16905,8865.08
16906,6498.331999999999
16907,5227.79
16908,4399.99
16909,1853.745
16910,3787.69
16911,18665.6
16912,2160.0466666666666
16913,3728.59
16914,6773.24
16915,8069.496666666666
16916,6518.21
16917,7929.73
16918,6154.74
16919,5250.35
16920,2719.76
16921,6579.885666666666
16922,3482.2816666666668
16923,6366.34
16924,8637.71
16925,3636.98
16926,7447.91
16927,6239.62
16928,3377.2411904761907
16929,5321.98
16930,6914.7
16931,2678.57
16932,9026.607666666667
16933,5953.3
16934,4764.29
16935,8463.47
16936,7239.3475
16937,6424.73
16938,4375.349
16939,3379.34
16940,5541.751666666667
16941,3073.99
16942,5501.497333333333
16943,2714.46
16944,6272.36
16945,2879.79
16946,4383.75
16947,5850.74
16948,4551.64
16949,5236.97
16950,8055.01
16951,4447.12
16952,9453.275333333331
16953,4910.7
16954,6255.97
16955,7841.070166666667
16956,7513.74
16957,4089.39
16958,5189.98
16959,5496.99
16960,4501.48
16961,10348.54
16962,5345.73
16963,5451.21
16964,9044.95
16965,5701.296666666666
16966,2059.79
16967,8089.4
16968,8600.963666666667
16969,6920.29
16970,7753.132833333334
16971,7574.18
16972,7212.72
16973,5658.94
16974,4249.733333333334
16975,3466.956333333333
16976,6853.081999999999
16977,7531.57
16978,2992.336666666666
16979,7890.08
16980,6983.18
16981,5024.220333333334
16982,7270.160333333334
16983,4976.51
16984,11609.78216666667
16985,3632.96
16986,4097.92
16987,4914.140238095238
16988,3797.12
16989,6960.13
16990,6438.805
16991,7332.37
16992,7000.222690476191
16993,4077.84
16994,5836.926666666666
16995,6777.033666666666
16996,8121.03
16997,3028.35
16998,2861.33
16999,8781.28
17000,5164.121
17001,0.0
17002,8060.082785714285
17003,7137.84
17004,5759.45
17005,4591.72
17006,2471.4296666666664
17007,5655.085
17008,7054.908333333333
17009,5359.608
17010,8241.344666666666
17011,7129.11
17012,3590.8
17013,5859.26
17014,3127.313333333333
17015,1342.4975
17016,6496.195833333334
17017,8651.19
17018,6214.403333333333
17019,3708.631333333333
17020,3270.78
17021,4759.94
17022,8359.55
17023,6108.253833333333
17024,8180.43
17025,5419.331071428572
17026,6075.79
17027,3252.94
17028,6286.554095238097
17029,3328.85
17030,2650.8
17031,4308.52
17032,3778.36
17033,6954.58
17034,4583.62
17035,4509.97
17036,5095.167
17037,7780.18
17038,5302.42
17039,3791.88
17040,10116.53
17041,8171.67
17042,6445.86
17043,2300.257666666667
17044,5871.4299999999985
17045,5246.06
17046,4321.136666666667
17047,7864.764
17048,8451.166666666666
17049,7104.773
17050,6675.16
17051,5953.68
17052,8233.93
17053,10467.96
17054,3272.0885000000003
17055,3924.23
17056,4735.011666666667
17057,6389.469
17058,5703.2
17059,8725.09
17060,6922.59
17061,6065.37
17062,2861.201738095239
17063,5973.0575714285715
17064,6879.8
17065,3590.9312976190477
17066,6097.18
17067,3228.03
17068,7290.77
17069,5540.12
17070,5332.7822857142855
17071,6927.14
17072,3981.5973333333327
17073,2843.11
17074,7151.08
17075,5786.974
17076,9089.13
17077,6263.733666666664
17078,7046.029285714287
17079,5724.25
17080,3546.5396666666675
17081,8442.030499999999
17082,2602.03
17083,10550.255500000001
17084,5130.74
17085,4114.238666666667
17086,7189.85
17087,5199.69
17088,3245.362071428571
17089,5728.65719047619
17090,3403.8406666666665
17091,3178.31
17092,4838.027000000001
17093,5895.66
17094,8133.28
17095,4913.11
17096,5303.7
17097,4170.4
17098,6374.34
17099,3114.61
17100,11137.32
17101,7376.358380952381
17102,11515.43
17103,5211.862
17104,5679.14569047619
17105,13845.74
17106,7274.01
17107,3451.2991666666667
17108,8958.59
17109,6870.27
17110,5459.06
17111,5820.77
17112,4484.76
17113,3293.55
17114,5166.3
17115,3791.735
17116,2724.92
17117,7811.21
17118,6034.813809523808
17119,23052.397833333333
17120,7372.701666666666
17121,3930.88
17122,6032.1
17123,9115.09
17124,4529.02
17125,6534.94
17126,5265.96
17127,7147.64
17128,6238.3533333333335
17129,3547.72
17130,5053.71
17131,5852.14
17132,6203.03
17133,7267.33
17134,6804.6
17135,3934.23
17136,3830.66
17137,4860.56
17138,9220.8
17139,10403.27
17140,7993.44
17141,6523.73
17142,3614.09
17143,5755.25
17144,2923.98
17145,7542.27
17146,8636.08
17147,8272.53
17148,5034.3
17149,4314.12
17150,4185.36
17151,4574.66
17152,9637.785
17153,5531.945
17154,4782.43
17155,4246.93
17156,6193.81
17157,3534.64
17158,6484.97
17159,3882.0
17160,6651.56
17161,5776.43
17162,4796.96
17163,7408.79
17164,5736.82
17165,3906.09
17166,6236.5
17167,6654.85
17168,10076.64
17169,5818.28
17170,6023.91
17171,7779.191666666667
17172,8373.09
17173,5893.08
17174,7827.96
17175,4479.38
17176,3861.63
17177,5623.05
17178,6499.45
17179,8587.41
17180,6614.26
17181,4784.06
17182,6551.68
17183,6662.07
17184,7444.31
17185,3457.44
17186,11702.195
17187,4000.46
17188,5218.67
17189,8328.68
17190,5026.53
17191,5278.94
17192,6289.23
17193,6661.91
17194,4773.31
17195,5071.95
17196,6794.47
17197,8155.365833333333
17198,6428.79
17199,4066.26
17200,7068.8
17201,11380.27
17202,6134.18
17203,4900.52
17204,5869.41
17205,5771.08
17206,5872.09
17207,7290.04
17208,3734.0
17209,7158.98
17210,4696.77
17211,5240.93
17212,8139.75
17213,5551.65
17214,6067.96
17215,3531.36
17216,6361.31
17217,7982.91
17218,4646.74
17219,4519.815
17220,4161.39
17221,5363.18
17222,4985.12
17223,6553.75
17224,5490.73
17225,6309.71
17226,4779.0191428571425
17227,4709.47
17228,6133.28
17229,8060.57
17230,6261.18
17231,7480.53
17232,7570.68
17233,5102.0
17234,8056.94
17235,5050.9
17236,5448.54
17237,8046.63
17238,5242.3
17239,8570.97
17240,8171.19
17241,6729.96
17242,5274.44
17243,6871.09
17244,6371.95
17245,5178.23
17246,3286.84
17247,4745.67
17248,6931.41
17249,5488.12
17250,4475.225
17251,7425.15
17252,4730.93
17253,5634.91
17254,5222.42
17255,4950.986666666667
17256,6670.4333333333325
17257,6228.07
17258,5219.78
17259,5639.19
17260,4261.21
17261,6758.623333333333
17262,2779.75
17263,6384.0233333333335
17264,4110.87
17265,7815.64
17266,6693.93
17267,5681.63
17268,8445.75
17269,3841.37
17270,4718.57
17271,9907.87
17272,6177.237333333334
17273,8163.59
17274,7428.51
17275,5566.14
17276,5684.21
17277,7213.6
17278,7080.8
17279,8952.505
17280,5715.65
17281,3030.44
17282,4077.4
17283,7184.78
17284,9036.01
17285,4794.32
17286,6877.053333333333
17287,4719.13
17288,4047.16
17289,3119.28
17290,4108.81
17291,6110.3
17292,5302.7
17293,5413.62
17294,5269.18
17295,7452.804666666667
17296,8079.98
17297,7508.33
17298,3982.1
17299,8368.35
17300,10594.23
17301,5154.01
17302,7664.91
17303,4951.28
17304,6597.386071428572
17305,3347.91
17306,5386.49
17307,4679.03
17308,7742.86
17309,7125.07
17310,7764.52
17311,7273.23
17312,6023.29
17313,7009.1
17314,16889.265
17315,9164.665833333334
17316,4255.1
17317,2904.18
17318,5518.72
17319,7478.55
17320,5497.63
17321,11605.79
17322,18204.46
17323,3571.63
17324,3778.82
17325,7928.14
17326,4678.15
17327,8807.27
17328,5415.43
17329,6805.22
17330,3743.83
17331,5703.37
17332,6366.18
17333,6421.44
17334,5677.83
17335,6128.43
17336,6206.19
17337,6023.4
17338,3788.98
17339,4423.52
17340,6809.2
17341,4889.68
17342,5035.66
17343,6637.43
17344,4966.19
17345,4568.87
17346,6331.5
17347,5464.63
17348,7426.37
17349,7869.24
17350,6601.18
17351,5341.8753333333325
17352,3621.74
17353,5546.24
17354,7260.47
17355,5630.49
17356,4140.89
17357,7579.6
17358,5796.03
17359,11062.043333333335
17360,5991.88
17361,4752.75
17362,4744.99
17363,4850.15
17364,8400.32
17365,4675.79
17366,8161.77
17367,12893.32
17368,6942.57
17369,5580.59
17370,4501.74
17371,4430.93
17372,7258.72
17373,3665.4883333333337
17374,5326.73
17375,8847.83
17376,4837.63
17377,12924.69
17378,11237.76
17379,4970.27
17380,5800.53
17381,5888.84
17382,6174.72
17383,4891.41
17384,10361.3
17385,6839.7
17386,7042.89
17387,3859.72
17388,6724.975
17389,5084.23
17390,7717.69
17391,5949.07
17392,5435.11
17393,6831.5105
17394,4840.08
17395,7964.14
17396,8909.65
17397,6118.35
17398,9691.7
17399,6496.03
17400,7997.41
17401,5139.99
17402,3980.24
17403,4341.17
17404,8037.3
17405,6612.01
17406,6528.61
17407,6058.11
17408,8339.51
17409,3973.29
17410,8118.19
17411,6008.56
17412,4072.39
17413,12080.68
17414,15244.81
17415,5951.52
17416,5907.53
17417,8947.0775
17418,9159.12
17419,9586.42
17420,5775.34
17421,6440.09
17422,5630.76
17423,7473.37
17424,3992.65
17425,4865.27
17426,5269.4
17427,5005.4
17428,7141.03
17429,4300.47
17430,3591.78
17431,6708.62
17432,3597.87
17433,3809.39
17434,4638.76
17435,5708.07
17436,8047.01
17437,7130.16
17438,5410.01
17439,5736.62
17440,6358.27
17441,9301.61
17442,7104.94
17443,5485.16
17444,3523.55
17445,9761.8
17446,4406.700000000001
17447,7092.12
17448,3591.366666666667
17449,4204.48
17450,5818.82
17451,5698.89
17452,4682.65
17453,7207.71
17454,9801.335
17455,10496.4
17456,5885.0
17457,10520.75
17458,2896.16
17459,4901.14
17460,6668.113333333334
17461,3420.61
17462,8201.516666666668
17463,4893.7
17464,4633.62
17465,8656.27
17466,9158.51
17467,7277.0
17468,4836.22
17469,4273.24
17470,10582.94
17471,7824.33
17472,5382.8116666666665
17473,3739.46
17474,6170.0
17475,7179.22
17476,5200.03
17477,5256.38
17478,6506.57
17479,7443.78
17480,11097.19
17481,5404.03
17482,15201.02
17483,5533.0
17484,5339.78
17485,3261.84
17486,5529.11
17487,5373.14
17488,4740.15
17489,7805.15
17490,4141.73
17491,4293.93
17492,7122.42
17493,3271.67
17494,6880.62
17495,6112.26
17496,6380.39
17497,8706.599333333332
17498,4021.72
17499,8957.34
17500,5296.11
17501,4669.14
17502,5062.69
17503,4215.09
17504,9132.69
17505,6496.92
17506,3921.38
17507,6170.8
17508,7846.15
17509,6638.753333333332
17510,5109.63
17511,8306.11
17512,5266.98
17513,4827.26
17514,5345.3
17515,9063.656666666668
17516,5615.74
17517,5172.57
17518,4371.84
17519,4705.64
17520,4022.12
17521,5030.02
17522,7345.83
17523,8961.86
17524,8062.13
17525,10302.715
17526,7469.71
17527,6846.049761904762
17528,4698.736666666667
17529,10394.05
17530,8516.08
17531,6037.47
17532,7519.34
17533,8286.22
17534,5130.39
17535,3200.16
17536,9591.43
17537,3595.33
17538,6365.68
17539,5261.65
17540,4319.73
17541,9276.93
17542,5556.01
17543,6098.05
17544,4667.04
17545,5088.71
17546,6318.9
17547,5559.23
17548,6588.37
17549,4387.51
17550,4024.45
17551,3656.04
17552,2806.24
17553,6884.93
17554,15745.14
17555,5485.28
17556,5706.19
17557,5750.07
17558,4650.5
17559,5045.23
17560,4367.54
17561,3991.17
17562,7013.08
17563,6424.83
17564,3568.98
17565,7249.93
17566,3948.92
17567,5068.8425
17568,8695.51
17569,7972.76
17570,8788.64
17571,4138.81
17572,5654.74
17573,4461.44
17574,4727.66
17575,11727.7
17576,8037.78
17577,6200.82
17578,4378.66
17579,4399.95
17580,6041.59
17581,3976.09
17582,8402.85
17583,4748.51
17584,4883.08
17585,7273.01
17586,4613.54
17587,5563.19
17588,5475.59
17589,7377.27
17590,6177.59
17591,4865.65
17592,7048.63
17593,5735.92
17594,7631.42
17595,8223.95
17596,6212.84
17597,3452.06
17598,6079.95
17599,5428.92
17600,4611.266666666666
17601,6797.2
17602,7003.93
17603,5973.54
17604,5497.75
17605,6701.54
17606,7110.04
17607,5765.360333333333
17608,5752.76
17609,7058.21
17610,4385.13
17611,8278.75
17612,6085.4
17613,4473.95
17614,10934.208
17615,4776.78
17616,3093.89
17617,7476.78
17618,8977.59
17619,8861.99
17620,4341.98
17621,5463.11
17622,5799.31
17623,6865.09
17624,5867.45
17625,7694.54
17626,2862.55
17627,5383.52
17628,5424.77
17629,4402.83
17630,4046.52
17631,6130.29
17632,6855.24
17633,5037.7
17634,7055.4
17635,5699.54
17636,6937.95
17637,4726.76
17638,5098.45
17639,5114.08
17640,6604.64
17641,8550.81
17642,3422.6
17643,7192.51
17644,6403.93
17645,7453.806666666667
17646,4797.839166666667
17647,3205.03
17648,5219.55
17649,4947.62
17650,7821.89
17651,6679.4
17652,4805.5225
17653,7462.198
17654,5266.07
17655,4939.61
17656,6054.69
17657,4592.08
17658,7097.44
17659,11345.725833333336
17660,5458.61
17661,3815.5
17662,4303.11
17663,3731.31
17664,2863.34
17665,7112.29
17666,5043.87
17667,9045.99
17668,3879.94
17669,6469.79
17670,5789.52
17671,9939.796666666667
17672,4560.33
17673,5272.77
17674,4892.989166666666
17675,7055.06
17676,5215.47
17677,6546.56
17678,7700.17
17679,9917.52
17680,7111.39
17681,6971.85
17682,5976.26
17683,3881.16
17684,4828.8966666666665
17685,10240.6
17686,7679.44
17687,8548.9625
17688,15523.75
17689,6241.15
17690,4163.11
17691,5395.15
17692,8003.57
17693,8206.44
17694,6001.76
17695,7226.78
17696,8469.976
17697,5691.25
17698,6233.21
17699,5405.72
17700,4577.05
17701,4651.91
17702,3024.14
17703,4407.15
17704,7955.61
17705,15958.05
17706,4901.996666666666
17707,4045.16
17708,6667.18
17709,3536.38
17710,5920.44
17711,3928.71
17712,7580.28
17713,5271.416666666668
17714,6388.391
17715,11167.0
17716,12766.65
17717,6092.4
17718,6146.82
17719,3783.705
17720,4977.28
17721,4657.58
17722,7821.77
17723,4343.55
17724,4028.51
17725,5227.8
17726,5510.69
17727,7054.62
17728,6392.68
17729,3890.25
17730,6938.68
17731,7337.57
17732,6195.26
17733,3719.94
17734,3988.62
17735,6671.76
17736,4287.97
17737,10207.183333333332
17738,4282.63
17739,4734.13
17740,6189.673333333332
17741,8064.293333333332
17742,3810.3
17743,4953.43
17744,5360.2
17745,8697.51
17746,7857.42
17747,5734.92
17748,3763.71
17749,4862.62
17750,5970.0
17751,5101.16
17752,5707.57
17753,6018.99
17754,9177.55
17755,6358.85
17756,5398.8
17757,6615.668809523809
17758,3802.99
17759,8509.64
17760,4698.7
17761,10943.67
17762,5437.44
17763,5577.3
17764,5525.71
17765,4079.97
17766,6460.57
17767,20614.81
17768,4388.3
17769,4154.13
17770,8845.32
17771,6775.66
17772,7263.34
17773,7581.72
17774,5633.35
17775,4763.89
17776,4029.55
17777,7989.995
17778,5298.14
17779,5968.58
17780,6778.38
17781,4334.85
17782,7020.62
17783,5844.33
17784,3503.94
17785,7620.45
17786,9558.89
17787,3754.49
17788,6736.54
17789,5928.17
17790,4600.41
17791,8389.22
17792,5638.97
17793,6545.38
17794,4375.1
17795,4522.34
17796,6526.3966666666665
17797,3234.6
17798,6297.45
17799,3776.4
17800,6535.75
17801,4487.3
17802,4331.63
17803,5784.42
17804,6327.55
17805,6158.82
17806,7433.35
17807,4625.99
17808,8206.706666666667
17809,4769.26
17810,7322.1
17811,8065.61
17812,6661.88
17813,4118.72
17814,5640.24
17815,5850.4
17816,4006.3
17817,11140.08
17818,5121.05
17819,5613.82
17820,9398.67
17821,7104.74
17822,3674.69
17823,8061.49
17824,10111.421999999999
17825,5418.41
17826,6879.35
17827,8377.78
17828,5379.82
17829,5454.51
17830,7053.55
17831,4523.61
17832,5876.35
17833,7380.6
17834,4176.26
17835,5795.15
17836,6981.36
17837,6219.65
17838,7230.01
17839,5704.11
17840,6679.754
17841,4166.72
17842,6644.03
17843,7277.12
17844,6005.12
17845,5678.9
17846,5723.7
17847,8189.14
17848,5500.628333333332
17849,4454.89
17850,5740.7
17851,6575.32
17852,6986.33
17853,4230.67
17854,3998.86
17855,6386.05
17856,6317.15
17857,4797.41
17858,8017.653
17859,6431.05
17860,5397.67
17861,4297.47
17862,4049.05
17863,5662.91
17864,7090.92
17865,6985.263333333333
17866,7942.81
17867,7824.89
17868,4754.51
17869,8015.82
17870,3071.32
17871,2566.21
17872,7893.88
17873,9625.61
17874,7167.28
17875,6433.75
17876,3383.52
17877,6364.09
17878,7200.63
17879,5140.65
17880,7063.4
17881,5861.54
17882,5695.65
17883,4817.79
17884,5366.55
17885,5137.53
17886,4234.42
17887,4360.74
17888,3346.65
17889,6283.64
17890,6367.27
17891,3581.59
17892,5840.51
17893,6557.98
17894,4991.78
17895,5162.66
17896,8346.01
17897,7357.38
17898,6023.7
17899,3836.72
17900,13280.75
17901,6433.68
17902,5236.11
17903,6991.48
17904,7199.87
17905,6873.18
17906,6027.59
17907,6577.13
17908,8934.83
17909,10722.73
17910,4974.43
17911,4120.73
17912,4528.9366666666665
17913,6164.590999999999
17914,5481.2
17915,6704.13
17916,8142.0
17917,5013.99
17918,4085.24
17919,5284.8
17920,8125.84
17921,4709.92
17922,6356.12
17923,3521.15
17924,7307.83
17925,6334.28
17926,7529.97
17927,8389.16
17928,5579.113
17929,2570.98
17930,5768.1
17931,7456.855
17932,7705.4
17933,7698.09
17934,6804.1
17935,5721.74
17936,3559.1533333333336
17937,9830.978333333334
17938,3526.67
17939,11072.8475
17940,5540.03
17941,4144.058333333333
17942,6666.91
17943,5117.49
17944,4850.9
17945,7509.96
17946,4478.14
17947,4436.58
17948,5301.555
17949,7001.27
17950,8273.07
17951,4583.06
17952,5845.06
17953,5027.06
17954,6414.63
17955,4509.04
17956,9918.07
17957,7827.471142857143
17958,10489.27
17959,3920.47
17960,6635.5325
17961,13800.8
17962,7635.06
17963,4467.1
17964,8790.77
17965,5868.63
17966,5304.22
17967,4859.51
17968,4069.87
17969,4375.58
17970,4702.9
17971,4452.42
17972,4230.37
17973,7825.14
17974,6232.458333333332
17975,19686.3
17976,6000.7
17977,3605.6
17978,5390.59
17979,7957.55
17980,4790.568333333333
17981,5351.19
17982,4566.91
17983,6787.2
17984,5643.913333333333
17985,3239.82
17986,4635.26
17987,5597.0
17988,5999.01
17989,6323.37
17990,8123.93
17991,3792.63
17992,3350.62
17993,4234.73
17994,7160.45
17995,8899.26
17996,7409.02
17997,5431.13
17998,3776.66
17999,4841.34
18000,3059.57
18001,6564.06
18002,7480.52
18003,7785.17
18004,4011.86
18005,3769.71
18006,4481.437142857143
18007,4281.4
18008,7989.385
18009,4939.77
18010,4236.43
18011,3634.6
18012,6254.37
18013,3034.56
18014,5620.48
18015,3148.54
18016,5511.38
18017,5810.9
18018,4818.94
18019,6480.05
18020,5295.02
18021,4433.19
18022,5694.73
18023,5189.16
18024,8221.84
18025,4733.19
18026,6069.79
18027,7272.985
18028,7720.61
18029,4772.14
18030,6881.22
18031,4460.98
18032,3638.76
18033,5066.47
18034,5466.63
18035,8155.16
18036,5809.65
18037,3921.65
18038,5783.94
18039,6579.69
18040,6916.2
18041,3004.74
18042,10614.83
18043,3516.37
18044,4835.84
18045,7060.66
18046,4635.65
18047,4528.37
18048,4606.54
18049,5366.03
18050,4198.64
18051,4124.28
18052,5918.27
18053,5832.7295
18054,5205.99
18055,3111.51
18056,6035.76
18057,8933.23
18058,5536.78
18059,4754.45
18060,4794.19
18061,5511.5
18062,4984.58
18063,6760.41
18064,3316.62
18065,5705.49
18066,4505.57
18067,4743.93
18068,7677.51
18069,3849.6
18070,4404.45
18071,3604.41
18072,5624.01
18073,7773.95
18074,4060.83
18075,3747.235
18076,4196.74
18077,4296.0
18078,4008.12
18079,6134.42
18080,5008.03
18081,6269.27
18082,4391.049142857143
18083,3951.56
18084,4831.89
18085,7664.55
18086,6443.87
18087,6361.23
18088,5979.81
18089,4624.71
18090,7274.26
18091,4394.29
18092,4763.66
18093,6653.04
18094,4381.02
18095,7917.92
18096,6497.24
18097,5776.72
18098,4585.53
18099,5986.1
18100,5446.19
18101,4674.05
18102,3300.48
18103,4611.12
18104,5365.6
18105,4787.01
18106,3799.97
18107,6404.48
18108,4793.91
18109,4623.12
18110,4413.61
18111,4329.18
18112,5930.66
18113,5581.14
18114,5053.01
18115,4244.05
18116,3906.95
18117,5182.2
18118,2776.98
18119,5315.793333333332
18120,3791.81
18121,6842.0
18122,6094.02
18123,5361.55
18124,7780.77
18125,3981.79
18126,3954.63
18127,8280.64
18128,4697.14
18129,6400.909166666667
18130,6568.93
18131,4958.04
18132,4738.68
18133,7216.37
18134,6822.746
18135,8837.503
18136,5860.3
18137,2577.52
18138,4018.0
18139,6553.27
18140,6572.83
18141,4199.51
18142,5569.575
18143,4055.67
18144,4330.69
18145,2856.84
18146,3852.38
18147,5300.58
18148,4762.85
18149,5580.2
18150,2135.9
18151,6301.44
18152,6890.3
18153,6453.78
18154,3599.8
18155,7937.29
18156,7100.17
18157,4499.77
18158,6739.03
18159,3928.78
18160,5282.74
18161,2949.88
18162,5922.09
18163,3785.56
18164,7286.78
18165,6651.13
18166,6940.13
18167,6914.39
18168,5206.91
18169,5337.71
18170,16092.83
18171,7815.88
18172,3584.3
18173,2183.8
18174,4824.65
18175,7334.56
18176,5046.08
18177,10542.2
18178,16290.55
18179,3073.7
18180,3532.34
18181,8233.97
18182,3699.16
18183,6919.76
18184,5124.19
18185,5267.83
18186,2954.85
18187,5130.71
18188,4956.94
18189,6200.44
18190,5309.91
18191,5293.4
18192,4898.75
18193,5670.8
18194,3406.87
18195,3834.19
18196,6190.22
18197,4609.96
18198,4518.81
18199,5437.11
18200,4786.8
18201,4649.98
18202,5719.98
18203,5362.98
18204,6694.99
18205,7892.08
18206,6251.73
18207,4496.028333333333
18208,2637.04
18209,4832.84
18210,5598.67
18211,4633.9
18212,4080.99
18213,6301.56
18214,5073.92
18215,9401.607
18216,5811.34
18217,4570.21
18218,4241.65
18219,4369.49
18220,7174.29
18221,3862.29
18222,6703.03
18223,12683.05
18224,6033.77
18225,6712.73
18226,3881.73
18227,3934.2
18228,5604.52
18229,3079.91
18230,4690.55
18231,8620.18
18232,4471.44
18233,11878.9
18234,10951.89
18235,3830.92
18236,4874.79
18237,5671.92
18238,5286.8525
18239,4441.32
18240,9667.75
18241,5910.77
18242,6876.81
18243,3708.31
18244,5988.7
18245,4219.64
18246,7591.24
18247,4709.37
18248,4702.21
18249,5732.903333333333
18250,4681.79
18251,6108.14
18252,8519.0
18253,4887.65
18254,7675.42
18255,5994.93
18256,7768.82
18257,4231.24
18258,3647.52
18259,4204.24
18260,6329.61
18261,5160.4
18262,5783.87
18263,4866.66
18264,6619.66
18265,3342.76
18266,7605.95
18267,5815.1
18268,3144.85
18269,10675.44
18270,14366.31
18271,4939.73
18272,5230.98
18273,7118.715
18274,8492.08
18275,9355.48
18276,4827.28
18277,5727.32
18278,4513.43
18279,5948.71
18280,3539.9
18281,4316.9
18282,4400.81
18283,4579.71
18284,6071.36
18285,4198.13
18286,3303.75
18287,5041.49
18288,3234.14
18289,2948.58
18290,4835.41
18291,4828.47
18292,6735.85
18293,5898.27
18294,5278.29
18295,4944.72
18296,5566.94
18297,9298.75
18298,5862.75
18299,4008.21
18300,3298.4
18301,7482.23
18302,3442.302
18303,5620.36
18304,3034.3
18305,4126.17
18306,5499.44
18307,4929.94
18308,4475.62
18309,6472.75
18310,7981.305
18311,10254.86
18312,5546.52
18313,8326.75
18314,2731.38
18315,4238.53
18316,4801.92
18317,2974.45
18318,7129.5
18319,4051.56
18320,4362.04
18321,7161.99
18322,8923.85
18323,7894.21
18324,3991.5
18325,3914.81
18326,10508.735
18327,6404.75
18328,4744.14
18329,3667.21
18330,5274.53
18331,7307.38
18332,3609.65
18333,4941.57
18334,6043.27
18335,6384.37
18336,10820.21
18337,4329.5
18338,14420.61
18339,5183.82
18340,4119.23
18341,2932.56
18342,5016.52
18343,5213.3
18344,3732.28
18345,6069.43
18346,3611.74
18347,4017.393333333334
18348,5313.39
18349,2792.43
18350,6696.27
18351,5255.08
18352,6468.8
18353,6236.46
18354,3846.89
18355,7981.97
18356,5603.06
18357,4060.79
18358,4369.33
18359,3788.01
18360,8376.8
18361,5198.16
18362,3423.51
18363,5196.83
18364,6571.55
18365,5656.01
18366,4439.8
18367,6400.01
18368,4917.89
18369,4517.84
18370,4646.09
18371,7133.64
18372,5381.705
18373,4903.58
18374,3350.67
18375,4236.23
18376,3718.81
18377,4267.69
18378,6648.51
18379,8813.97
18380,6641.56
18381,7958.226666666667
18382,6421.48
18383,7037.82
18384,4829.32
18385,9554.29
18386,6957.23
18387,5387.97
18388,7177.07
18389,6287.6
18390,4634.65
18391,3175.09
18392,9543.43
18393,3669.54
18394,5117.94
18395,4931.53
18396,4219.68
18397,8845.17
18398,5262.14
18399,6291.49
18400,4076.38
18401,4625.01
18402,5755.58
18403,5209.28
18404,5799.26
18405,4222.48
18406,4025.76
18407,3349.84
18408,2530.71
18409,5325.78
18410,14005.01
18411,4893.71
18412,4564.06
18413,5027.35
18414,3914.95
18415,4454.13
18416,3834.77
18417,3422.02
18418,6139.75
18419,5356.33
18420,3463.77
18421,6195.43
18422,3965.55
18423,3889.442976190476
18424,8109.03
18425,6599.8
18426,8570.89
18427,4004.65
18428,5489.36
18429,3697.86
18430,4399.05
18431,11223.6
18432,7765.42
18433,5917.99
18434,3618.25
18435,3622.82
18436,4320.28
18437,4619.29
18438,9524.06
18439,4212.97
18440,4557.04
18441,5570.26
18442,3757.47
18443,5473.38
18444,5265.67
18445,6195.1
18446,5244.86
18447,4709.67
18448,7126.26
18449,5382.74
18450,7232.1
18451,7119.35
18452,4880.6
18453,3175.94
18454,5651.06
18455,4877.19
18456,3780.3133333333335
18457,5708.54
18458,6144.76
18459,5081.51
18460,4765.7
18461,4771.8
18462,6643.16
18463,4850.150476190476
18464,5479.55
18465,4828.41
18466,3924.7
18467,7709.15
18468,5302.96
18469,4114.99
18470,8520.38
18471,4746.72
18472,2970.16
18473,6289.12
18474,7484.61
18475,8026.83
18476,4329.25
18477,4432.69
18478,4960.13
18479,6135.11
18480,4715.05
18481,6504.56
18482,2779.04
18483,4638.39
18484,4986.65
18485,4160.25
18486,3780.93
18487,5457.05
18488,5273.82
18489,4628.33
18490,6803.02
18491,4595.24
18492,6430.22
18493,4323.63
18494,4792.53
18495,4618.8
18496,5437.47
18497,6479.8
18498,4219.88
18499,6652.02
18500,6408.97
18501,5518.04
18502,3996.566666666667
18503,2928.68
18504,4768.13
18505,4511.08
18506,6495.26
18507,5541.87
18508,4527.5825
18509,6969.45
18510,5178.09
18511,4121.29
18512,6111.95
18513,4508.52
18514,6620.09
18515,8204.61
18516,5745.71
18517,3478.05
18518,4163.85
18519,3283.24
18520,2700.33
18521,6134.48
18522,4404.82
18523,6889.54
18524,3327.0
18525,5788.52
18526,5217.42
18527,9026.65
18528,3717.84
18529,4182.74
18530,4038.67
18531,6291.96
18532,4187.31
18533,5728.9
18534,6085.46
18535,8179.01
18536,5967.59
18537,6401.835
18538,5350.07
18539,3965.01
18540,4131.37
18541,8214.03
18542,7294.53
18543,8507.335
18544,13951.98
18545,4968.88
18546,4193.11
18547,4720.87
18548,6788.11
18549,7079.05
18550,4967.0
18551,5868.87
18552,5469.9
18553,5825.75
18554,5079.7
18555,4265.52
18556,4092.99
18557,3739.74
18558,2940.47
18559,3735.81
18560,6707.7
18561,12858.22
18562,4511.92
18563,4038.15
18564,5487.85
18565,2990.18
18566,5288.46
18567,3463.08
18568,7498.21
18569,4842.1
18570,5227.725
18571,10602.89
18572,9656.32
18573,5684.14
18574,5273.31
18575,3081.2
18576,4816.34
18577,4470.59
18578,7705.47
18579,3967.88
18580,3582.06
18581,5310.57
18582,4606.76
18583,5871.858333333333
18584,5392.0
18585,3885.83
18586,5796.19
18587,6148.74
18588,5425.43
18589,3494.81
18590,3187.61
18591,6169.88
18592,3507.72
18593,8278.69
18594,3689.54
18595,4361.57
18596,5187.7325
18597,8883.09
18598,3589.21
18599,4638.09
18600,4807.97
18601,7737.55
18602,6787.37
18603,4961.66
18604,3336.05
18605,4561.52
18606,5380.68
18607,4127.83
18608,4661.7
18609,5043.256666666667
18610,9087.36
18611,5478.97
18612,4917.85
18613,6296.895
18614,3745.55
18615,7524.5
18616,4591.87
18617,10308.77
18618,4649.13
18619,4361.19
18620,2789.47
18621,3048.21
18622,6242.7
18623,16171.74
18624,3329.59
18625,3511.58
18626,7661.55
18627,5726.66
18628,6316.39
18629,5582.67
18630,4756.78
18631,4290.11
18632,3786.1
18633,7395.21
18634,4620.93
18635,5805.37
18636,6311.12
18637,3054.74
18638,6019.8
18639,4663.58
18640,3356.98
18641,7409.19
18642,7739.58
18643,3541.68
18644,5754.15
18645,4496.38
18646,4182.87
18647,6818.79
18648,5063.78
18649,6283.1
18650,3145.24
18651,3541.89
18652,6342.105
18653,2965.95
18654,6375.32
18655,3272.16
18656,5806.99
18657,4092.37
18658,4415.71
18659,5697.27
18660,5644.86
18661,4987.42
18662,6156.37
18663,3911.27
18664,6851.485
18665,5045.24
18666,5925.06
18667,6461.27
18668,6299.38
18669,2711.92
18670,4984.23
18671,5351.51
18672,4502.75
18673,9849.45
18674,4565.81
18675,5113.42
18676,8368.62
18677,5656.71
18678,2964.82
18679,7449.67
18680,8766.096666666668
18681,4901.95
18682,6093.34
18683,8704.83
18684,4430.78
18685,5024.06
18686,5197.93
18687,4192.68
18688,5604.51
18689,5595.93
18690,4020.34
18691,4807.46
18692,5313.65
18693,4896.16
18694,6050.18
18695,5429.08
18696,5455.265
18697,4374.48
18698,6009.8
18699,5413.571999999999
18700,5662.13
18701,5387.03
18702,4585.22
18703,6965.19
18704,4257.945
18705,4189.59
18706,4976.14
18707,6033.41
18708,5657.31
18709,3894.19
18710,3327.33
18711,6309.58
18712,5557.89
18713,4242.83
18714,6266.15
18715,5719.15
18716,5047.83
18717,3857.53
18718,3394.29
18719,4524.95
18720,5329.02
18721,4707.748333333333
18722,7661.28
18723,6386.81
18724,4057.41
18725,7659.71
18726,3299.49
18727,2628.52
18728,6531.786666666666
18729,9352.0
18730,6681.995
18731,5353.246666666668
18732,3465.77
18733,5380.48
18734,6790.35
18735,4066.85
18736,6095.08
18737,4299.76
18738,5874.06
18739,4296.56
18740,4402.33
18741,4689.53
18742,3252.21
18743,3438.84
18744,3288.09
18745,5703.61
18746,5396.07
18747,3013.91
18748,5235.09
18749,5362.21
18750,4162.47
18751,5076.21
18752,6682.27
18753,6224.19
18754,6176.81
18755,3529.8775
18756,10967.2
18757,5103.05
18758,3722.29
18759,6287.88
18760,6366.26
18761,5418.96
18762,4754.15
18763,5876.57
18764,6819.44
18765,9377.68
18766,3767.15
18767,3410.76
18768,3748.43
18769,5864.535
18770,4713.64
18771,6313.48
18772,7233.15
18773,4787.63
18774,3126.01
18775,4708.99
18776,7867.58
18777,3582.76
18778,5291.48
18779,3483.68
18780,5808.39
18781,6370.16
18782,6377.95
18783,6551.75
18784,5220.202
18785,2678.24
18786,5443.41
18787,6200.45
18788,6583.07
18789,6568.89
18790,5658.85
18791,5008.0
18792,3429.9
18793,7680.24
18794,3638.42
18795,9128.55
18796,4991.25
18797,3014.84
18798,5635.53
18799,4797.36
18800,5401.05
18801,6202.555
18802,3229.94
18803,3819.59
18804,4950.07
18805,5708.06
18806,8113.0
18807,3824.26
18808,5135.13
18809,4710.33
18810,5304.83
18811,4355.73
18812,8230.74
18813,6737.39
18814,8862.59
18815,3371.0
18816,4034.71
18817,13222.95
18818,8095.31
18819,3855.16
18820,8226.94
18821,5783.01
18822,3919.65
18823,4205.19
18824,3666.91
18825,4134.84
18826,4397.84
18827,3821.81
18828,3666.12
18829,6982.19
18830,6364.195
18831,18586.98
18832,5057.76
18833,3474.33
18834,5205.93
18835,8083.12
18836,4280.259166666667
18837,5185.08
18838,4500.06
18839,6965.09
18840,5580.228
18841,3431.24
18842,4651.32
18843,5349.89
18844,5589.29
18845,5383.905
18846,7687.79
18847,3728.18
18848,3014.32
18849,3818.97
18850,7357.33
18851,8445.51
18852,7238.97
18853,5380.53
18854,3428.99
18855,4632.13
18856,3356.9
18857,6411.05
18858,7234.03
18859,8001.67
18860,4003.71
18861,3861.01
18862,3957.18
18863,4206.75
18864,8735.23
18865,4845.44
18866,3436.62
18867,3554.16
18868,6226.05
18869,2827.39
18870,5569.7
18871,3114.41
18872,4993.76
18873,5336.06
18874,4780.4
18875,5812.21
18876,5186.52
18877,4319.7
18878,5690.58
18879,4974.42
18880,7380.85
18881,4505.4
18882,5921.4
18883,7205.986666666668
18884,7562.81
18885,4453.5
18886,6052.17
18887,4219.58
18888,3567.68
18889,5114.36
18890,5028.87
18891,8063.61
18892,5645.27
18893,3907.76
18894,4850.46
18895,6573.86
18896,5990.78
18897,3255.79
18898,10973.84
18899,3438.74
18900,5124.73
18901,6850.05
18902,4826.39
18903,4337.715
18904,4647.87
18905,5379.02
18906,3841.06
18907,4081.81
18908,6064.9
18909,5576.394499999999
18910,5161.87
18911,3199.84
18912,5941.21
18913,9573.12
18914,5541.96
18915,5003.04
18916,4531.8
18917,5506.8
18918,5315.95
18919,7171.32
18920,3254.65
18921,5605.0
18922,4554.45
18923,4439.2
18924,7737.25
18925,3945.44
18926,4256.4
18927,3696.48
18928,5297.44
18929,7826.37
18930,4062.15
18931,3343.95
18932,4043.69
18933,3783.08
18934,3795.0
18935,6411.42
18936,5324.2
18937,6460.62
18938,3947.49
18939,4098.05
18940,4513.67
18941,6796.28
18942,6855.1
18943,6080.55
18944,6003.0
18945,4458.32
18946,6881.34
18947,4364.65
18948,4723.18
18949,6257.45
18950,4639.14
18951,7534.25
18952,6758.66
18953,5539.86
18954,4450.64
18955,6098.35
18956,5336.13
18957,4608.1
18958,3409.97
18959,4647.28
18960,6073.81
18961,4424.11
18962,4007.73
18963,6287.61
18964,5062.07
18965,4995.59
18966,4109.583333333334
18967,4050.6
18968,5567.68
18969,5415.07
18970,5007.48
18971,3969.28
18972,4331.35
18973,5025.46
18974,2775.58
18975,5141.955
18976,3141.57
18977,6473.11
18978,6074.7
18979,5318.04
18980,7966.02
18981,4330.89
18982,3314.66
18983,8710.9
18984,5178.98
18985,5466.25
18986,6564.19
18987,3904.51
18988,4632.77
18989,7222.34
18990,5816.44
18991,8531.098333333333
18992,5714.5
18993,2508.7
18994,4499.1
18995,6381.11
18996,6231.02
18997,4257.41
18998,5503.89
18999,4056.74
19000,4274.18
19001,2870.8
19002,3869.18
19003,4941.91
19004,4831.06
19005,4876.42
19006,3433.23
19007,5819.54
19008,6358.34
19009,6529.86
19010,3323.72
19011,7235.35
19012,7547.49
19013,4333.26
19014,6505.24
19015,3523.54
19016,5298.83
19017,2721.15
19018,6016.91
19019,3759.6
19020,7072.58
19021,6324.23
19022,6342.45
19023,6930.44
19024,5429.56
19025,6027.47
19026,15063.75
19027,6884.13
19028,3657.33
19029,2224.01
19030,4863.05
19031,6732.22
19032,4891.76
19033,10729.72
19034,15813.15
19035,3303.76
19036,3521.7
19037,6433.41
19038,4015.55
19039,7235.48
19040,4577.07
19041,5041.21
19042,2823.97
19043,5312.83
19044,5113.23
19045,6195.6
19046,5429.253333333334
19047,4840.37
19048,4710.78
19049,5373.05
19050,3809.59
19051,3581.03
19052,6360.69
19053,3833.76
19054,4325.29
19055,5483.43
19056,4607.23
19057,4698.43
19058,5419.42
19059,5236.23
19060,6436.19
19061,7711.45
19062,5751.38
19063,4654.5725
19064,2676.57
19065,4655.83
19066,5178.26
19067,4415.44
19068,3995.62
19069,6583.33
19070,4824.0
19071,9181.89
19072,5489.48
19073,3985.6
19074,3978.03
19075,4453.87
19076,6545.49
19077,3954.75
19078,6753.98
19079,12269.94
19080,5769.57
19081,4814.62
19082,3343.86
19083,3960.77
19084,5549.7
19085,3195.7566666666667
19086,4633.17
19087,8222.61
19088,4352.2
19089,11605.61
19090,10510.81
19091,3772.56
19092,5157.48
19093,6001.85
19094,5366.052666666667
19095,4376.88
19096,9776.75
19097,5422.57
19098,6547.22
19099,3712.4
19100,5987.57
19101,3861.72
19102,7694.98
19103,4640.22
19104,4404.2
19105,5477.989166666666
19106,4619.46
19107,6166.58
19108,7717.75
19109,4477.55
19110,7763.89
19111,5231.66
19112,7354.48
19113,4148.51
19114,3583.77
19115,3831.91
19116,6240.59
19117,4908.64
19118,5282.11
19119,4910.75
19120,6463.81
19121,3471.14
19122,7389.18
19123,5202.56
19124,2707.44
19125,10978.95
19126,13172.92
19127,4776.85
19128,5097.48
19129,6746.73
19130,7759.28
19131,8691.1
19132,4460.36
19133,5870.23
19134,4345.23
19135,5282.06
19136,3573.76
19137,4049.89
19138,4305.9325
19139,4485.12
19140,6068.083333333334
19141,3979.86
19142,2952.34
19143,5000.46
19144,3164.1
19145,3288.89
19146,4184.15
19147,5276.73
19148,6011.91
19149,6151.99
19150,5053.73
19151,4306.1
19152,5060.18
19153,8630.64
19154,5688.36
19155,3908.15
19156,3177.89
19157,7617.73
19158,3771.628666666667
19159,5705.59
19160,2772.85
19161,4028.42
19162,5314.47
19163,5010.04
19164,4205.73
19165,6441.34
19166,7163.45
19167,10235.75
19168,5274.13
19169,8318.58
19170,2862.01
19171,4504.18
19172,4695.22
19173,2628.73
19174,7813.91
19175,3981.18
19176,4429.2
19177,7163.46
19178,8322.3
19179,6632.51
19180,3861.62
19181,3965.71
19182,11442.889
19183,6777.54
19184,4989.55
19185,3338.29
19186,5106.79
19187,6675.22
19188,3600.04
19189,5102.23
19190,5734.57
19191,6566.2
19192,9810.37
19193,4361.33
19194,14797.77
19195,4800.04
19196,4178.75
19197,2441.92
19198,4948.94
19199,4845.24
19200,3660.58
19201,5923.15
19202,3408.0
19203,3239.9
19204,5159.15
19205,2740.7
19206,6808.81
19207,5022.79
19208,6302.22
19209,5752.58
19210,3330.94
19211,7898.0
19212,5697.01
19213,3931.6
19214,5335.48
19215,4717.07
19216,8105.87
19217,4499.83
19218,3560.33
19219,4941.32
19220,5959.54
19221,5004.87
19222,4321.96
19223,6489.766666666667
19224,4832.24
19225,4465.73
19226,4648.41
19227,6649.7266666666665
19228,4469.635
19229,4607.9
19230,3467.33
19231,4348.48
19232,3801.32
19233,3766.55
19234,6367.12
19235,8603.13
19236,6554.04
19237,7391.49
19238,6026.92
19239,7075.4575
19240,4814.9039999999995
19241,9530.78
19242,7126.19
19243,5438.03
19244,6703.27
19245,6236.81
19246,4717.49
19247,3144.91
19248,9977.94
19249,3415.48
19250,5250.46
19251,5019.3
19252,4309.5
19253,8195.8
19254,5202.74
19255,4908.11
19256,3736.002
19257,4499.84
19258,5610.88
19259,5237.38
19260,5463.69
19261,4632.058333333333
19262,3907.18
19263,3619.81
19264,2433.71
19265,5022.56
19266,13612.25
19267,4669.67
19268,4288.58
19269,5376.86
19270,3836.5
19271,4172.56
19272,3407.31
19273,3165.24
19274,5937.79
19275,5185.81
19276,3380.42
19277,6759.15
19278,4067.87
19279,4206.809166666666
19280,8125.76
19281,6720.19
19282,8541.14
19283,3885.55
19284,4860.4
19285,3465.5
19286,4389.81
19287,11699.67
19288,7486.51
19289,5756.4
19290,3361.56
19291,3261.35
19292,4351.606666666667
19293,3727.57
19294,7977.34
19295,4134.28
19296,4612.35
19297,5381.1
19298,3492.42
19299,5012.73
19300,5259.77
19301,6217.81
19302,5019.27
19303,4667.42
19304,7058.69
19305,4984.29
19306,6900.79
19307,6549.88
19308,4559.54
19309,3261.44
19310,5580.27
19311,4789.64
19312,3909.619
19313,5508.78
19314,5760.48
19315,5121.43
19316,4392.25
19317,4425.1
19318,6538.26
19319,4370.416666666667
19320,5275.36
19321,4920.7
19322,3759.87
19323,7331.81
19324,5129.18
19325,3778.36
19326,8310.04
19327,4353.65
19328,3040.75
19329,6074.01
19330,7449.21
19331,7607.09
19332,4150.45
19333,4422.9
19334,5219.24
19335,6683.2
19336,4550.193333333333
19337,6242.68
19338,2796.16
19339,4758.48
19340,4835.92
19341,3977.86
19342,3696.29
19343,5446.28
19344,5366.33
19345,4531.18
19346,6528.36
19347,4710.71
19348,6451.89
19349,4445.45
19350,5345.45
19351,4542.3
19352,5253.1
19353,6531.27
19354,2831.01
19355,6552.47
19356,6447.88
19357,5606.32
19358,3997.365
19359,2983.39
19360,4907.48
19361,4450.9
19362,6885.05
19363,5282.65
19364,4255.06
19365,5691.52
19366,4775.01
19367,3896.36
19368,6122.48
19369,4013.89
19370,6601.184
19371,7855.67
19372,6016.85
19373,3161.2
19374,3936.33
19375,3307.73
19376,2753.93
19377,6045.89
19378,4224.04
19379,6685.93
19380,3260.65
19381,5742.86
19382,5069.21
19383,9203.675
19384,3544.15
19385,4334.27
19386,4144.07
19387,6215.58
19388,4277.63
19389,5859.46
19390,5984.75
19391,8133.6
19392,5655.7
19393,5793.65
19394,5008.31
19395,3752.07
19396,3235.75
19397,8048.1
19398,6921.08
19399,7843.98
19400,13607.9
19401,4837.495
19402,3814.55
19403,4674.77
19404,6442.77
19405,6961.09
19406,4737.35
19407,5262.23
19408,5597.94
19409,5990.4
19410,4833.06
19411,4082.72
19412,3745.33
19413,3791.67
19414,3235.48
19415,3714.34
19416,6110.21
19417,13067.716666666667
19418,4927.56
19419,3822.75
19420,5370.05
19421,3013.42
19422,5359.55
19423,3032.99
19424,6946.58
19425,4528.13
19426,5340.7975
19427,10212.26
19428,10277.23
19429,5516.23
19430,5286.84
19431,3022.888333333334
19432,4866.07
19433,4366.74
19434,7686.79
19435,4034.91
19436,3407.16
19437,5370.97
19438,4370.23
19439,5811.99
19440,4758.32
19441,3641.03
19442,5551.54
19443,5771.02
19444,5051.22
19445,3238.35
19446,3051.97
19447,5849.66
19448,3716.06
19449,7416.45
19450,2934.97
19451,3878.33
19452,4706.003
19453,4551.35
19454,3615.04
19455,4737.48
19456,4956.42
19457,7658.9
19458,6831.68
19459,4691.58
19460,3384.2
19461,4460.73
19462,6086.68
19463,3891.84
19464,4417.64
19465,5133.003333333334
19466,9760.83
19467,5338.31
19468,4620.9
19469,6250.618666666667
19470,3736.14
19471,7374.39
19472,4304.35
19473,10185.25
19474,4221.68
19475,4122.43
19476,2930.36
19477,2894.15
19478,6226.47
19479,15787.35
19480,3289.69
19481,3218.79
19482,7102.12
19483,5739.7
19484,6265.82
19485,5904.65
19486,4523.03
19487,4458.72
19488,3620.45
19489,7238.98
19490,4116.85
19491,5398.75
19492,6306.63
19493,3391.82
19494,5906.4
19495,4415.16
19496,3365.61
19497,7015.79
19498,7663.95
19499,3408.28
19500,5298.77
19501,4359.15
19502,4244.29
19503,6806.47
19504,4799.12
19505,5766.88
19506,3462.63
19507,3500.36
19508,6802.41
19509,2799.41
19510,5789.68
19511,3578.33
19512,5629.79
19513,4022.04
19514,4256.02
19515,5750.7
19516,5413.46
19517,4824.44
19518,5963.17
19519,3783.65
19520,6938.07
19521,5433.8
19522,6017.58
19523,6606.99
19524,6412.6
19525,2679.21
19526,5025.27
19527,5297.98
19528,5192.57
19529,9174.5
19530,4592.2
19531,5031.08
19532,7961.33
19533,5156.8
19534,2900.02
19535,7670.18
19536,9106.875
19537,4835.08
19538,6002.08
19539,7227.42
19540,4473.35
19541,4938.22
19542,5115.59
19543,4097.14
19544,5545.4
19545,5633.98
19546,3584.71
19547,5188.74
19548,5120.68
19549,4749.715
19550,5358.48
19551,5371.5
19552,5205.48
19553,3972.24
19554,6320.4
19555,5165.47
19556,5462.02
19557,5523.29
19558,4547.32
19559,6856.99
19560,3983.16
19561,4464.68
19562,4042.35
19563,5738.75
19564,5579.81
19565,4046.06
19566,3160.19
19567,6788.55
19568,5615.24
19569,4448.09
19570,5946.93
19571,5479.53
19572,5590.35
19573,3791.33
19574,3070.88
19575,4387.61
19576,4942.92
19577,4337.6883333333335
19578,7599.61
19579,6627.4
19580,4019.6
19581,6615.41
19582,3231.8
19583,2752.75
19584,6065.72
19585,11413.83
19586,5610.825
19587,5532.56
19588,3410.52
19589,5342.18
19590,6911.98
19591,4216.816666666667
19592,5595.78
19593,4411.73
19594,5671.08
19595,4365.42
19596,3734.92
19597,4711.8
19598,3221.75
19599,3000.06
19600,3274.9
19601,5952.4
19602,5238.15
19603,3255.79
19604,5081.12
19605,5113.36
19606,4132.12
19607,4950.8
19608,6287.53
19609,6154.87
19610,5725.57
19611,3210.79
19612,10664.97
19613,4822.24
19614,3866.98
19615,6360.07
19616,6515.8
19617,5063.15
19618,4580.87
19619,5835.14
19620,6972.73
19621,10271.92
19622,3481.28
19623,3366.6
19624,3302.03
19625,5774.95
19626,4805.1
19627,6462.6
19628,6741.41
19629,4833.68
19630,2983.67
19631,5018.62
19632,7277.61
19633,3506.48
19634,5108.74
19635,3442.5
19636,5452.82
19637,6297.59
19638,5732.465
19639,6674.82
19640,5164.4546666666665
19641,2496.55
19642,5180.88
19643,5520.45
19644,6356.52
19645,5869.14
19646,5373.79
19647,4594.32
19648,3257.215
19649,7475.82
19650,3822.93
19651,9083.45
19652,5295.33
19653,3235.17
19654,5411.61
19655,4782.31
19656,5490.77
19657,6109.24
19658,3192.383333333333
19659,3559.48
19660,4651.45
19661,5476.67
19662,7787.66
19663,4104.62
19664,5028.49
19665,4294.14
19666,4746.92
19667,3934.76
19668,7851.76
19669,6684.7913333333345
19670,9769.98
19671,3476.44
19672,4259.91
19673,12881.65
19674,8314.35
19675,3632.376666666666
19676,7671.36
19677,5973.27
19678,3679.83
19679,4109.12
19680,3644.6
19681,4220.21
19682,4566.7
19683,3945.62
19684,3582.78
19685,6193.35
19686,6067.775
19687,18749.35
19688,4093.7
19689,3685.5
19690,5606.95
19691,9253.12
19692,4651.569
19693,5413.75
19694,4943.39
19695,6848.67
19696,5497.926666666667
19697,3498.66
19698,4522.92
19699,5342.59
19700,5587.65
19701,5351.06
19702,8066.29
19703,3672.83
19704,3559.41
19705,3721.32
19706,6892.73
19707,8601.49
19708,7455.66
19709,5374.91
19710,3674.38
19711,4571.68
19712,3225.47
19713,6258.2
19714,7340.28
19715,7980.53
19716,4022.33
19717,3673.54
19718,3788.66
19719,4722.8
19720,7233.36
19721,4467.79
19722,3357.98
19723,3764.55
19724,6408.31
19725,3324.84
19726,5456.98
19727,2904.51
19728,4947.96
19729,5331.14
19730,5145.6
19731,6142.83
19732,5357.64
19733,4079.18
19734,5064.246666666666
19735,5084.89
19736,7631.071666666667
19737,4606.83
19738,6047.21
19739,6694.656666666666
19740,7155.11
19741,4240.07
19742,6180.57
19743,4253.29
19744,4391.94
19745,3913.87
19746,5169.83
19747,8097.36
19748,5493.3
19749,3907.04
19750,4559.34
19751,6700.93
19752,6008.82
19753,3040.09
19754,10868.68
19755,3350.12
19756,5356.41
19757,6593.97
19758,4793.45
19759,3899.36
19760,4565.52
19761,5284.306666666667
19762,3988.58
19763,4575.38
19764,6672.05
19765,5716.306666666667
19766,5037.62
19767,3181.04
19768,6117.47
19769,10634.77
19770,5760.23
19771,5763.42
19772,4744.34
19773,5584.2
19774,5349.5
19775,7637.49
19776,3245.17
19777,5777.58
19778,4735.36
19779,4599.49
19780,7981.12
19781,3864.43
19782,3991.86
19783,3718.12
19784,5312.24
19785,7977.0
19786,3988.68
19787,3399.72
19788,4140.12
19789,3979.89
19790,3890.31
19791,6850.93
19792,5676.7
19793,6374.74
19794,4103.48
19795,3792.39
19796,4534.04
19797,7872.41
19798,7130.8
19799,6103.92
19800,5927.98
19801,5023.45
19802,6986.67
19803,4046.1
19804,4899.1
19805,6422.7
19806,4509.61
19807,7807.66
19808,6187.15
19809,5929.08
19810,4462.37
19811,5857.4
19812,5349.78
19813,4595.23
19814,3585.81
19815,4489.39
19816,5695.68
19817,4476.37
19818,3451.72
19819,6336.81
19820,5444.27
19821,4943.08
19822,4342.4725
19823,3829.9266666666667
19824,4748.1
19825,5288.02
19826,5015.34
19827,3827.12
19828,4422.29
19829,4432.76
19830,3000.68
19831,6860.939999999999
19832,3490.95
19833,6506.01
19834,6625.97
19835,5664.81
19836,7846.24
19837,4034.5
19838,3531.88
19839,7990.99
19840,5162.55
19841,5405.35
19842,6393.48
19843,3898.145
19844,4585.73
19845,7674.95
19846,5437.23
19847,8487.586285714286
19848,6003.03
19849,2532.43
19850,4195.91
19851,6548.21
19852,6431.38
19853,4446.06
19854,5349.95
19855,3900.1383333333333
19856,4435.85
19857,2764.05
19858,3971.44
19859,4994.37
19860,4469.34
19861,5013.81
19862,3690.76
19863,5978.61
19864,6493.92
19865,6764.31
19866,3455.32
19867,6946.12
19868,7070.37
19869,4304.23
19870,6285.28
19871,3121.82
19872,4879.635
19873,2645.53
19874,6399.74
19875,3632.58
19876,6410.85
19877,6325.17
19878,6430.8
19879,7331.29
19880,5479.92
19881,5086.45
19882,15158.62
19883,7084.66
19884,3372.24
19885,2189.91
19886,4505.75
19887,6672.9
19888,4976.46
19889,10951.61
19890,16664.95
19891,3205.66
19892,3592.52
19893,6734.93
19894,3632.81
19895,6264.12
19896,4737.82
19897,5229.55
19898,3100.14
19899,5760.64
19900,5331.11
19901,6295.63
19902,5325.56
19903,4660.23
19904,4631.54
19905,5740.66
19906,4103.87
19907,3404.46
19908,6477.96
19909,4446.36
19910,4101.05
19911,5571.69
19912,5062.42
19913,4420.99
19914,5412.48
19915,5364.64
19916,6606.93
19917,8253.6
19918,6103.65
19919,4618.998500000001
19920,2621.35
19921,4646.6
19922,5231.29
19923,4370.65
19924,4337.05
19925,6544.64
19926,4779.45
19927,9789.265
19928,5846.56
19929,4035.22
19930,3963.59
19931,4766.46
19932,7099.76
19933,3945.31
19934,6968.3
19935,13126.75
19936,5698.78
19937,4935.66
19938,3111.93
19939,3804.24
19940,5329.68
19941,2860.34
19942,4363.97
19943,8278.9
19944,4111.97
19945,11362.3
19946,10508.93
19947,3931.92
19948,4949.08
19949,5338.65
19950,5435.96
19951,4390.08
19952,10077.33
19953,5463.44
19954,7041.35
19955,3913.46
19956,6013.06
19957,3920.09
19958,7861.93
19959,4360.75
19960,4471.53
19961,5675.105
19962,4587.91
19963,6151.65
19964,8653.83
19965,4758.26
19966,7682.21
19967,4492.84
19968,7084.91
19969,4629.27
19970,3952.31
19971,3955.66
19972,6431.82
19973,4565.68
19974,5339.79
19975,4687.86
19976,6328.96
19977,3358.96
19978,8335.14
19979,5169.64
19980,2611.89
19981,10757.24
19982,12779.49
19983,4523.92
19984,5096.94
19985,6659.53
19986,7801.19
19987,9447.57
19988,4572.326666666667
19989,5731.19
19990,4206.22
19991,5495.34
19992,3424.71
19993,3983.95
19994,4440.235
19995,4488.98
19996,5876.28
19997,4062.04
19998,3166.89
19999,4724.2
20000,3198.7
20001,3530.49
20002,4365.01
20003,4665.3
20004,6242.63
20005,6365.43
20006,5612.88
20007,4260.77
20008,5077.42
20009,8790.81
20010,5483.07
20011,3839.96
20012,3304.92
20013,9495.67
20014,3588.7166666666667
20015,5253.29
20016,2392.38
20017,3574.1
20018,5726.58
20019,5354.29
20020,4301.99
20021,6661.86
20022,6731.62
20023,10466.2
20024,5752.97
20025,8582.15
20026,2394.5733333333333
20027,4502.84
20028,4440.42
20029,2743.97
20030,6391.69
20031,3689.38
20032,4656.67
20033,6971.82
20034,8163.51
20035,6685.92
20036,3968.39
20037,4280.4
20038,11307.206666666665
20039,6674.8
20040,4513.26
20041,3499.21
20042,4761.63
20043,6969.94
20044,3488.24
20045,5013.1
20046,5710.76
20047,6027.47
20048,10411.95
20049,4315.24
20050,13575.13
20051,5173.97
20052,4277.67
20053,2287.295
20054,4738.44
20055,5034.32
20056,3456.86
20057,6112.16
20058,3490.36
20059,3207.7
20060,5264.38
20061,2946.78
20062,7588.06
20063,4722.72
20064,6644.09
20065,5808.63
20066,3241.52
20067,6847.18
20068,5853.55
20069,4000.99
20070,5305.7
20071,4138.86
20072,8053.5
20073,4861.76
20074,3507.61
20075,4762.5
20076,6040.65
20077,4875.26
20078,4424.21
20079,6406.815
20080,5030.97
20081,4469.88
20082,4928.45
20083,6401.96
20084,4374.001666666667
20085,4379.08
20086,3324.78
20087,4573.13
20088,3936.75
20089,3939.4
20090,6320.87
20091,8830.93
20092,6356.7
20093,7998.27
20094,6364.86
20095,7326.895
20096,4635.826666666667
20097,9767.27
20098,7135.71
20099,5402.92
20100,6296.93
20101,6618.4
20102,4629.52
20103,3246.49
20104,10796.52
20105,3636.9
20106,5143.85
20107,5286.94
20108,4234.25
20109,8078.45
20110,5561.87
20111,4980.44
20112,3735.9
20113,4433.66
20114,6093.92
20115,5131.71
20116,5102.52
20117,5505.333333333332
20118,3946.53
20119,2837.51
20120,2630.58
20121,5066.02
20122,13555.85
20123,4284.83
20124,4067.935
20125,5185.72
20126,3891.175
20127,4312.56
20128,3167.71
20129,3161.79
20130,6097.73
20131,5279.77
20132,3583.13
20133,6725.15
20134,3803.73
20135,4277.64
20136,8526.41
20137,6655.06
20138,8881.37
20139,3997.59
20140,5336.89
20141,3312.32
20142,4590.51
20143,11132.32
20144,7621.24
20145,5776.37
20146,3469.52
20147,3477.01
20148,4540.87
20149,3856.54
20150,8809.47
20151,4297.73
20152,4910.01
20153,5515.02
20154,3292.72
20155,5171.57
20156,5707.21
20157,6439.27
20158,4985.89
20159,4653.9
20160,7487.76
20161,5013.62
20162,6753.1
20163,6596.31
20164,5088.56
20165,3618.17
20166,6075.37
20167,4727.84
20168,3875.1966666666667
20169,5557.79
20170,5818.17
20171,5018.94
20172,4594.73
20173,4590.83
20174,6666.19
20175,4455.2125
20176,5218.87
20177,4835.72
20178,3949.47
20179,7774.46
20180,5031.39
20181,3654.29
20182,8456.165
20183,4445.12
20184,2873.38
20185,6645.71
20186,7875.07
20187,7655.28
20188,4517.46
20189,4534.33
20190,5222.25
20191,5515.23
20192,4899.81
20193,6026.05
20194,2891.72
20195,4370.96
20196,4506.4
20197,4205.18
20198,3839.31
20199,5240.69
20200,4908.69
20201,4598.95
20202,6731.16
20203,4547.09
20204,6707.3
20205,4413.74
20206,5468.33
20207,4733.69
20208,5271.2080000000005
20209,6051.16
20210,2954.29
20211,6616.97
20212,6533.91
20213,5350.33
20214,4043.4019047619054
20215,3172.05
20216,5267.12
20217,4393.15
20218,6370.14
20219,5487.19
20220,4034.92
20221,5883.0
20222,5005.83
20223,3745.33
20224,6231.77
20225,3967.6
20226,6749.38
20227,7670.82
20228,5363.97
20229,3128.6
20230,4362.6
20231,3519.63
20232,2648.64
20233,5929.77
20234,4127.03
20235,7246.95
20236,3455.32
20237,5565.35
20238,5313.42
20239,7187.76
20240,3606.46
20241,4558.81
20242,3504.98
20243,6173.78
20244,4988.08
20245,5738.36
20246,5930.53
20247,8347.69
20248,5254.03
20249,5613.17
20250,5114.8
20251,3559.99
20252,3961.74
20253,8286.71
20254,6104.55
20255,8904.15
20256,14020.45
20257,4647.59
20258,3797.42
20259,4524.8
20260,6772.31
20261,7048.71
20262,4825.68
20263,5550.93
20264,5510.61
20265,6372.06
20266,4630.42
20267,4171.52
20268,3868.82
20269,3895.19
20270,3029.38
20271,3370.545
20272,6072.18
20273,11812.446666666667
20274,4348.7
20275,3927.84
20276,5136.16
20277,2756.74
20278,5740.62
20279,2933.03
20280,7950.93
20281,4571.03
20282,5710.5633333333335
20283,10232.75
20284,9849.26
20285,4785.04
20286,5701.06
20287,2840.275
20288,4776.65
20289,4663.86
20290,8019.06
20291,3965.44
20292,3352.58
20293,5379.47
20294,4690.53
20295,5840.983333333333
20296,4745.21
20297,3634.81
20298,5307.18
20299,5822.45
20300,4998.21
20301,3253.39
20302,2918.48
20303,6314.51
20304,3996.08
20305,7630.21
20306,2971.53
20307,4244.63
20308,4813.1466666666665
20309,4506.78
20310,3939.6
20311,4910.44
20312,5181.15
20313,7584.01
20314,6709.78
20315,4581.0
20316,3678.81
20317,4585.68
20318,6257.9
20319,3592.15
20320,4202.1
20321,5325.878333333334
20322,10002.19
20323,5662.56
20324,4849.24
20325,6155.783333333334
20326,3852.1
20327,7339.42
20328,4400.43
20329,9835.45
20330,4207.95
20331,3818.43
20332,3182.11
20333,3262.5
20334,6112.95
20335,16755.27
20336,3040.55
20337,3315.39
20338,7714.47
20339,5471.43
20340,6368.5
20341,5635.46
20342,4468.32
20343,4313.38
20344,3634.59
20345,7739.56
20346,4317.23
20347,5657.14
20348,6213.52
20349,3518.98
20350,6731.47
20351,4948.51
20352,2920.69
20353,7562.67
20354,9308.86
20355,3588.8
20356,4922.15
20357,4318.37
20358,4334.6
20359,6726.8
20360,4173.04
20361,5830.5
20362,3443.91
20363,3371.0
20364,6665.7266666666665
20365,2811.61
20366,5710.3
20367,3127.82
20368,5367.83
20369,4171.14
20370,4395.19
20371,5737.79
20372,5520.43
20373,4803.42
20374,5864.06
20375,3848.14
20376,6156.94
20377,5211.18
20378,5707.36
20379,6275.55
20380,6885.44
20381,2697.53
20382,5459.99
20383,6129.37
20384,4498.81
20385,9636.66
20386,4917.51
20387,4975.74
20388,7809.38
20389,4905.8
20390,2907.79
20391,7698.72
20392,9438.484
20393,5173.51
20394,5740.07
20395,9465.03
20396,4721.19
20397,5020.96
20398,5286.15
20399,4592.17
20400,5665.75
20401,5678.91
20402,3799.58
20403,6280.31
20404,5171.89
20405,4440.89
20406,5215.88
20407,5855.38
20408,4964.66
20409,3935.66
20410,6582.8775
20411,5021.31
20412,5779.13
20413,5287.16
20414,4336.05
20415,7211.57
20416,4187.885
20417,4574.01
20418,4207.52
20419,5519.365
20420,6056.5
20421,4304.76
20422,3293.04
20423,6263.36
20424,5464.49
20425,4192.92
20426,5948.658333333334
20427,5564.91
20428,4729.06
20429,3543.82
20430,2905.663333333333
20431,4522.81
20432,4798.19
20433,5299.96
20434,7494.9
20435,6523.63
20436,4052.24
20437,6815.98
20438,3073.09
20439,2810.6
20440,5727.22
20441,10957.75
20442,5936.64
20443,5430.41
20444,3626.06
20445,5387.22
20446,6680.41
20447,4122.12
20448,6643.74
20449,4118.35
20450,5635.81
20451,4603.22
20452,3733.52
20453,4650.13
20454,3131.54
20455,3146.68
20456,3480.28
20457,5910.99
20458,5301.23
20459,3302.46
20460,5379.8
20461,5293.27
20462,4197.07
20463,4946.83
20464,6445.64
20465,6019.52
20466,5791.77
20467,3021.95
20468,10088.2
20469,4779.36
20470,3990.29
20471,6261.76
20472,5986.6
20473,4871.46
20474,4736.3
20475,5926.52
20476,7091.4
20477,10004.77
20478,3468.15
20479,3408.3
20480,3420.576666666667
20481,4837.99
20482,4885.24
20483,5908.85
20484,6588.17
20485,5052.53
20486,2879.56
20487,5322.16
20488,7858.58
20489,3421.91
20490,5237.05
20491,3507.11
20492,5690.43
20493,6203.22
20494,5321.37
20495,6791.02
20496,5894.395
20497,2099.57
20498,5391.92
20499,5893.56
20500,6571.94
20501,5492.25
20502,4982.22
20503,4588.13
20504,3382.255
20505,6628.93
20506,3911.45
20507,8567.4
20508,5536.42
20509,3396.34
20510,5634.16
20511,5018.68
20512,5587.86
20513,6397.21
20514,2833.29
20515,3697.03
20516,4808.41
20517,5892.98
20518,8120.35
20519,3770.25
20520,4541.11
20521,4323.39
20522,4846.34
20523,3988.46
20524,7798.45
20525,7246.8475
20526,10505.06
20527,3916.3
20528,4005.915
20529,12891.63
20530,8326.93
20531,3566.98
20532,8194.61
20533,5951.26
20534,3908.33
20535,4128.13
20536,3533.07
20537,4502.37
20538,4625.38
20539,4009.73
20540,3829.86
20541,6188.59
20542,6282.42
20543,19119.17
20544,4264.53
20545,3841.3
20546,5616.21
20547,9839.18
20548,4891.76
20549,6014.03
20550,4971.2
20551,7449.64
20552,6340.018333333333
20553,3911.03
20554,5189.35
20555,6057.28
20556,6076.71
20557,5877.951999999999
20558,8144.97
20559,3837.94
20560,3820.03
20561,4134.31
20562,7642.14
20563,9751.63
20564,7578.92
20565,5610.46
20566,3687.47
20567,5529.94
20568,3362.1
20569,7248.88
20570,7885.58
20571,8935.49
20572,4242.27
20573,4065.52
20574,4182.13
20575,5266.05
20576,8627.103333333334
20577,5378.12
20578,3968.01
20579,4082.36
20580,6706.69
20581,3627.45
20582,5815.85
20583,3316.28
20584,5710.98
20585,5602.09
20586,5887.8
20587,6452.03
20588,5453.39
20589,4651.19
20590,6101.31
20591,6011.14
20592,7974.42
20593,4929.72
20594,6230.24
20595,8050.206
20596,7170.34
20597,5028.04
20598,6352.59
20599,4504.29
20600,4679.91
20601,5048.55
20602,6363.52
20603,8531.93
20604,6357.43
20605,4254.3
20606,5477.73
20607,7146.41
20608,6192.57
20609,3501.86
20610,9624.4
20611,3789.3
20612,5971.06
20613,7073.19
20614,5130.24
20615,4225.1
20616,4972.71
20617,5588.05
20618,4442.09
20619,4577.78
20620,7240.85
20621,6804.535333333333
20622,5562.52
20623,3578.68
20624,6328.7
20625,10886.17
20626,6587.34
20627,6201.32
20628,4967.91
20629,5852.33
20630,5709.0
20631,7500.22
20632,3749.69
20633,6751.95
20634,5247.97
20635,5254.83
20636,9575.33
20637,4264.0
20638,5037.81
20639,3917.01
20640,5395.9
20641,7934.3
20642,4458.11
20643,3798.46
20644,4589.23
20645,4313.79
20646,4227.64
20647,6859.84
20648,6191.17
20649,7160.56
20650,4486.8
20651,4191.82
20652,5027.22
20653,8182.37
20654,6852.82
20655,6583.17
20656,6690.053333333332
20657,5249.55
20658,8211.31
20659,4287.77
20660,4964.67
20661,8081.36
20662,5583.04
20663,8380.81
20664,6973.96
20665,6255.22
20666,4690.63
20667,6567.19
20668,5794.43
20669,5122.01
20670,3511.13
20671,4641.75
20672,6175.06
20673,4871.15
20674,3670.69
20675,7182.99
20676,5600.27
20677,5224.12
20678,4548.7275
20679,4256.54
20680,5682.44
20681,5935.91
20682,5590.65
20683,4502.89
20684,4680.68
20685,5448.59
20686,3426.17
20687,7079.828
20688,3534.96
20689,6982.18
20690,6464.89
20691,6186.91
20692,8580.58
20693,4681.65
20694,3851.46
20695,9202.75
20696,5444.63
20697,6528.37
20698,7085.76
20699,3985.95
20700,5482.21
20701,7584.93
20702,5925.01
20703,9840.473333333333
20704,7044.34
20705,2728.92
20706,4702.77
20707,6532.7
20708,7121.0
20709,4532.12
20710,6082.68
20711,3957.606666666666
20712,4604.68
20713,3038.56
20714,4295.93
20715,6006.95
20716,5186.71
20717,5759.55
20718,5190.11
20719,7148.15
20720,7193.44
20721,7557.84
20722,3827.44
20723,7253.96
20724,7837.33
20725,4873.49
20726,7062.85
20727,4004.58
20728,5608.74
20729,3054.81
20730,5608.77
20731,3787.05
20732,7616.15
20733,6845.3
20734,7360.57
20735,7861.93
20736,6676.69
20737,6211.73
20738,16468.16
20739,7582.556666666666
20740,4234.72
20741,2388.13
20742,5228.34
20743,7059.53
20744,5528.86
20745,10879.32
20746,17456.7
20747,3688.43
20748,3782.25
20749,8060.83
20750,4048.15
20751,7025.52
20752,5138.32
20753,5932.41
20754,3154.69
20755,6038.63
20756,5205.92
20757,7327.52
20758,6132.923333333332
20759,5319.07
20760,5398.26
20761,5762.09
20762,3755.79
20763,4007.95
20764,7305.53
20765,4300.41
20766,4704.26
20767,5752.33
20768,5189.88
20769,4719.91
20770,6246.69
20771,5961.91
20772,7609.41
20773,10211.19
20774,6062.12
20775,5341.172833333333
20776,2833.42
20777,5279.3
20778,5863.25
20779,4794.66
20780,4420.92
20781,6899.02
20782,5191.92
20783,11120.966666666665
20784,6451.86
20785,4533.1
20786,4288.59
20787,5536.97
20788,7752.98
20789,4256.27
20790,7854.04
20791,14121.88
20792,6198.68
20793,5259.06
20794,3622.42
20795,4233.01
20796,5921.85
20797,3308.71
20798,5155.1
20799,8943.87
20800,4511.36
20801,11963.8
20802,11039.45
20803,4325.67
20804,5873.16
20805,5769.87
20806,6050.949166666667
20807,4841.64
20808,10731.44
20809,6016.51
20810,7419.37
20811,3974.84
20812,6115.34
20813,3924.67
20814,8118.42
20815,4788.71
20816,4763.95
20817,7061.695
20818,4835.27
20819,6577.47
20820,9553.07
20821,4944.98
20822,8125.48
20823,6106.25
20824,9128.74
20825,4524.95
20826,4525.88
20827,4175.87
20828,6846.06
20829,5437.84
20830,6140.24
20831,5381.34
20832,6972.02
20833,3699.55
20834,8746.02
20835,5440.62
20836,3196.46
20837,11202.3
20838,15255.36
20839,5169.06
20840,5916.09
20841,6771.963333333334
20842,8462.11
20843,10044.49
20844,4912.63
20845,6105.69
20846,4320.67
20847,5737.9
20848,3957.84
20849,4254.64
20850,5450.1
20851,4957.51
20852,6554.08
20853,4171.213333333334
20854,3350.49
20855,5062.18
20856,3289.65
20857,3599.02
20858,4149.91
20859,5063.11
20860,6957.05
20861,7480.44
20862,6141.05
20863,5662.46
20864,5692.38
20865,9424.09
20866,6096.41
20867,3961.48
20868,3994.49
20869,10530.47
20870,4521.84
20871,5900.78
20872,2811.3320000000003
20873,4272.03
20874,6022.51
20875,6321.3
20876,4699.63
20877,7173.93
20878,8045.98
20879,11446.32
20880,6440.62
20881,9060.74
20882,3097.92
20883,4476.35
20884,4842.32
20885,2727.16
20886,7032.22
20887,4253.75
20888,4952.2
20889,7878.35
20890,9037.53
20891,7073.34
20892,4386.91
20893,4681.58
20894,13000.5355
20895,7396.09
20896,4984.4
20897,3922.59
20898,5512.34
20899,7402.38
20900,3695.2
20901,5491.33
20902,6294.92
20903,6361.4
20904,10225.55
20905,4598.34
20906,14311.32
20907,5747.64
20908,4707.07
20909,2607.305
20910,5364.39
20911,5239.44
20912,3645.19
20913,7190.26
20914,3958.47
20915,3743.17
20916,5907.62
20917,3838.5
20918,7182.77
20919,5712.77
20920,6773.45
20921,6342.21
20922,3736.61
20923,7523.05
20924,6347.62
20925,4870.97
20926,5331.3
20927,4150.92
20928,9412.65
20929,5220.58
20930,3474.84
20931,5379.133333333334
20932,6884.13
20933,5372.93
20934,4868.46
20935,7037.913333333333
20936,5200.25
20937,4655.98
20938,5027.3
20939,6908.33
20940,4503.24
20941,5206.18
20942,3875.79
20943,5122.46
20944,4681.6075
20945,4003.68
20946,6972.93
20947,10085.75
20948,6852.87
20949,8618.38
20950,6994.09
20951,7950.73
20952,4964.405333333333
20953,10474.81
20954,8399.19
20955,5759.65
20956,7019.04
20957,6802.24
20958,4787.07
20959,3622.37
20960,10101.22
20961,4200.61
20962,5282.47
20963,5473.0
20964,4383.43
20965,8433.23
20966,6032.01
20967,5552.25
20968,4332.659333333333
20969,5137.77
20970,6695.45
20971,5366.43
20972,6559.96
20973,5464.66
20974,4284.23
20975,3347.94
20976,2753.28
20977,5540.84
20978,14794.37
20979,4534.35
20980,4371.555
20981,5815.45
20982,4076.82
20983,4733.19
20984,3795.73
20985,3274.97
20986,6628.04
20987,5467.03
20988,3671.19
20989,6982.45
20990,4061.7
20991,5373.746666666666
20992,10276.09
20993,7240.37
20994,9533.14
20995,4200.69
20996,5347.51
20997,3608.6
20998,5230.46
20999,11818.53
21000,8189.4
21001,6719.15
21002,3952.51
21003,4244.05
21004,5267.9
21005,3944.99
21006,9699.02
21007,4625.72
21008,5546.32
21009,6147.82
21010,3726.88
21011,5401.89
21012,5589.14
21013,7625.63
21014,5058.48
21015,5235.84
21016,7494.28
21017,5264.58
21018,7391.54
21019,7144.72
21020,5752.11
21021,3572.21
21022,6054.11
21023,5135.81
21024,4749.294166666667
21025,5877.5
21026,6110.99
21027,5631.65
21028,5081.59
21029,5600.19
21030,8135.07
21031,5273.603
21032,5886.4
21033,5313.22
21034,4288.04
21035,7821.66
21036,5160.38
21037,3642.49
21038,9568.64
21039,4599.7
21040,2857.05
21041,6632.24
21042,8113.29
21043,7802.78
21044,4414.36
21045,5356.4
21046,5626.02
21047,6247.81
21048,5270.186666666667
21049,6804.82
21050,2829.29
21051,4976.07
21052,5509.94
21053,4340.47
21054,3951.49
21055,5766.2
21056,5831.58
21057,5136.68
21058,6988.47
21059,4943.48
21060,7506.34
21061,4497.26
21062,5475.14
21063,4868.4
21064,6146.14
21065,7242.68
21066,3116.03
21067,6791.4
21068,7311.93
21069,5866.414000000001
21070,4395.936190476191
21071,3098.21
21072,5546.1
21073,4117.31
21074,6882.02
21075,5675.6
21076,4956.36
21077,6393.251666666666
21078,5292.13
21079,4278.56
21080,6351.54
21081,4185.11
21082,8067.74
21083,8266.52
21084,6228.45
21085,3626.39
21086,4522.7
21087,3613.02
21088,2714.85
21089,6401.62
21090,4610.59
21091,7263.13
21092,3479.39
21093,5966.12
21094,5450.28
21095,8076.04
21096,3966.07
21097,4844.59
21098,4128.93
21099,6797.75
21100,5948.02
21101,6357.61
21102,6979.34
21103,8688.27
21104,6260.62
21105,6191.05
21106,6096.2
21107,3853.32
21108,4277.96
21109,8837.31
21110,6654.99
21111,10606.565999999999
21112,14102.06
21113,4745.31
21114,4508.92
21115,4995.46
21116,7003.33
21117,7619.62
21118,5198.91
21119,5880.65
21120,6645.92
21121,6541.42
21122,4929.03
21123,4175.79
21124,4376.07
21125,4289.83
21126,3304.76
21127,3977.06
21128,6986.3
21129,13632.31
21130,5183.83
21131,4254.75
21132,5464.29
21133,3419.48
21134,6343.54
21135,3210.5
21136,8293.8
21137,5032.44
21138,6936.352
21139,11767.95
21140,10185.64
21141,5557.1875
21142,6177.88
21143,3195.0490476190475
21144,5353.21
21145,5180.27
21146,8235.26
21147,4041.44
21148,3788.87
21149,5527.94
21150,5104.24
21151,6189.52
21152,5175.66
21153,3695.85
21154,6774.77
21155,6392.03
21156,5358.66
21157,3424.79
21158,2893.703333333334
21159,6572.35
21160,4057.53
21161,8255.963333333333
21162,3803.22
21163,5028.59
21164,5553.801666666666
21165,4964.34
21166,3976.12
21167,5058.17
21168,5372.34
21169,8411.96
21170,7155.29
21171,5152.5
21172,3911.18
21173,5628.9
21174,6360.57
21175,4160.15
21176,4688.64
21177,5810.0775
21178,9959.94
21179,6764.3
21180,5539.46
21181,6364.716666666667
21182,3954.36
21183,7984.71
21184,4724.06
21185,10578.49
21186,4893.15
21187,4164.26
21188,3802.41
21189,2160.87
21190,6817.18
21191,17040.43
21192,3512.57
21193,3594.75
21194,7850.01
21195,5712.97
21196,6811.06
21197,6620.82
21198,4939.9
21199,4782.19
21200,4186.32
21201,8425.74
21202,4368.33
21203,6122.78
21204,6830.92
21205,4012.07
21206,7599.95
21207,5211.04
21208,3048.96
21209,8086.65
21210,9473.82
21211,3688.36
21212,6149.21
21213,5456.04
21214,5094.05
21215,7820.83
21216,4991.34
21217,6580.5
21218,3987.29
21219,3742.3
21220,7357.14
21221,3157.36
21222,6470.58
21223,3552.49
21224,6074.1
21225,4584.58
21226,4843.09
21227,5994.46
21228,5597.92
21229,5285.86
21230,6604.42
21231,4815.13
21232,7367.11
21233,5089.07
21234,5788.23
21235,7681.93
21236,7681.27
21237,3092.88
21238,5492.23
21239,6529.98
21240,7919.34
21241,11003.1
21242,5004.28
21243,5960.32
21244,8795.05
21245,5022.99
21246,3175.92
21247,8610.39
21248,10240.604
21249,5525.13
21250,6681.37
21251,9783.13
21252,5059.08
21253,5137.44
21254,5711.82
21255,4778.46
21256,5940.91
21257,6007.91
21258,4130.86
21259,5868.53
21260,5971.49
21261,5359.94
21262,5578.650833333332
21263,6512.63
21264,5418.45
21265,4284.32
21266,6372.53
21267,5525.4
21268,6442.43
21269,5946.47
21270,5039.53
21271,7982.23
21272,4420.85
21273,4543.16
21274,4471.15
21275,5899.095
21276,6810.99
21277,4818.83
21278,3669.27
21279,6699.63
21280,5489.17
21281,4840.49
21282,6149.863333333333
21283,6237.08
21284,5271.25
21285,3847.83
21286,3367.53
21287,4827.15
21288,5023.09
21289,5284.85
21290,8468.68
21291,6934.22
21292,4805.02
21293,7651.22
21294,3211.26
21295,2865.43
21296,6100.23
21297,10379.08
21298,5788.353333333333
21299,5727.74
21300,3728.78
21301,5751.52
21302,6730.35
21303,4577.02
21304,6783.65
21305,4343.97
21306,6680.14
21307,4859.32
21308,4433.66
21309,5344.09
21310,3416.95
21311,3789.68
21312,3622.06
21313,6416.01
21314,5442.14
21315,3548.33
21316,5414.36
21317,6281.71
21318,4362.02
21319,5432.18
21320,8240.7
21321,6439.51
21322,6171.18
21323,3580.26
21324,10455.59
21325,5195.15
21326,3928.07
21327,7153.88
21328,6953.13
21329,5538.503333333332
21330,5672.27
21331,6232.07
21332,7171.13
21333,10327.12
21334,3393.04
21335,3899.47
21336,3701.05
21337,5941.77
21338,5319.25
21339,6717.2
21340,6904.03
21341,5177.89
21342,3572.0025
21343,5557.77
21344,8790.71
21345,3773.85
21346,5740.45
21347,3640.31
21348,6605.46
21349,6250.48
21350,6122.956
21351,7147.43
21352,6700.6241666666665
21353,2567.595
21354,6010.67
21355,6193.7
21356,7089.11
21357,6332.2
21358,5931.51
21359,4813.9
21360,3683.3693333333335
21361,8375.41
21362,3682.68
21363,9992.24
21364,5584.44
21365,3742.4
21366,5808.1
21367,5587.04
21368,6176.77
21369,6629.7225
21370,3616.78
21371,3865.78
21372,5184.86
21373,6337.07
21374,7991.01
21375,4125.83
21376,5322.46
21377,4649.56
21378,5411.09
21379,4193.55
21380,7931.26
21381,9265.061333333335
21382,10771.29
21383,4111.24
21384,4600.815
21385,13470.17
21386,8599.87
21387,3985.086666666667
21388,9046.0
21389,6381.32
21390,4280.14
21391,4315.59
21392,3975.56
21393,5471.9
21394,4640.6
21395,4226.7
21396,4278.37
21397,6917.12
21398,6858.094999999998
21399,20550.178
21400,4398.24
21401,0.0
21402,0.0
21403,0.0
21404,0.0
21405,0.0
21406,0.0
21407,0.0
21408,0.0
21409,0.0
21410,0.0
21411,0.0
21412,0.0
21413,0.0
21414,0.0
21415,0.0
21416,0.0
21417,0.0
21418,0.0
21419,0.0
21420,0.0
21421,0.0
21422,0.0
21423,0.0
21424,0.0
21425,0.0
21426,0.0
21427,0.0
21428,0.0
21429,0.0
21430,0.0
21431,0.0
21432,0.0
21433,0.0
21434,0.0
21435,0.0
21436,0.0
21437,0.0
21438,0.0
21439,0.0
21440,0.0
21441,0.0
21442,0.0
21443,0.0
21444,0.0
21445,0.0
21446,0.0
21447,0.0
21448,0.0
21449,0.0
21450,0.0
21451,0.0
21452,0.0
21453,0.0
21454,0.0
21455,0.0
21456,0.0
21457,0.0
21458,0.0
21459,0.0
21460,0.0
21461,0.0
21462,0.0
21463,0.0
21464,0.0
21465,0.0
21466,0.0
21467,0.0
21468,0.0
21469,0.0
21470,0.0
21471,0.0
21472,0.0
21473,0.0
21474,0.0
21475,0.0
21476,0.0
21477,0.0
21478,0.0
21479,0.0
21480,0.0
21481,0.0
21482,0.0
21483,0.0
21484,0.0
21485,0.0
21486,0.0
21487,0.0
21488,0.0
21489,0.0
21490,0.0
21491,0.0
21492,3564.35
21493,0.0
21494,0.0
21495,0.0
21496,0.0
21497,0.0
21498,0.0
21499,0.0
21500,0.0
21501,0.0
21502,0.0
21503,0.0
21504,0.0
21505,0.0
21506,0.0
21507,0.0
21508,0.0
21509,0.0
21510,0.0
21511,0.0
21512,0.0
21513,0.0
21514,0.0
21515,0.0
21516,0.0
21517,0.0
21518,0.0
21519,0.0
21520,0.0
21521,0.0
21522,0.0
21523,0.0
21524,0.0
21525,0.0
21526,0.0
21527,0.0
21528,0.0
21529,0.0
21530,0.0
21531,0.0
21532,0.0
21533,0.0
21534,0.0
21535,0.0
21536,0.0
21537,0.0
21538,0.0
21539,0.0
21540,0.0
21541,0.0
21542,0.0
21543,0.0
21544,0.0
21545,0.0
21546,0.0
21547,0.0
21548,0.0
21549,0.0
21550,0.0
21551,0.0
21552,0.0
21553,0.0
21554,0.0
21555,0.0
21556,0.0
21557,0.0
21558,0.0
21559,0.0
21560,2554.88
21561,0.0
21562,0.0
21563,0.0
21564,0.0
21565,0.0
21566,0.0
21567,0.0
21568,0.0
21569,0.0
21570,0.0
21571,0.0
21572,0.0
21573,0.0
21574,0.0
21575,0.0
21576,0.0
21577,0.0
21578,0.0
21579,0.0
21580,0.0
21581,0.0
21582,0.0
21583,0.0
21584,0.0
21585,0.0
21586,0.0
21587,0.0
21588,0.0
21589,0.0
21590,0.0
21591,0.0
21592,0.0
21593,0.0
21594,0.0
21595,0.0
21596,0.0
21597,0.0
21598,0.0
21599,0.0
21600,0.0
21601,15481.35
21602,29895.7
21603,0.0
21604,0.0
21605,0.0
21606,0.0
21607,0.0
21608,0.0
21609,0.0
21610,6512.5
21611,0.0
21612,0.0
21613,0.0
21614,0.0
21615,0.0
21616,0.0
21617,0.0
21618,0.0
21619,0.0
21620,0.0
21621,0.0
21622,0.0
21623,0.0
21624,0.0
21625,0.0
21626,0.0
21627,0.0
21628,0.0
21629,4274.82
21630,0.0
21631,0.0
21632,0.0
21633,0.0
21634,0.0
21635,0.0
21636,0.0
21637,0.0
21638,0.0
21639,2859.8603571428575
21640,0.0
21641,0.0
21642,0.0
21643,0.0
21644,0.0
21645,0.0
21646,0.0
21647,0.0
21648,0.0
21649,0.0
21650,0.0
21651,0.0
21652,0.0
21653,0.0
21654,0.0
21655,0.0
21656,0.0
21657,7146.790555555556
21658,0.0
21659,0.0
21660,0.0
21661,0.0
21662,0.0
21663,0.0
21664,0.0
21665,0.0
21666,0.0
21667,0.0
21668,0.0
21669,0.0
21670,0.0
21671,0.0
21672,0.0
21673,0.0
21674,7090.732857142857
21675,0.0
21676,0.0
21677,0.0
21678,0.0
21679,0.0
21680,0.0
21681,0.0
21682,0.0
21683,0.0
21684,0.0
21685,0.0
21686,0.0
21687,0.0
21688,0.0
21689,0.0
21690,0.0
21691,0.0
21692,0.0
21693,0.0
21694,0.0
21695,0.0
21696,0.0
21697,0.0
21698,0.0
21699,0.0
21700,0.0
21701,0.0
21702,0.0
21703,0.0
21704,0.0
21705,0.0
21706,0.0
21707,0.0
21708,0.0
21709,0.0
21710,0.0
21711,0.0
21712,0.0
21713,0.0
21714,0.0
21715,0.0
21716,0.0
21717,0.0
21718,0.0
21719,0.0
21720,0.0
21721,0.0
21722,0.0
21723,0.0
21724,0.0
21725,0.0
21726,0.0
21727,0.0
21728,0.0
21729,0.0
21730,0.0
21731,0.0
21732,0.0
21733,0.0
21734,0.0
21735,0.0
21736,1546.51
21737,0.0
21738,0.0
21739,0.0
21740,0.0
21741,0.0
21742,0.0
21743,0.0
21744,0.0
21745,0.0
21746,0.0
21747,0.0
21748,0.0
21749,0.0
21750,5004.0980238095235
21751,0.0
21752,0.0
21753,0.0
21754,0.0
21755,0.0
21756,0.0
21757,0.0
21758,0.0
21759,0.0
21760,0.0
21761,0.0
21762,0.0
21763,0.0
21764,0.0
21765,0.0
21766,0.0
21767,0.0
21768,0.0
21769,0.0
21770,0.0
21771,0.0
21772,0.0
21773,0.0
21774,0.0
21775,0.0
21776,0.0
21777,0.0
21778,0.0
21779,0.0
21780,0.0
21781,0.0
21782,0.0
21783,0.0
21784,0.0
21785,0.0
21786,0.0
21787,0.0
21788,0.0
21789,0.0
21790,0.0
21791,0.0
21792,0.0
21793,5151.02
21794,0.0
21795,0.0
21796,0.0
21797,0.0
21798,0.0
21799,0.0
21800,0.0
21801,0.0
21802,0.0
21803,2527.6
21804,0.0
21805,0.0
21806,0.0
21807,5203.409936507936
21808,0.0
21809,0.0
21810,0.0
21811,0.0
21812,0.0
21813,0.0
21814,0.0
21815,0.0
21816,0.0
21817,0.0
21818,0.0
21819,0.0
21820,0.0
21821,0.0
21822,0.0
21823,0.0
21824,0.0
21825,0.0
21826,0.0
21827,0.0
21828,0.0
21829,0.0
21830,0.0
21831,0.0
21832,0.0
21833,0.0
21834,18459.35
21835,0.0
21836,0.0
21837,0.0
21838,0.0
21839,0.0
21840,0.0
21841,0.0
21842,0.0
21843,0.0
21844,0.0
21845,0.0
21846,0.0
21847,0.0
21848,5970.4
21849,0.0
21850,0.0
21851,0.0
21852,0.0
21853,0.0
21854,0.0
21855,0.0
21856,0.0
21857,0.0
21858,0.0
21859,0.0
21860,0.0
21861,0.0
21862,0.0
21863,0.0
21864,0.0
21865,0.0
21866,0.0
21867,0.0
21868,0.0
21869,0.0
21870,0.0
21871,0.0
21872,0.0
21873,0.0
21874,0.0
21875,0.0
21876,0.0
21877,0.0
21878,0.0
21879,0.0
21880,0.0
21881,0.0
21882,0.0
21883,0.0
21884,0.0
21885,0.0
21886,0.0
21887,0.0
21888,0.0
21889,0.0
21890,0.0
21891,0.0
21892,0.0
21893,0.0
21894,0.0
21895,0.0
21896,0.0
21897,0.0
21898,0.0
21899,0.0
21900,0.0
21901,0.0
21902,0.0
21903,0.0
21904,0.0
21905,0.0
21906,0.0
21907,0.0
21908,0.0
21909,0.0
21910,0.0
21911,0.0
21912,0.0
21913,0.0
21914,0.0
21915,0.0
21916,0.0
21917,0.0
21918,0.0
21919,0.0
21920,0.0
21921,0.0
21922,0.0
21923,11842.43
21924,0.0
21925,0.0
21926,0.0
21927,0.0
21928,0.0
21929,0.0
21930,0.0
21931,0.0
21932,0.0
21933,0.0
21934,0.0
21935,0.0
21936,0.0
21937,0.0
21938,0.0
21939,0.0
21940,0.0
21941,0.0
21942,0.0
21943,0.0
21944,0.0
21945,0.0
21946,0.0
21947,0.0
21948,0.0
21949,0.0
21950,0.0
21951,0.0
21952,0.0
21953,0.0
21954,0.0
21955,0.0
21956,0.0
21957,0.0
21958,0.0
21959,0.0
21960,0.0
21961,0.0
21962,0.0
21963,0.0
21964,0.0
21965,0.0
21966,0.0
21967,3661.317761904762
21968,15791.41
21969,0.0
21970,0.0
21971,0.0
21972,0.0
21973,0.0
21974,0.0
21975,0.0
21976,0.0
21977,0.0
21978,0.0
21979,0.0
21980,0.0
21981,0.0
21982,0.0
21983,0.0
21984,0.0
21985,0.0
21986,0.0
21987,0.0
21988,0.0
21989,0.0
21990,0.0
21991,0.0
21992,0.0
21993,0.0
21994,0.0
21995,0.0
21996,9488.09580952381
21997,0.0
21998,0.0
21999,0.0
22000,0.0
22001,0.0
22002,0.0
22003,0.0
22004,0.0
22005,0.0
22006,0.0
22007,0.0
22008,0.0
22009,0.0
22010,0.0
22011,0.0
22012,0.0
22013,0.0
22014,0.0
22015,0.0
22016,0.0
22017,0.0
22018,0.0
22019,0.0
22020,0.0
22021,0.0
22022,0.0
22023,0.0
22024,0.0
22025,0.0
22026,0.0
22027,0.0
22028,0.0
22029,0.0
22030,0.0
22031,0.0
22032,0.0
22033,0.0
22034,0.0
22035,0.0
22036,0.0
22037,0.0
22038,0.0
22039,0.0
22040,0.0
22041,0.0
22042,0.0
22043,0.0
22044,0.0
22045,0.0
22046,0.0
22047,0.0
22048,0.0
22049,0.0
22050,0.0
22051,0.0
22052,0.0
22053,0.0
22054,0.0
22055,0.0
22056,0.0
22057,0.0
22058,0.0
22059,0.0
22060,0.0
22061,0.0
22062,0.0
22063,0.0
22064,0.0
22065,0.0
22066,2450.01
22067,0.0
22068,0.0
22069,0.0
22070,2408.5
22071,0.0
22072,0.0
22073,0.0
22074,0.0
22075,0.0
22076,0.0
22077,0.0
22078,0.0
22079,0.0
22080,0.0
22081,0.0
22082,0.0
22083,0.0
22084,0.0
22085,0.0
22086,0.0
22087,0.0
22088,0.0
22089,0.0
22090,0.0
22091,0.0
22092,0.0
22093,0.0
22094,0.0
22095,0.0
22096,0.0
22097,0.0
22098,0.0
22099,0.0
22100,0.0
22101,0.0
22102,0.0
22103,0.0
22104,0.0
22105,0.0
22106,0.0
22107,0.0
22108,0.0
22109,0.0
22110,0.0
22111,0.0
22112,0.0
22113,0.0
22114,0.0
22115,0.0
22116,0.0
22117,0.0
22118,0.0
22119,0.0
22120,0.0
22121,2989.7
22122,0.0
22123,0.0
22124,0.0
22125,0.0
22126,0.0
22127,0.0
22128,0.0
22129,0.0
22130,0.0
22131,0.0
22132,0.0
22133,0.0
22134,0.0
22135,0.0
22136,8636.233571428571
22137,0.0
22138,0.0
22139,0.0
22140,0.0
22141,0.0
22142,0.0
22143,0.0
22144,0.0
22145,0.0
22146,0.0
22147,0.0
22148,0.0
22149,0.0
22150,0.0
22151,0.0
22152,0.0
22153,0.0
22154,0.0
22155,0.0
22156,0.0
22157,0.0
22158,0.0
22159,0.0
22160,0.0
22161,0.0
22162,0.0
22163,0.0
22164,0.0
22165,0.0
22166,0.0
22167,0.0
22168,0.0
22169,0.0
22170,0.0
22171,0.0
22172,0.0
22173,0.0
22174,0.0
22175,0.0
22176,0.0
22177,0.0
22178,0.0
22179,0.0
22180,0.0
22181,0.0
22182,0.0
22183,0.0
22184,0.0
22185,0.0
22186,0.0
22187,0.0
22188,0.0
22189,0.0
22190,0.0
22191,0.0
22192,0.0
22193,0.0
22194,0.0
22195,0.0
22196,0.0
22197,0.0
22198,0.0
22199,0.0
22200,4217.17
22201,0.0
22202,0.0
22203,0.0
22204,0.0
22205,0.0
22206,0.0
22207,0.0
22208,0.0
22209,0.0
22210,0.0
22211,0.0
22212,0.0
22213,0.0
22214,0.0
22215,0.0
22216,0.0
22217,0.0
22218,0.0
22219,0.0
22220,0.0
22221,0.0
22222,0.0
22223,0.0
22224,0.0
22225,0.0
22226,0.0
22227,0.0
22228,0.0
22229,0.0
22230,0.0
22231,0.0
22232,0.0
22233,0.0
22234,0.0
22235,0.0
22236,0.0
22237,0.0
22238,0.0
22239,0.0
22240,0.0
22241,14245.55
22242,5311.97
22243,0.0
22244,0.0
22245,0.0
22246,0.0
22247,0.0
22248,0.0
22249,0.0
22250,0.0
22251,0.0
22252,0.0
22253,0.0
22254,0.0
22255,0.0
22256,0.0
22257,4285.23
22258,3961.08
22259,6827.66
22260,3092.36
22261,6381.53
22262,4161.93
22263,6260.46
22264,5825.636555555556
22265,3850.07
22266,3609.72
22267,5347.82
22268,4111.9425
22269,3785.7993333333334
22270,5268.14
22271,4980.75
22272,2999.47
22273,4645.79
22274,6961.22
22275,8521.61
22276,7528.35
22277,6122.132333333334
22278,4100.39
22279,5846.31
22280,2173.61
22281,7827.46
22282,7657.55
22283,9454.72
22284,5762.4
22285,2802.8
22286,5104.316619047619
22287,4701.74
22288,8055.4375
22289,3997.036666666667
22290,5154.78
22291,4435.89
22292,5605.95
22293,2843.52
22294,7183.39
22295,4192.16
22296,6784.06
22297,5847.77
22298,3972.91
22299,7426.52
22300,6283.47
22301,4860.69
22302,3342.4098095238096
22303,7949.85
22304,9149.183666666668
22305,5342.946666666665
22306,4962.71
22307,7979.407333333334
22308,6605.843333333334
22309,5127.428333333333
22310,5234.13
22311,3442.24
22312,2875.73
22313,4897.883000000001
22314,6129.87
22315,8210.15
22316,7088.94
22317,3647.454690476191
22318,7077.7302619047605
22319,7349.53
22320,4516.21
22321,2634.6443333333336
22322,10187.170238095237
22323,3434.45
22324,4239.92
22325,6839.21
22326,3616.501666666667
22327,4945.746928571429
22328,2762.3734999999997
22329,5326.403845238095
22330,4832.34
22331,5338.9
22332,7068.803666666666
22333,6911.731428571428
22334,5515.8
22335,2688.7301666666667
22336,7210.39
22337,11272.9
22338,5131.97
22339,3856.38
22340,6149.127666666666
22341,5449.42
22342,6542.48
22343,9894.22
22344,2354.81
22345,7967.57
22346,4304.33
22347,4317.325
22348,7366.73
22349,2686.82
22350,4450.461666666667
22351,4802.06
22352,6050.485
22353,6737.87
22354,3620.61
22355,4107.650833333333
22356,4666.77
22357,5695.874166666667
22358,4796.18
22359,5981.65
22360,3888.12
22361,6149.7
22362,3552.7433333333333
22363,3193.06
22364,5557.81
22365,5912.24
22366,6016.41
22367,6462.04
22368,6836.2581666666665
22369,3954.7
22370,8121.56
22371,2888.9184999999998
22372,3495.13
22373,7242.36
22374,5844.38
22375,7235.83
22376,8401.772333333334
22377,6403.73
22378,5067.53
22379,6664.51
22380,6611.36
22381,3708.05
22382,2600.2
22383,5003.0
22384,4039.7113571428577
22385,5115.33
22386,3439.654333333333
22387,5255.055666666666
22388,5816.02
22389,5286.13
22390,5266.40280952381
22391,2874.3329761904765
22392,5894.246666666666
22393,6938.32
22394,3475.67
22395,4865.9
22396,2501.56
22397,4844.472
22398,2941.91
22399,4093.216
22400,3832.66530952381
22401,7427.97
22402,6343.84
22403,6848.39
22404,13788.61
22405,3550.640666666667
22406,4068.9159999999993
22407,9181.029999999999
22408,4832.084833333334
22409,7520.44
22410,6262.64
22411,4655.668333333333
22412,5739.34
22413,7919.96
22414,3992.7241547619046
22415,7415.729999999999
22416,5223.26
22417,2855.63
22418,3499.43
22419,7176.01
22420,9308.32
22421,5241.65
22422,6137.193333333333
22423,3715.244833333333
22424,2437.35
22425,1945.4
22426,3549.13
22427,5523.7
22428,5253.275166666666
22429,4728.355
22430,3774.1573333333336
22431,7570.697166666667
22432,7723.09
22433,8159.36
22434,4407.11
22435,7457.105
22436,8343.288999999999
22437,3952.75
22438,4997.892333333334
22439,4860.0715
22440,6020.270333333335
22441,2870.45
22442,5414.19
22443,4360.98
22444,7182.705
22445,7562.18
22446,7136.47
22447,6742.53
22448,5073.3848333333335
22449,6918.56
22450,16088.964666666663
22451,8366.401333333335
22452,3331.7999999999993
22453,3277.78
22454,5812.13
22455,7801.55
22456,4319.79
22457,8497.634761904763
22458,17021.49
22459,5205.24
22460,2378.1
22461,10348.56
22462,3123.82
22463,6712.025238095238
22464,3313.85
22465,5504.755
22466,3139.96
22467,6345.08
22468,4948.67
22469,5163.82
22470,6738.05
22471,5414.32
22472,6140.03
22473,5767.18
22474,4281.91
22475,5452.948333333333
22476,8369.91
22477,4368.92
22478,5661.44
22479,4263.08
22480,3307.32
22481,5175.87
22482,4826.73
22483,4788.48
22484,7256.63
22485,8118.2
22486,6717.36
22487,4586.703690476191
22488,3966.31
22489,4271.5
22490,5075.05
22491,5680.79
22492,2616.09
22493,6664.16
22494,5428.284333333333
22495,7327.533333333333
22496,5314.49
22497,4154.59
22498,2843.11
22499,2677.14
22500,8455.16
22501,5230.54
22502,6234.45
22503,11877.67
22504,7196.08
22505,3832.19
22506,4429.03
22507,2513.79
22508,3956.13
22509,4050.9186666666665
22510,3335.7804523809523
22511,8666.3
22512,4276.02
22513,8050.582833333333
22514,10197.27
22515,5240.95
22516,4954.508333333333
22517,4588.015833333333
22518,5029.7754444444445
22519,4694.58
22520,10058.48
22521,6657.51
22522,6824.6
22523,3188.67
22524,4750.382
22525,5072.24
22526,7314.08
22527,6070.536666666668
22528,5092.98
22529,6663.438666666667
22530,3914.8794999999996
22531,8509.13
22532,7061.36
22533,6975.43
22534,8931.06
22535,6566.228619047619
22536,7540.547619047619
22537,3159.8153333333335
22538,4792.22
22539,4954.5
22540,8217.75
22541,6925.15
22542,6576.57
22543,5833.55
22544,7409.64
22545,3731.786333333333
22546,7191.99
22547,6200.06
22548,2552.96
22549,12127.41
22550,15049.85
22551,6992.97
22552,6239.98
22553,6565.451
22554,6708.572833333334
22555,8184.95
22556,2915.7496666666666
22557,4074.530666666667
22558,5377.57
22559,6729.963333333334
22560,2589.14
22561,3859.986666666666
22562,4749.959833333332
22563,4430.88
22564,4463.712
22565,2284.8368333333337
22566,3085.43
22567,6898.51
22568,3193.18
22569,4131.345666666666
22570,5029.14
22571,5108.11
22572,8272.083333333332
22573,8639.2
22574,4140.36
22575,5632.385
22576,5805.65
22577,10215.27
22578,5335.996666666665
22579,2815.76
22580,3523.24
22581,12644.57
22582,4017.8518095238087
22583,5905.098333333333
22584,1885.4873333333337
22585,3432.242
22586,5523.84
22587,5368.69
22588,4731.15
22589,7303.02
22590,7890.166428571429
22591,8338.68
22592,5220.71
22593,11074.19
22594,1892.9419523809522
22595,3409.94
22596,5471.720166666667
22597,3744.353
22598,9844.832333333332
22599,2589.41
22600,5336.44
22601,5505.39
22602,7386.56
22603,7979.57
22604,4281.13
22605,3161.41
22606,8845.135
22607,8451.25
22608,4267.228666666666
22609,3930.18
22610,7488.69
22611,6174.04
22612,4862.17
22613,3297.315
22614,6686.06
22615,4100.19
22616,12119.92
22617,7742.2
22618,15856.011523809526
22619,5296.1
22620,4617.28
22621,1957.3400714285715
22622,5785.61
22623,5365.02
22624,4207.93
22625,9374.07
22626,4492.77
22627,2555.6964047619053
22628,7193.38
22629,3482.48
22630,8375.35
22631,5902.315833333334
22632,6326.82
22633,6516.439166666665
22634,3704.339880952381
22635,6395.94
22636,6234.39
22637,3821.094
22638,5967.9
22639,3568.42
22640,8623.98
22641,4772.5
22642,3140.9856666666665
22643,4230.921666666667
22644,8175.68
22645,4939.882333333333
22646,3826.77
22647,4973.907666666665
22648,4994.52
22649,4078.13
22650,4641.87
22651,8991.062833333335
22652,4494.285
22653,3203.05
22654,4946.54
22655,5540.87
22656,3177.8078809523813
22657,4748.73
22658,7893.51
22659,7867.14
22660,8003.03
22661,8458.965166666667
22662,7185.83
22663,5747.683000000001
22664,4341.080333333334
22665,10001.62
22666,6194.613714285715
22667,6297.43
22668,5328.76
22669,5601.78
22670,4226.13
22671,2390.29
22672,11447.4
22673,4058.16
22674,5834.13
22675,4210.27
22676,3930.32
22677,8081.1
22678,5417.92
22679,6179.8
22680,3472.68
22681,5906.013333333332
22682,5511.88
22683,3765.24
22684,9538.55
22685,4334.1235
22686,4433.3
22687,3421.654809523809
22688,2696.3
22689,4363.853833333334
22690,12866.755
22691,4907.441333333335
22692,5303.364999999999
22693,5449.02
22694,3114.3005000000003
22695,3540.86
22696,4994.375
22697,2666.2
22698,7862.05
22699,5679.91
22700,2837.24
22701,6845.412333333333
22702,2685.3
22703,3881.9333333333343
22704,8959.17
22705,8873.78
22706,8137.32
22707,2468.1
22708,4752.6625
22709,3782.7676666666666
22710,4505.15
22711,15477.72
22712,9326.72
22713,5093.88
22714,2790.125
22715,4722.6
22716,3600.5021428571426
22717,2255.65
22718,7521.1
22719,4484.24
22720,4754.92
22721,7378.38
22722,4614.01
22723,4514.05
22724,5445.8
22725,6976.94
22726,6578.05
22727,4231.53
22728,8145.37
22729,6718.205
22730,7697.68
22731,5475.93
22732,6183.196666666668
22733,2085.72
22734,7041.54
22735,5024.29
22736,2977.0448333333334
22737,4057.75
22738,4363.52
22739,4665.47
22740,5822.37
22741,3850.35
22742,6601.61
22743,4350.390833333335
22744,7361.82
22745,7447.71
22746,4684.3
22747,6150.88
22748,5841.22
22749,2685.72
22750,9697.2645
22751,3461.18
22752,3305.28
22753,6019.12
22754,9725.37
22755,8620.67480952381
22756,3879.42
22757,4990.02
22758,6086.79
22759,6338.672023809524
22760,4549.89
22761,8196.85
22762,3046.16
22763,4949.26
22764,3730.6979761904768
22765,3269.66
22766,2542.51
22767,6697.88
22768,5856.0725
22769,5706.12
22770,5703.26
22771,6114.772666666668
22772,7349.11
22773,4378.48
22774,4661.18
22775,4496.56
22776,4900.287809523809
22777,5066.76
22778,2157.57
22779,4636.06
22780,6180.59
22781,4731.7570000000005
22782,5220.803500000001
22783,2598.5899047619046
22784,7117.73
22785,2668.42
22786,7383.3729523809525
22787,5406.49
22788,4118.4335
22789,7259.531000000001
22790,3672.68
22791,3578.93
22792,7655.95
22793,2676.68
22794,5834.450333333333
22795,7992.806666666666
22796,6194.37
22797,2310.5833333333335
22798,4698.86
22799,3493.92
22800,2472.62
22801,4875.57
22802,5276.43
22803,4347.16
22804,4137.73
22805,5696.59
22806,4512.01
22807,10521.600333333337
22808,4879.5
22809,5377.995
22810,4174.062499999999
22811,5043.3
22812,5043.43
22813,6270.95
22814,8090.79
22815,8563.152
22816,7534.02
22817,4371.799833333333
22818,4873.79
22819,2840.77
22820,4874.293333333333
22821,8622.13
22822,5992.774166666666
22823,6831.855166666666
22824,13884.75
22825,3129.8255
22826,3942.1
22827,4260.76
22828,8080.78
22829,8500.07
22830,7146.93
22831,6197.5
22832,6673.963833333331
22833,6762.65
22834,5759.0
22835,4855.2
22836,2269.75
22837,4620.11
22838,3364.99
22839,2831.64
22840,6989.03
22841,16827.48154761905
22842,3906.621761904762
22843,2899.89
22844,4474.62
22845,2955.6806666666666
22846,5959.1
22847,1463.3575000000003
22848,6264.26
22849,5122.04
22850,3439.5196666666666
22851,11270.28
22852,9477.6735
22853,4329.720238095238
22854,5168.14
22855,3407.8587619047616
22856,3942.17
22857,4104.61
22858,8203.65
22859,3621.14
22860,4384.52
22861,5278.16
22862,4989.74
22863,5034.8386666666665
22864,7005.5
22865,2988.75
22866,7609.43
22867,6554.52
22868,4436.25
22869,3689.01
22870,3485.785
22871,4304.05
22872,4431.13
22873,8660.747000000001
22874,4026.63
22875,3779.15
22876,6535.931888888889
22877,7680.399333333334
22878,4507.63
22879,4728.3
22880,5140.96
22881,9524.61
22882,6633.81
22883,5633.26
22884,3764.96
22885,4463.9
22886,6183.24
22887,3643.9790000000003
22888,4082.075
22889,4828.062333333332
22890,10381.47
22891,7219.89
22892,4375.54
22893,5416.987833333334
22894,4449.92
22895,6528.55
22896,4753.0616666666665
22897,8710.76
22898,5876.222
22899,4732.7
22900,4227.92
22901,1719.745
22902,3674.16
22903,18505.76
22904,1883.0416666666665
22905,3585.55
22906,6540.05
22907,6735.111333333333
22908,5688.78
22909,6923.42
22910,5638.8
22911,5162.0
22912,2512.09
22913,6749.82
22914,3138.0945000000006
22915,6103.71
22916,8351.17
22917,3513.39
22918,7011.07
22919,6112.95
22920,2856.419190476191
22921,5280.96
22922,6540.3
22923,2544.85
22924,7789.109285714285
22925,5868.82
22926,4479.81
22927,8341.08
22928,6908.4275
22929,6250.778333333333
22930,3805.7433333333333
22931,3262.88
22932,4989.639999999999
22933,3007.17
22934,4916.556
22935,2543.33
22936,6214.46
22937,2742.91
22938,4330.91
22939,5570.1
22940,4280.5
22941,4794.033333333333
22942,7355.69
22943,4317.31
22944,7300.937833333333
22945,4858.92
22946,5951.6
22947,7196.276333333331
22948,7267.54
22949,3967.59
22950,5141.08
22951,5249.47
22952,4281.73
22953,10195.84
22954,5287.9
22955,5480.82
22956,8515.15
22957,5594.2475
22958,1995.61
22959,7185.96
22960,8467.096666666665
22961,6688.64
22962,7142.165
22963,7330.65
22964,7059.08
22965,5415.67
22966,4229.68
22967,3021.746666666667
22968,6828.56
22969,7258.48
22970,3014.53
22971,7836.38
22972,6619.49
22973,4407.953000000001
22974,6450.091166666667
22975,4667.59
22976,7528.979166666666
22977,3939.09
22978,4214.275
22979,4199.308238095238
22980,3658.84
22981,6840.26
22982,5814.205
22983,6717.93
22984,6060.802809523809
22985,4067.43
22986,5175.28
22987,5653.738880952383
22988,7485.28
22989,3024.58
22990,2757.72
22991,8548.32
22992,4605.841666666667
22993,3954.18
22994,6653.049642857143
22995,6888.28
22996,5590.78
22997,4382.08
22998,1860.4349999999995
22999,5314.68
23000,5468.6184523809525
23001,4054.2834523809524
23002,7415.149833333333
23003,6477.76
23004,3533.3
23005,5683.43
23006,2802.08
23007,1353.9375
23008,4843.517333333333
23009,8569.12
23010,5351.596500000001
23011,4231.383333333333
23012,3221.83
23013,4638.93
23014,8130.87
23015,4989.536166666667
23016,8148.73
23017,4267.3881666666675
23018,5657.6
23019,3302.63
23020,5350.969666666667
23021,3239.39
23022,2567.43
23023,4069.85
23024,3614.95
23025,6936.77
23026,4414.08
23027,3836.99
23028,4995.608333333334
23029,7474.77
23030,5178.36
23031,3766.56
23032,9736.4
23033,7953.98
23034,6078.34
23035,1952.621
23036,5158.126809523807
23037,4896.88
23038,3224.9835714285705
23039,7555.123333333333
23040,8431.55
23041,6001.088809523811
23042,6182.45
23043,5614.85
23044,7886.22
23045,10207.56
23046,2517.7965000000004
23047,3847.74
23048,4410.754166666667
23049,5450.032928571429
23050,5578.17
23051,9302.48
23052,6741.74
23053,6043.64
23054,2205.431904761905
23055,5929.130714285714
23056,6620.52
23057,2921.0494761904756
23058,5871.06
23059,3125.47
23060,6827.02
23061,5476.37
23062,4901.779833333333
23063,5781.16
23064,3700.5536904761907
23065,2647.48
23066,6820.23
23067,4499.593809523809
23068,8854.69
23069,5196.848785714285
23070,6128.600285714285
23071,5522.23
23072,3489.1425000000004
23073,7002.361666666668
23074,2591.66
23075,9192.623
23076,5119.62
23077,3643.4398333333334
23078,6485.53
23079,4883.72
23080,3284.417190476191
23081,5318.453428571429
23082,2731.6793333333335
23083,2991.08
23084,4209.435166666666
23085,5460.4525
23086,7966.23
23087,4733.21
23088,4613.26
23089,4110.68
23090,5972.46
23091,3065.51
23092,10091.06
23093,6640.926666666667
23094,11377.92
23095,5109.82
23096,4096.8855
23097,13718.9
23098,7223.4
23099,2986.1995
23100,8841.39
23101,6792.24
23102,5464.1
23103,5750.8
23104,4238.15
23105,3019.945
23106,4961.03
23107,3667.49
23108,2673.22
23109,7849.46
23110,5607.700476190475
23111,21368.612
23112,5699.384166666668
23113,4643.61
23114,8220.05
23115,10665.6
23116,6028.9475
23117,7493.35
23118,5739.81
23119,8201.28
23120,7718.075
23121,6007.35
23122,6035.71
23123,7599.99
23124,7525.05
23125,7349.28
23126,8963.56
23127,6134.06
23128,5714.92
23129,5691.43
23130,11104.42
23131,11208.97
23132,9022.29
23133,7362.33
23134,4790.66
23135,6866.7
23136,4425.97
23137,8833.61
23138,11178.57
23139,10826.32
23140,6701.01
23141,5392.26
23142,5318.66
23143,5896.4
23144,10950.63
23145,7447.44
23146,5541.21
23147,6638.25
23148,7649.57
23149,4245.45
23150,7843.57
23151,4549.83
23152,8630.93
23153,8883.75
23154,6188.02
23155,7688.18
23156,8290.77
23157,5327.77
23158,6534.52
23159,7864.22
23160,11109.67
23161,6253.89
23162,8050.43
23163,7701.605
23164,9330.08
23165,6381.47
23166,10114.51
23167,5652.28
23168,5134.46
23169,5972.095
23170,6782.83
23171,11369.34
23172,8125.04
23173,5443.8
23174,6936.87
23175,7391.76
23176,10203.98
23177,4290.44
23178,13460.693333333335
23179,5328.25
23180,6691.76
23181,9185.3
23182,5861.44
23183,6093.134
23184,7583.138000000001
23185,7426.5
23186,5690.76
23187,6750.06
23188,8065.75
23189,8943.69
23190,8381.63
23191,4408.51
23192,7706.89
23193,14255.78
23194,6908.33
23195,5172.52
23196,7573.97
23197,6262.14
23198,7236.28
23199,9407.74
23200,4363.1
23201,8683.01
23202,5929.18
23203,7231.99
23204,8363.71
23205,5458.59
23206,6842.453333333333
23207,6246.06
23208,7663.73
23209,11048.14
23210,4317.64
23211,4600.93
23212,5649.55
23213,5931.08
23214,7495.54
23215,8979.76
23216,7772.54
23217,7498.45
23218,5263.19
23219,4710.64
23220,6472.47
23221,9089.69
23222,9287.34
23223,9051.96
23224,8358.56
23225,6835.32
23226,10061.72
23227,5505.89
23228,7726.83
23229,8618.68
23230,7290.59
23231,10663.76
23232,8687.376666666667
23233,9777.96
23234,6532.8
23235,8327.58
23236,8506.83
23237,6482.64
23238,4815.68
23239,5842.84
23240,8033.34
23241,7100.35
23242,5378.4425
23243,9315.86
23244,5968.54
23245,6852.84
23246,5932.820833333332
23247,5181.626666666667
23248,6900.283333333333
23249,7264.86
23250,8033.42
23251,5749.07
23252,5411.81
23253,6430.523
23254,4222.11
23255,7785.381666666667
23256,5235.46
23257,9289.05
23258,7277.71
23259,6752.24
23260,12377.99
23261,5188.08
23262,5388.45
23263,11290.46
23264,7664.45
23265,8655.53
23266,8825.37
23267,5755.97
23268,6090.88
23269,6328.95
23270,7445.65
23271,10981.21
23272,7002.7
23273,3900.93
23274,5344.53
23275,9249.3
23276,10135.5
23277,7155.45
23278,7468.67
23279,4776.07
23280,5889.22
23281,3538.86
23282,5154.56
23283,6818.12
23284,7065.41
23285,6257.09
23286,10041.13
23287,8707.93
23288,9423.26
23289,7944.94
23290,6273.22
23291,8790.586666666666
23292,11022.27
23293,6359.99
23294,8401.06
23295,5760.92
23296,7309.72
23297,4401.06
23298,8435.9
23299,6151.91
23300,8073.08
23301,7594.54
23302,9410.49
23303,8482.2
23304,6236.27
23305,8826.15
23306,18684.19
23307,11107.44
23308,5634.01
23309,3456.55
23310,7062.44
23311,10369.85
23312,7056.89
23313,11077.2
23314,20327.4
23315,4488.4
23316,4983.4
23317,8902.53
23318,5507.66
23319,9909.91
23320,6906.57
23321,7467.01
23322,3846.43
23323,7053.77
23324,7952.03
23325,7629.24
23326,7993.78
23327,6525.06
23328,7283.53
23329,6248.0
23330,5497.13
23331,5336.43
23332,9582.86
23333,6521.69
23334,5943.5
23335,8097.85
23336,5657.05
23337,5563.98
23338,7594.15
23339,6969.24
23340,10387.87
23341,8434.3
23342,8203.2
23343,6324.005833333333
23344,4143.01
23345,6615.91
23346,6530.95
23347,6081.67
23348,4937.2
23349,8895.23
23350,7571.77
23351,10705.704
23352,6871.93
23353,6212.34
23354,5796.64
23355,5098.02
23356,10515.27
23357,6619.59
23358,8893.76
23359,14606.37
23360,7992.25
23361,7102.03
23362,5333.02
23363,5131.07
23364,8473.5
23365,4844.02
23366,5158.19
23367,11154.88
23368,6043.27
23369,14886.03
23370,13052.88
23371,5408.29
23372,7482.8525
23373,6323.01
23374,7188.37
23375,6642.11
23376,12193.48
23377,8215.71
23378,9153.93
23379,5098.6
23380,6700.19
23381,5550.16
23382,9783.63
23383,7385.17
23384,7405.43
23385,7491.291666666668
23386,5074.16
23387,9461.27
23388,9854.96
23389,6262.86
23390,11855.78
23391,6408.25
23392,8541.27
23393,5295.58
23394,6312.72
23395,5653.54
23396,11586.97
23397,7190.77
23398,8877.23
23399,7428.99
23400,9859.65
23401,4443.88
23402,10146.4
23403,6567.05
23404,4218.3475
23405,14966.41
23406,16517.92
23407,9094.37
23408,8358.48
23409,9008.25
23410,9997.96
23411,10555.93
23412,6711.92
23413,8094.01
23414,6369.56
23415,8528.89
23416,4165.13
23417,5427.83
23418,6529.91
23419,6116.92
23420,7744.9
23421,4740.906666666667
23422,5010.58
23423,6964.76
23424,5034.99
23425,4447.73
23426,6112.56
23427,7201.53
23428,9358.97
23429,8873.62
23430,7588.91
23431,5909.975
23432,7444.94
23433,10867.12
23434,8206.42
23435,6762.56
23436,4819.04
23437,10616.54
23438,5211.315833333333
23439,6742.896666666667
23440,3247.12
23441,4798.91
23442,9431.24
23443,6735.56
23444,7008.74
23445,10333.89
23446,9688.32
23447,11464.9
23448,7696.6
23449,12117.99
23450,3035.3
23451,6105.33
23452,7211.476666666667
23453,4715.01
23454,8521.4
23455,6190.41
23456,5629.48
23457,9559.23
23458,10550.225
23459,8010.43
23460,5691.9
23461,6334.81
23462,10867.863333333335
23463,8677.59
23464,5560.2
23465,5540.92
23466,7054.375
23467,11204.58
23468,4931.95
23469,5652.32
23470,8457.01
23471,9633.91
23472,12987.63
23473,6326.94
23474,16425.56
23475,7671.29
23476,6301.18
23477,3626.17
23478,6467.46
23479,6890.03
23480,5191.63
23481,9527.67
23482,5220.89
23483,4726.22
23484,8027.24
23485,4157.89
23486,8803.83
23487,7062.05
23488,9252.14
23489,9007.38
23490,5705.21
23491,9818.65
23492,5777.91
23493,4764.96
23494,6196.4
23495,6028.24
23496,10166.03
23497,5652.98
23498,4323.67
23499,8128.75
23500,9567.06
23501,7416.88
23502,6469.62
23503,8940.61
23504,5715.47
23505,5491.05
23506,7223.06
23507,10901.29
23508,6131.97
23509,6251.19
23510,6376.48
23511,6213.54
23512,4594.55
23513,6245.72
23514,9729.59
23515,8671.28
23516,11511.43
23517,11990.2
23518,9056.8
23519,7241.536666666666
23520,4998.12
23521,11935.79
23522,10275.83
23523,9529.26
23524,9069.76
23525,9935.12
23526,6497.41
23527,4721.36
23528,11709.9
23529,5088.01
23530,7111.83
23531,7110.97
23532,3003.18
23533,12149.09
23534,7038.05
23535,4081.05
23536,5161.24
23537,6162.951428571429
23538,6627.84
23539,8080.27
23540,6912.03
23541,4513.863333333333
23542,6275.88
23543,4153.425
23544,3785.44
23545,7523.71
23546,16635.71
23547,5399.18
23548,5772.423333333332
23549,7212.68
23550,5505.221666666667
23551,5850.41
23552,5102.527
23553,4658.92
23554,9864.83
23555,7647.27
23556,4888.98
23557,8770.26
23558,6673.21
23559,5260.14
23560,9969.41
23561,8185.11
23562,9212.34
23563,5436.21
23564,7203.8133333333335
23565,5049.662
23566,5942.36
23567,15177.17
23568,12214.5
23569,7606.02
23570,5401.346666666667
23571,5033.14
23572,6373.26
23573,4637.16
23574,9723.48
23575,5268.64
23576,5891.24
23577,8252.29
23578,5344.71
23579,6810.08
23580,7341.5
23581,9538.2
23582,7962.41
23583,9733.41
23584,5957.66
23585,9055.63
23586,9003.95
23587,8980.92
23588,6782.72
23589,4955.61
23590,7587.0
23591,6471.87
23592,5472.828333333333
23593,7558.51
23594,7760.72
23595,6908.78
23596,5980.55
23597,5972.33
23598,9105.09
23599,5890.53
23600,7157.81
23601,7906.96
23602,6862.11
23603,9543.38
23604,6974.18
23605,5461.71
23606,11826.63
23607,6180.6
23608,3629.52
23609,8649.51
23610,11852.1
23611,9934.28
23612,5598.32
23613,6927.02
23614,6485.28
23615,7861.43
23616,6539.81
23617,9449.02
23618,3811.26
23619,6726.3
23620,7124.22
23621,5894.29
23622,5455.36
23623,7012.64
23624,8316.3
23625,6081.86
23626,8367.39
23627,7305.59
23628,8911.95
23629,5667.01
23630,7481.15
23631,6602.64
23632,7830.95
23633,9332.97
23634,5121.03
23635,7586.97
23636,8321.16
23637,7371.31
23638,5013.17
23639,3792.745
23640,7930.63
23641,6822.15
23642,9109.28
23643,7939.57
23644,5532.468333333334
23645,9244.91
23646,6647.15
23647,6970.56
23648,8298.36
23649,6526.86
23650,8803.1525
23651,12042.61
23652,7745.93
23653,4486.256666666667
23654,6971.04
23655,5369.07
23656,3675.18
23657,8835.06
23658,6535.93
23659,9524.43
23660,5897.4
23661,9517.12
23662,7137.18
23663,10763.5
23664,5789.49
23665,6726.41
23666,6359.78
23667,7774.24
23668,6098.16
23669,7384.78
23670,8667.65
23671,9921.32
23672,7728.18
23673,6994.88
23674,6577.35
23675,4832.31
23676,5507.3675
23677,11670.2
23678,9169.8
23679,8808.6
23680,15234.81
23681,6407.04
23682,5668.63
23683,6385.32
23684,9737.93
23685,11904.5
23686,7471.84
23687,6999.56
23688,8208.27
23689,7928.89
23690,7064.92
23691,6562.44
23692,5540.89
23693,7091.02
23694,3819.43
23695,5713.17
23696,9706.82
23697,16849.39
23698,5905.45
23699,4838.43
23700,7997.34
23701,3818.76
23702,6882.13
23703,4238.74
23704,8854.54
23705,6254.71
23706,7605.36
23707,14186.72
23708,11757.585
23709,7471.26
23710,8143.58
23711,3566.663333333333
23712,5648.94
23713,5985.19
23714,10152.25
23715,5053.56
23716,4757.41
23717,9021.22
23718,8489.34
23719,8546.51
23720,7992.08
23721,3439.42
23722,7286.05
23723,8100.65
23724,8574.54
23725,5325.03
23726,4924.5
23727,8169.75
23728,5265.06
23729,10213.85
23730,4800.19
23731,5379.78
23732,6931.2
23733,7356.35
23734,4900.02
23735,7595.91
23736,7735.06
23737,10013.71
23738,10526.08
23739,6333.29
23740,4018.19
23741,5859.72
23742,7330.11
23743,4944.3
23744,6232.38
23745,6333.72
23746,12655.87
23747,8213.63
23748,6915.59
23749,7320.368
23750,4990.09
23751,9554.87
23752,5630.0
23753,12751.55
23754,6838.87
23755,5513.37
23756,6423.6
23757,4277.01
23758,7342.34
23759,25994.77
23760,4851.23
23761,5341.15
23762,11256.04
23763,7198.02
23764,6615.54
23765,8095.85
23766,6871.55
23767,5523.35
23768,4334.75
23769,9031.49
23770,5928.04
23771,7326.54
23772,7712.8
23773,5631.09
23774,7078.79
23775,7241.43
23776,3679.73
23777,8689.8
23778,10665.98
23779,4288.09
23780,7961.74
23781,7265.685
23782,6006.49
23783,9525.27
23784,6611.955
23785,9308.09
23786,4574.49
23787,5453.07
23788,6544.29
23789,4087.75
23790,7506.65
23791,4915.81
23792,6766.85
23793,5129.22
23794,5842.93
23795,6383.82
23796,7074.0
23797,6884.35
23798,8870.38
23799,6369.12
23800,7678.23
23801,6600.25
23802,9738.9
23803,9327.65
23804,7750.36
23805,3778.54
23806,6525.22
23807,7694.26
23808,5553.72
23809,13273.56
23810,6754.62
23811,7108.69
23812,10362.78
23813,6513.72
23814,4958.02
23815,12524.84
23816,10855.615
23817,6072.24
23818,8533.01
23819,10655.72
23820,7802.31
23821,5868.67
23822,7374.99
23823,6963.07
23824,7423.61
23825,8106.82
23826,5202.36
23827,7374.87
23828,8390.96
23829,6175.03
23830,8289.565
23831,5906.02
23832,6528.26
23833,4716.53
23834,8142.0
23835,7772.19
23836,6730.45
23837,6573.04
23838,6821.58
23839,10395.43
23840,6606.98
23841,5590.09
23842,6679.473333333332
23843,7206.775
23844,7481.6641666666665
23845,4828.02
23846,3868.95
23847,8031.09
23848,5991.14
23849,5969.88
23850,8431.9
23851,8029.98
23852,6969.78
23853,5865.46
23854,4157.27
23855,7137.33
23856,7112.93
23857,7401.96
23858,9422.943333333335
23859,9018.45
23860,5010.77
23861,8844.91
23862,3835.03
23863,2919.32
23864,7766.58
23865,12574.32
23866,8347.636666666665
23867,7714.98
23868,5586.7
23869,7703.67
23870,9422.1
23871,5425.9
23872,8151.31
23873,6359.61
23874,4707.8
23875,5540.9
23876,6045.72
23877,6127.44
23878,6150.06
23879,5368.46
23880,3965.92
23881,7694.73
23882,8146.71
23883,6403.25
23884,6365.53
23885,7709.32
23886,6011.64
23887,5794.75
23888,9538.11
23889,9201.53
23890,7502.99
23891,4368.41
23892,14660.62
23893,6831.09
23894,5745.98
23895,9960.83
23896,8297.9
23897,7508.62
23898,6485.39
23899,6048.5
23900,8357.24
23901,16233.86
23902,6008.66
23903,4862.69
23904,5706.164666666667
23905,6710.9
23906,6914.85
23907,8895.91
23908,9642.82
23909,6584.37
23910,4312.0
23911,6787.85
23912,9261.6
23913,5178.78
23914,7658.62
23915,5089.43
23916,8204.95
23917,7901.99
23918,7624.59
23919,8397.93
23920,7125.4
23921,3602.85
23922,7422.02
23923,8652.71
23924,8375.11
23925,7531.17
23926,7211.11
23927,6485.45
23928,4428.08
23929,9815.85
23930,5564.38
23931,10886.68
23932,7383.36
23933,4665.58
23934,6860.55
23935,6001.52
23936,7222.15
23937,7141.04
23938,4028.21
23939,5176.44
23940,7331.84
23941,8821.56
23942,9893.29
23943,5520.175
23944,5545.618333333334
23945,6337.55
23946,6434.4
23947,6186.98
23948,8522.58
23949,10049.64
23950,13518.99
23951,5370.82
23952,6197.82
23953,8807.68
23954,8364.12
23955,6356.546666666667
23956,10691.9
23957,7511.03
23958,5484.34
23959,6732.74
23960,5425.23
23961,5239.02
23962,6906.85
23963,6258.43
23964,5507.68
23965,9763.61
23966,7667.58
23967,22084.021666666664
23968,6564.581999999999
23969,4528.84
23970,8853.93
23971,10542.94
23972,7287.284285714286
23973,7131.49
23974,5796.1
23975,8302.75
23976,8449.43
23977,5544.0
23978,6083.7
23979,7333.46
23980,7366.47
23981,7312.5
23982,9245.42
23983,5925.12
23984,5048.02
23985,5822.0
23986,10168.11
23987,11640.94
23988,9224.27
23989,7198.65
23990,5693.52
23991,6424.6
23992,4099.79
23993,8705.77
23994,11131.55
23995,10248.98
23996,6362.51
23997,5442.42
23998,5530.106333333334
23999,5571.23
24000,10800.65
24001,7380.43
24002,5477.77
24003,6345.91
24004,7936.8
24005,3793.57
24006,7626.71
24007,4602.87
24008,7637.81
24009,8296.6
24010,5846.04
24011,7695.51
24012,7825.4
24013,5224.35
24014,6549.29
24015,7377.69
24016,10798.79
24017,5919.94
24018,8224.83
24019,8207.51
24020,9576.55
24021,6318.315
24022,9822.95
24023,5327.49
24024,5360.54
24025,6359.56
24026,6657.03
24027,10038.96
24028,7901.09
24029,5304.66
24030,7203.29
24031,7022.7
24032,10105.01
24033,3846.65
24034,14121.04
24035,5338.16
24036,6238.55
24037,8948.22
24038,6210.62
24039,6039.39
24040,6310.28
24041,7525.55
24042,5722.24
24043,6163.8
24044,7154.69
24045,8473.2
24046,7870.6
24047,4440.11
24048,7347.2
24049,12211.9
24050,6190.97
24051,5852.94
24052,6809.48
24053,5934.69
24054,6564.15
24055,8004.02
24056,4159.56
24057,8707.37
24058,6104.33
24059,7294.73
24060,8956.27
24061,4634.09
24062,6047.81
24063,5717.87
24064,7311.12
24065,9880.01
24066,4233.18
24067,4835.9
24068,5287.3
24069,5649.805
24070,7025.68
24071,8279.34
24072,7420.58
24073,7575.64
24074,5289.73
24075,4886.54
24076,6543.17
24077,9238.28
24078,8771.81
24079,8529.48
24080,8195.98
24081,6746.16
24082,9473.73
24083,5648.95
24084,8145.4
24085,8789.18
24086,6562.04
24087,10782.46
24088,8369.33
24089,8987.47
24090,6195.29
24091,8214.84
24092,8144.24
24093,5936.69
24094,4348.99
24095,5635.28
24096,7346.67
24097,6640.45
24098,5131.06
24099,8554.61
24100,6055.46
24101,5596.3
24102,5649.35
24103,5506.49
24104,7629.46
24105,7389.68
24106,7707.89
24107,5419.33
24108,4989.1
24109,6519.84
24110,4083.54
24111,6758.895
24112,4997.45
24113,9201.66
24114,7218.95
24115,6655.63
24116,10571.21
24117,5745.25
24118,4904.19
24119,10857.09
24120,6756.53
24121,8572.67
24122,8470.3
24123,5927.07
24124,6059.65
24125,5498.99
24126,8232.1
24127,11582.635
24128,7620.05
24129,3729.18
24130,5167.28
24131,8747.83
24132,9627.14
24133,6456.27
24134,7415.42
24135,4789.8
24136,5448.41
24137,3560.28
24138,5246.31
24139,6523.62
24140,7179.49
24141,6553.6
24142,10954.39
24143,7331.13
24144,9347.33
24145,7583.32
24146,5700.29
24147,8541.216666666667
24148,10335.85
24149,6635.56
24150,7953.33
24151,5696.03
24152,6348.26
24153,4362.98
24154,8644.0
24155,5769.17
24156,7912.52
24157,7491.43
24158,9244.69
24159,8724.69
24160,5994.35
24161,8539.55
24162,18640.36
24163,10637.57
24164,5557.82
24165,3093.84
24166,6777.81
24167,11188.99
24168,6187.7
24169,11104.67
24170,20102.45
24171,4092.49
24172,4911.38
24173,10201.68
24174,5633.18
24175,9488.03
24176,7383.3
24177,7438.86
24178,3081.7233333333334
24179,6427.27
24180,6713.88
24181,7603.2
24182,8070.68
24183,6141.78
24184,6804.18
24185,6234.16
24186,5434.89
24187,4529.32
24188,8896.7
24189,6767.54
24190,5496.33
24191,7933.96
24192,5807.54
24193,5894.88
24194,7366.58
24195,6948.25
24196,9538.39
24197,8448.68
24198,7659.75
24199,6007.4875
24200,3763.21
24201,6623.68
24202,7014.26
24203,6183.12
24204,4476.44
24205,8498.95
24206,8275.88
24207,10767.24
24208,6489.53
24209,6312.17
24210,5607.09
24211,4960.84
24212,9826.67
24213,5245.74
24214,8469.31
24215,15486.64
24216,7729.51
24217,8771.68
24218,5010.31
24219,4896.69
24220,8284.77
24221,4844.26
24222,5490.69
24223,11663.97
24224,5954.46
24225,15744.02
24226,15162.81
24227,4568.23
24228,7324.05
24229,7320.39
24230,6943.85
24231,6213.67
24232,11841.23
24233,7816.03
24234,9999.16
24235,4767.72
24236,6860.18
24237,5349.91
24238,9849.18
24239,6612.18
24240,6890.04
24241,7202.115
24242,5105.98
24243,8767.48
24244,10289.84
24245,5722.21
24246,11397.39
24247,6822.64
24248,9363.12
24249,5396.37
24250,5562.43
24251,5648.29
24252,10941.76
24253,6766.89
24254,9354.91
24255,7160.89
24256,9573.0
24257,4343.57
24258,9858.19
24259,6684.24
24260,3871.26
24261,14009.61
24262,16672.57
24263,8115.63
24264,7771.35
24265,9696.98
24266,10299.19
24267,10888.16
24268,5728.2
24269,7227.99
24270,6067.03
24271,8164.86
24272,4038.8
24273,5614.61
24274,5672.795999999999
24275,5978.38
24276,7868.79
24277,4901.06
24278,4865.31
24279,6669.48
24280,4709.13
24281,4466.52
24282,5852.5
24283,6887.68
24284,9131.44
24285,8524.24
24286,7044.62
24287,6258.4025
24288,6701.65
24289,12072.37
24290,8082.67
24291,5993.19
24292,4491.26
24293,10153.21
24294,4700.95
24295,6893.29
24296,3349.36
24297,5052.02
24298,8843.15
24299,6292.99
24300,6123.49
24301,9912.38
24302,9728.78
24303,12054.03
24304,8519.48
24305,10693.23
24306,3138.913333333334
24307,5365.02
24308,6028.23
24309,4747.28
24310,7549.2
24311,5775.65
24312,5559.81
24313,9603.67
24314,10709.3
24315,10241.06
24316,5466.57
24317,6414.79
24318,11824.576000000001
24319,8092.49
24320,6076.24
24321,5056.94
24322,6068.345
24323,10742.24
24324,4529.88
24325,6156.65
24326,8390.79
24327,8500.96
24328,14695.95
24329,5805.17
24330,15183.6
24331,6535.12
24332,6065.29
24333,4146.93
24334,6403.33
24335,6233.43
24336,5154.48
24337,8172.09
24338,4584.08
24339,4649.22
24340,7843.64
24341,3871.8
24342,8229.71
24343,6827.58
24344,8790.16
24345,8041.99
24346,5234.54
24347,9392.95
24348,5688.97
24349,4887.38
24350,5480.3
24351,5943.03
24352,10266.49
24353,5810.59
24354,4510.03
24355,7512.8
24356,9227.26
24357,6847.6
24358,6520.03
24359,9015.52
24360,5467.23
24361,4933.73
24362,6714.76
24363,8292.3
24364,6922.41
24365,6433.18
24366,5575.03
24367,5967.89
24368,4480.05
24369,5999.6
24370,8938.89
24371,9433.58
24372,10995.24
24373,11996.1
24374,8361.47
24375,7317.9
24376,5364.4
24377,11798.35
24378,9309.29
24379,8271.46
24380,9362.07
24381,9121.97
24382,6292.8
24383,4963.16
24384,10977.48
24385,4857.45
24386,7222.95
24387,6603.45
24388,3124.08
24389,12531.86
24390,6489.32
24391,4245.08
24392,4378.57
24393,5458.41
24394,6477.4
24395,8472.6
24396,6504.33
24397,4818.964
24398,6062.17
24399,4355.74
24400,3704.33
24401,7012.41
24402,16363.46
24403,5544.23
24404,5853.9475
24405,7233.05
24406,4967.735
24407,5887.71
24408,4411.24
24409,4623.82
24410,8681.25
24411,7611.71
24412,4595.9
24413,8384.17
24414,5869.31
24415,4841.25
24416,9824.64
24417,8278.52
24418,10496.78
24419,5663.12
24420,7567.4
24421,4775.37
24422,5566.63
24423,15962.28
24424,10687.78
24425,7232.56
24426,5382.72
24427,4846.01
24428,5138.37
24429,5505.15
24430,12215.53
24431,5252.2
24432,6071.77
24433,7552.03
24434,4840.01
24435,6889.38
24436,7576.12
24437,8824.6
24438,7270.05
24439,9548.31
24440,5567.27
24441,7560.79
24442,9134.89
24443,8830.22
24444,6465.01
24445,5289.58
24446,6529.71
24447,6660.47
24448,4789.473333333333
24449,7257.78
24450,7658.11
24451,6225.91
24452,5839.92
24453,5796.05
24454,7175.08
24455,5647.95
24456,7097.17
24457,7163.2
24458,6354.99
24459,8945.12
24460,6034.19
24461,5220.45
24462,11900.035
24463,7027.82
24464,3783.53
24465,8212.31
24466,10819.61
24467,11168.05
24468,5384.15
24469,6445.27
24470,6173.15
24471,7354.8
24472,6479.15
24473,9363.56
24474,3647.55
24475,6687.64
24476,6991.338000000001
24477,6303.59
24478,5329.37
24479,6673.29
24480,7861.4875
24481,5869.99
24482,8525.02
24483,6801.41
24484,9019.97
24485,5307.36
24486,6858.0
24487,6586.13
24488,7759.62
24489,8531.92
24490,5082.13
24491,7448.8
24492,8148.11
24493,7681.13
24494,4902.75
24495,4059.114
24496,7138.42
24497,6461.84
24498,8229.614285714286
24499,7590.77
24500,6055.13
24501,9340.32
24502,7320.38
24503,6883.66
24504,7907.09
24505,5932.14
24506,9060.88
24507,10476.99
24508,7593.45
24509,4502.53
24510,6557.57
24511,5003.83
24512,3754.65
24513,8895.4
24514,5937.37
24515,8855.62
24516,5483.01
24517,8926.38
24518,6863.65
24519,10876.773333333334
24520,4855.66
24521,6170.13
24522,6572.53
24523,7488.93
24524,5827.64
24525,7618.92
24526,8245.34
24527,10176.54
24528,7680.0
24529,6987.095
24530,6009.89
24531,4743.85
24532,5207.63
24533,10823.62
24534,9409.53
24535,8847.69
24536,14593.79
24537,6403.93
24538,5350.27
24539,6825.14
24540,9317.38
24541,11291.64
24542,6747.24
24543,7158.4
24544,7736.19
24545,7881.05
24546,6953.49
24547,5895.02
24548,5398.1
24549,6238.97
24550,4315.72
24551,5868.21
24552,9498.7
24553,17369.1
24554,6086.34
24555,5301.48
24556,7913.3
24557,3961.64
24558,7160.92
24559,4163.01
24560,9132.68
24561,5814.09
24562,6996.92
24563,14423.29
24564,9827.46
24565,7339.59
24566,7516.25
24567,3576.96
24568,5471.225833333334
24569,5792.38
24570,9642.87
24571,5003.73
24572,4569.57
24573,8857.47
24574,8137.08
24575,8265.18
24576,8102.42
24577,3378.0
24578,6637.79
24579,7947.16
24580,8612.29
24581,5089.06
24582,4607.4
24583,8505.18
24584,4913.56
24585,9573.13
24586,4974.41
24587,5306.78
24588,7079.11
24589,6622.34
24590,4245.22
24591,6643.75
24592,7323.83
24593,9536.13
24594,10132.21
24595,6087.65
24596,4263.25
24597,5593.24
24598,6973.45
24599,4955.32
24600,6873.16
24601,5994.63
24602,11802.0
24603,8434.59
24604,6619.73
24605,7747.88
24606,4823.46
24607,9632.58
24608,6100.92
24609,14203.04
24610,5946.2919999999995
24611,5209.4
24612,5942.65
24613,3954.86
24614,7497.82
24615,21357.76
24616,4554.94
24617,4881.29
24618,10650.5
24619,6966.22
24620,6623.04
24621,7852.31
24622,7130.4
24623,4988.1
24624,4822.01
24625,8827.66
24626,5588.37
24627,7556.65
24628,7460.61
24629,5346.31
24630,6823.56
24631,6753.36
24632,3526.0
24633,8388.92
24634,9802.75
24635,4224.89
24636,7357.553333333332
24637,6917.896666666667
24638,5582.72
24639,8695.71
24640,6044.066666666667
24641,9175.66
24642,4404.18
24643,5068.39
24644,7029.763333333332
24645,4077.84
24646,6958.89
24647,5158.95
24648,6366.38
24649,5245.36
24650,5164.56
24651,6577.75
24652,7304.38
24653,6753.69
24654,7956.53
24655,5727.17
24656,7996.66
24657,6562.28
24658,9145.62
24659,8507.48
24660,7577.89
24661,3412.17
24662,6066.59
24663,7602.76
24664,4476.86
24665,11194.95
24666,6598.68
24667,7220.42
24668,10321.08
24669,6968.94
24670,4917.55
24671,11370.77
24672,10547.926666666664
24673,6116.43
24674,8885.66
24675,11334.31
24676,6281.11
24677,5803.66
24678,7205.71
24679,6121.1
24680,6937.41
24681,7619.73
24682,5073.14
24683,6594.49
24684,7648.16
24685,6390.92
24686,8564.59
24687,5763.19
24688,6969.005
24689,5032.88
24690,7517.85
24691,7122.15
24692,6800.64
24693,6591.62
24694,7034.73
24695,9828.72
24696,5758.19
24697,5820.92
24698,6369.78
24699,7292.87
24700,7884.753333333334
24701,4628.8
24702,3897.98
24703,7700.0
24704,5922.48
24705,5722.22
24706,8717.19
24707,7304.89
24708,6991.73
24709,5901.47
24710,4180.72
24711,6665.52
24712,6518.63
24713,6166.7
24714,9764.73
24715,9246.4
24716,4734.22
24717,9319.92
24718,3979.43
24719,3380.39
24720,7762.44
24721,12292.81
24722,8839.59
24723,7294.55
24724,5595.7
24725,7346.33
24726,9198.07
24727,5599.16
24728,8168.27
24729,6208.32
24730,5197.91
24731,5207.89
24732,5557.68
24733,5996.04
24734,5262.2
24735,5270.86
24736,3813.73
24737,7529.08
24738,7979.21
24739,5541.74
24740,6699.345
24741,7395.56
24742,6029.71
24743,5601.26
24744,9116.7
24745,9064.0
24746,7237.99
24747,4097.19
24748,13773.63
24749,6801.69
24750,5109.55
24751,9871.28
24752,8177.51
24753,8193.83
24754,6328.02
24755,6103.98
24756,7013.74
24757,15889.0
24758,4939.77
24759,5107.8
24760,4779.19
24761,7519.0375
24762,6021.44
24763,8602.83
24764,9547.79
24765,6253.82
24766,4060.9566666666665
24767,6702.39
24768,10292.85
24769,4449.19
24770,7472.96
24771,4471.53
24772,7876.96
24773,7911.38
24774,7617.04
24775,8511.01
24776,6686.63
24777,3048.01
24778,6957.82
24779,7029.58
24780,8211.06
24781,7522.18
24782,7225.53
24783,7212.07
24784,4512.1
24785,9804.535
24786,4655.14
24787,10481.87
24788,6789.87
24789,4212.81
24790,7259.43
24791,6685.82
24792,7063.71
24793,7249.73
24794,4159.48
24795,4890.33
24796,7311.91
24797,8977.54
24798,9333.64
24799,4983.0
24800,6270.83
24801,6496.56
24802,6368.24
24803,6222.55
24804,9422.99
24805,8582.12
24806,12881.9
24807,4954.05
24808,5649.37
24809,8624.78
24810,8847.74
24811,5663.4
24812,10691.43
24813,6734.14
24814,5347.99
24815,6163.59
24816,5290.33
24817,5060.4
24818,6568.43
24819,5717.63
24820,5483.36
24821,9642.27
24822,7812.79
24823,22053.67
24824,7230.45
24825,4786.42
24826,8650.6
24827,10278.42
24828,6328.82
24829,7702.08
24830,5515.8
24831,9133.52
24832,8809.183333333334
24833,6106.17
24834,6155.45
24835,7439.92
24836,7698.71
24837,7649.515
24838,8918.56
24839,6068.97
24840,4990.69
24841,5727.93
24842,10952.63
24843,11643.44
24844,10334.19
24845,8025.03
24846,5101.37
24847,6360.64
24848,4789.21
24849,9365.28
24850,11425.78
24851,10369.47
24852,6812.46
24853,5650.96
24854,5486.72
24855,5834.19
24856,12397.67
24857,7684.03
24858,5353.34
24859,6458.09
24860,8671.37
24861,3776.45
24862,7814.88
24863,4490.07
24864,7014.73
24865,8169.82
24866,6021.01
24867,7505.06
24868,7493.71
24869,5475.5
24870,6880.12
24871,7492.97
24872,11257.896666666666
24873,5844.78
24874,8845.66
24875,8398.35
24876,10311.09
24877,6457.45
24878,10005.42
24879,5278.47
24880,5304.17
24881,7378.51
24882,6555.24
24883,9920.03
24884,7897.18
24885,5473.13
24886,7138.93
24887,7030.18
24888,9865.75
24889,4423.17
24890,15955.27
24891,5569.04
24892,6140.67
24893,9718.69
24894,6137.84
24895,6498.95
24896,6656.51
24897,7413.37
24898,5638.67
24899,6251.66
24900,7676.26
24901,8835.26
24902,8478.67
24903,4469.48
24904,7276.79
24905,11925.85
24906,6266.08
24907,5608.29
24908,6942.79
24909,5960.21
24910,6509.26
24911,8073.09
24912,4520.75
24913,9025.46
24914,6488.87
24915,7586.22
24916,9502.11
24917,4836.58
24918,6171.2
24919,5769.78
24920,7850.87
24921,10053.93
24922,5139.57
24923,4764.18
24924,5298.15
24925,5850.536666666666
24926,7050.48
24927,8307.42
24928,7266.94
24929,7971.14
24930,5396.03
24931,5222.55
24932,6663.71
24933,8969.71
24934,9596.53
24935,8522.13
24936,9483.66
24937,6571.56
24938,9736.48
24939,7345.96
24940,8823.4
24941,8858.13
24942,6698.96
24943,11241.54
24944,8596.46
24945,8924.14
24946,6391.99
24947,8463.08
24948,8298.62
24949,6266.05
24950,4461.02
24951,5518.59
24952,8323.04
24953,6777.88
24954,5280.49
24955,9151.95
24956,6345.42
24957,5739.15
24958,5643.585
24959,5658.96
24960,8216.545
24961,7627.91
24962,7593.73
24963,5196.81
24964,5107.93
24965,7595.1
24966,4091.0
24967,6401.8
24968,5421.385
24969,9491.62
24970,7137.78
24971,6761.31
24972,10736.68
24973,7509.12
24974,4736.87
24975,11575.505
24976,7149.365
24977,8331.62
24978,8694.62
24979,5248.51
24980,6281.76
24981,5753.36
24982,8000.125
24983,12316.26
24984,7471.86
24985,3722.06
24986,6072.13
24987,9472.2
24988,9415.03
24989,7429.76
24990,7613.823333333334
24991,4674.08
24992,5457.27
24993,3506.1
24994,5406.57
24995,6158.79
24996,6785.06
24997,6898.305
24998,13346.33
24999,7744.46
25000,8674.39
25001,7680.87
25002,5662.12
25003,9486.15
25004,12219.893999999998
25005,6222.6
25006,8549.68
25007,6064.506666666667
25008,7361.8
25009,4105.36
25010,8492.04
25011,6240.51
25012,8499.86
25013,7269.4
25014,9280.96
25015,9308.83
25016,5408.98
25017,8740.65
25018,19865.21
25019,11411.58
25020,6606.57
25021,3194.83
25022,6776.24
25023,11174.28
25024,6395.82
25025,11640.436666666665
25026,20102.4
25027,4067.09
25028,5222.14
25029,8656.73
25030,5977.06
25031,11199.85
25032,7115.2
25033,8309.54
25034,3188.58
25035,6844.43
25036,7572.57
25037,7601.08
25038,8735.35
25039,5975.32
25040,6816.43
25041,6605.7
25042,5968.27
25043,5157.18
25044,8811.98
25045,6634.72
25046,5791.28
25047,8589.32
25048,5979.56
25049,6214.96
25050,7794.33
25051,7058.98
25052,9530.97
25053,8560.11
25054,6804.2
25055,6036.38
25056,3781.07
25057,7042.61
25058,7038.49
25059,5843.61
25060,4658.23
25061,9016.79
25062,8097.87
25063,10870.843333333332
25064,7157.14
25065,5992.97
25066,5838.27
25067,5041.76
25068,10322.56
25069,5410.41
25070,8476.75
25071,15022.2
25072,7607.7
25073,7398.31
25074,4368.86
25075,5136.03
25076,8120.1
25077,5275.03
25078,5300.62
25079,11921.05
25080,5779.34
25081,16263.6
25082,15370.04
25083,4779.67
25084,7732.84
25085,6682.59
25086,7293.215999999999
25087,6559.99
25088,11819.85
25089,7624.86
25090,9893.11
25091,5192.95
25092,7538.0
25093,4630.5
25094,9363.98
25095,6973.6
25096,6985.42
25097,6897.3
25098,4703.07
25099,8994.76
25100,10332.42
25101,5614.9
25102,12124.49
25103,6990.39
25104,9866.8
25105,5223.98
25106,6289.77
25107,5601.86
25108,11216.23
25109,6782.19
25110,7898.56
25111,7118.02
25112,9714.96
25113,4106.45
25114,9551.59
25115,6601.44
25116,3906.86
25117,16061.29
25118,16163.245
25119,8501.38
25120,7922.61
25121,9900.61
25122,10779.32
25123,11191.07
25124,5803.72
25125,8294.3
25126,6158.91
25127,8420.28
25128,4335.79
25129,5922.92
25130,6115.7
25131,6029.76
25132,8037.26
25133,5195.28
25134,5062.12
25135,6692.72
25136,4564.3
25137,4547.52
25138,5393.48
25139,8053.61
25140,8835.47
25141,8993.41
25142,7282.44
25143,5610.876666666666
25144,6913.33
25145,12186.84
25146,9251.61
25147,5993.93
25148,4533.03
25149,10194.2
25150,4598.865
25151,7676.14
25152,3296.01
25153,5944.88
25154,8513.5
25155,6697.45
25156,6235.7
25157,9855.55
25158,10648.95
25159,12137.33
25160,7905.22
25161,10471.28
25162,3428.16
25163,5718.2
25164,6371.97
25165,4570.54
25166,8911.995
25167,5970.3
25168,5787.42
25169,9888.38
25170,11260.2
25171,8633.95
25172,5358.56
25173,6146.29
25174,13137.515
25175,9037.33
25176,6428.48
25177,4826.05
25178,6871.38
25179,10159.2
25180,5174.57
25181,6456.09
25182,8457.9
25183,9044.08
25184,14384.43
25185,5888.38
25186,16034.34
25187,6959.94
25188,6351.85
25189,4124.2
25190,6681.58
25191,6263.79
25192,5196.702
25193,7727.61
25194,4769.68
25195,4527.84
25196,7879.49
25197,3832.8
25198,8155.83
25199,6691.11
25200,8812.92
25201,8734.71
25202,5135.92
25203,10095.99
25204,6076.69
25205,5203.57
25206,5321.45
25207,6509.32
25208,10619.84
25209,5696.98
25210,4512.78
25211,8952.6
25212,9444.79
25213,8021.903333333333
25214,6856.6
25215,9482.62
25216,5655.22
25217,4938.4
25218,6720.11
25219,9594.6
25220,6981.526
25221,6326.663333333333
25222,5779.28
25223,6112.13
25224,4531.79
25225,5102.92
25226,8705.69
25227,9504.32
25228,11738.77
25229,12752.85
25230,8191.76
25231,7942.882
25232,5559.585
25233,12087.68
25234,9382.62
25235,8491.3
25236,9320.31
25237,8886.13
25238,6005.15
25239,5173.46
25240,11278.72
25241,5658.69
25242,7385.55
25243,6736.48
25244,3528.46
25245,12703.61
25246,6646.38
25247,5400.59
25248,4457.5
25249,5927.25
25250,6353.39
25251,8874.1
25252,6716.75
25253,4672.81
25254,5957.55
25255,5115.26
25256,3507.5
25257,7003.39
25258,16913.01
25259,5706.71
25260,5922.12
25261,8198.94
25262,5140.165
25263,6191.69
25264,4195.04
25265,4993.92
25266,8193.69
25267,7467.71
25268,4958.84
25269,8705.89
25270,6365.32
25271,4801.94
25272,10145.2
25273,8363.42
25274,10263.4
25275,6134.74
25276,7767.93
25277,4960.785
25278,5391.85
25279,17853.48
25280,10810.73
25281,6863.37
25282,5769.723333333332
25283,4774.21
25284,5085.29
25285,4800.97
25286,10413.23
25287,5361.44
25288,6064.43
25289,7658.62
25290,4967.4
25291,6841.72
25292,7363.22
25293,9230.82
25294,7030.84
25295,9656.58
25296,5818.74
25297,7633.4
25298,9539.76
25299,8968.4
25300,6475.61
25301,4919.89
25302,7204.78
25303,7088.02
25304,4611.29
25305,7185.58
25306,8270.79
25307,6400.41
25308,6101.28
25309,6267.69
25310,7659.44
25311,5496.59
25312,7073.2
25313,7137.19
25314,6319.24
25315,9122.21
25316,6032.78
25317,5242.04
25318,12711.39
25319,7193.22
25320,4171.33
25321,7969.73
25322,10300.87
25323,10786.96
25324,5453.02
25325,6211.46
25326,6708.57
25327,8115.19
25328,6400.3
25329,9274.23
25330,3525.88
25331,7188.45
25332,7169.55
25333,6736.53
25334,5059.03
25335,6869.98
25336,8659.82
25337,6039.62
25338,8873.29
25339,6896.84
25340,8841.07
25341,5227.7
25342,7114.96
25343,6618.42
25344,7002.31
25345,9081.11
25346,4948.18
25347,7579.8
25348,8379.04
25349,7637.28
25350,4661.03
25351,4120.94
25352,7880.55
25353,6744.36
25354,9415.08
25355,7565.82
25356,6500.73
25357,9039.785
25358,7431.09
25359,7446.44
25360,8297.41
25361,5969.22
25362,9221.26
25363,11765.87
25364,8199.856666666667
25365,4821.82
25366,6707.52
25367,5014.93
25368,3620.91
25369,9143.24
25370,5701.29
25371,9306.68
25372,5484.08
25373,8318.11
25374,7074.58
25375,13854.04
25376,4840.0
25377,6590.23
25378,7385.607142857143
25379,7818.4
25380,6081.81
25381,7944.39
25382,8158.2
25383,10386.49
25384,7493.51
25385,7415.14
25386,5908.36
25387,5092.6
25388,4552.31
25389,11766.13
25390,10378.315
25391,9230.48
25392,15665.55
25393,6736.26
25394,5396.58
25395,6888.05
25396,9411.2
25397,11676.22
25398,7240.46
25399,7140.27
25400,8286.06
25401,7773.58
25402,6833.49
25403,5913.37
25404,5441.06
25405,6260.74
25406,4416.11
25407,6350.44
25408,9713.87
25409,18509.233333333334
25410,5815.41
25411,5267.49
25412,8743.29
25413,3461.69
25414,7016.08
25415,3951.68
25416,8833.4
25417,6373.86
25418,6565.72
25419,13927.75
25420,10208.1
25421,7444.64
25422,7331.23
25423,3506.006666666666
25424,5908.36
25425,5868.59
25426,9528.81
25427,5362.14
25428,4450.83
25429,8982.85
25430,7977.93
25431,8311.3
25432,7692.85
25433,3363.98
25434,6549.3
25435,8497.75
25436,8660.23
25437,5332.71
25438,5228.88
25439,8634.42
25440,5127.51
25441,10389.02
25442,4872.93
25443,5456.88
25444,7177.96
25445,7794.885
25446,4278.04
25447,6655.68
25448,7902.64
25449,9846.44
25450,10633.29
25451,5941.67
25452,4052.62
25453,5948.48
25454,6964.69
25455,5470.65
25456,6853.376
25457,5902.07
25458,12108.71
25459,8619.95
25460,6314.63
25461,7722.627500000001
25462,5029.68
25463,10079.44
25464,6321.5
25465,15480.02
25466,6026.1866666666665
25467,5650.41
25468,6401.61
25469,3651.18
25470,7857.98
25471,20913.14
25472,5241.14
25473,4859.26
25474,11296.68
25475,7800.323333333333
25476,6710.12
25477,8349.95
25478,6665.97
25479,5080.99
25480,4859.64
25481,9729.51
25482,5885.9
25483,7472.85
25484,7909.11
25485,6451.77
25486,7300.47
25487,6820.55
25488,3854.44
25489,8851.75
25490,9319.99
25491,4757.49
25492,7737.65
25493,6812.72
25494,5333.02
25495,8964.05
25496,5362.956666666668
25497,9301.41
25498,4372.11
25499,5237.35
25500,8094.544
25501,3945.57
25502,7116.78
25503,6044.19
25504,6587.79
25505,5120.85
25506,5432.97
25507,6896.75
25508,7251.8
25509,6847.06
25510,7854.29
25511,5980.61
25512,8599.96
25513,7032.27
25514,10070.77
25515,8733.45
25516,7507.45
25517,3514.84
25518,6314.73
25519,7865.56
25520,5192.75
25521,12069.92
25522,6287.38
25523,7340.43
25524,10428.74
25525,6430.94
25526,4896.68
25527,12616.16
25528,10908.72
25529,6271.16
25530,9792.8
25531,10107.11
25532,6313.03
25533,6135.04
25534,7673.34
25535,5879.61
25536,7027.04
25537,7282.64
25538,5168.5
25539,7072.46
25540,7727.35
25541,6989.77
25542,9160.36
25543,5715.28
25544,7634.18
25545,4799.02
25546,7037.26
25547,7933.5
25548,6020.66
25549,6749.1
25550,6889.02
25551,9633.31
25552,5739.32
25553,5762.23
25554,5803.655
25555,7718.31
25556,8211.78
25557,4813.17
25558,4008.31
25559,8594.06
25560,6140.14
25561,5811.12
25562,9385.4
25563,7591.44
25564,8324.38
25565,6007.45
25566,4758.92
25567,7258.42
25568,6838.08
25569,6460.8
25570,10138.27
25571,10987.97
25572,5254.28
25573,9047.79
25574,4204.36
25575,3396.18
25576,8418.25
25577,12820.85
25578,8097.85
25579,7898.43
25580,5789.49
25581,7673.05
25582,10103.36
25583,6779.11
25584,7913.26
25585,6795.22
25586,4887.87
25587,5718.74
25588,5519.07
25589,6313.45
25590,5485.44
25591,5164.7
25592,3891.31
25593,7538.94
25594,8301.37
25595,5191.7
25596,6842.06
25597,7258.37
25598,6242.91
25599,5709.31
25600,9255.9
25601,9359.58
25602,6709.98
25603,4538.59
25604,15100.09
25605,6453.41
25606,5738.96
25607,9679.11
25608,8889.4
25609,8566.823333333334
25610,6347.62
25611,6018.99
25612,7466.41
25613,15507.78
25614,5426.83
25615,5503.87
25616,4703.94
25617,8138.31
25618,5959.55
25619,9526.64
25620,9533.74
25621,6378.33
25622,4288.03
25623,7277.76
25624,9964.32
25625,4874.85
25626,7689.69
25627,4577.28
25628,7463.56
25629,8258.06
25630,7966.39
25631,10110.09
25632,6935.611666666667
25633,2893.32
25634,6495.64
25635,8552.133
25636,8477.26
25637,8284.49
25638,6867.31
25639,7085.16
25640,4781.14
25641,10082.1
25642,4935.34
25643,11359.55
25644,6497.92
25645,4271.28
25646,7576.38
25647,6888.44
25648,7655.806666666667
25649,8385.32
25650,4237.13
25651,5170.55
25652,7497.53
25653,9501.87
25654,10008.24
25655,4950.27
25656,5952.66
25657,7099.33
25658,6383.94
25659,6184.07
25660,9173.12
25661,9077.0275
25662,12268.62
25663,4922.81
25664,6247.68
25665,8652.9
25666,8624.69
25667,6160.55
25668,10250.07
25669,7842.37
25670,5325.42
25671,6143.68
25672,5324.03
25673,5068.28
25674,6732.13
25675,5860.73
25676,5551.27
25677,10049.99
25678,6950.69
25679,21938.143333333333
25680,6304.31
25681,5033.03
25682,9546.42
25683,11781.42
25684,7042.185
25685,7977.93
25686,5620.48
25687,9075.25
25688,9521.789166666666
25689,6763.1
25690,6614.64
25691,8079.08
25692,8153.52
25693,7848.9
25694,9176.56
25695,7306.16
25696,5225.69
25697,5863.47
25698,11178.47
25699,12470.28
25700,10870.73
25701,9147.703333333333
25702,6443.44
25703,6926.79
25704,4947.86
25705,9501.32
25706,12268.0
25707,10054.95
25708,6804.27
25709,6194.28
25710,5932.23
25711,6030.97
25712,12301.535
25713,8556.21
25714,5049.66
25715,6790.88
25716,8601.76
25717,4276.55
25718,7835.55
25719,4600.6
25720,6850.95
25721,8205.87
25722,6309.12
25723,7986.23
25724,7503.36
25725,5853.96
25726,8022.33
25727,7668.52
25728,11675.46
25729,6002.44
25730,9317.21
25731,8176.66
25732,10495.73
25733,7517.24
25734,11226.43
25735,5493.89
25736,5777.28
25737,7760.25
25738,6718.97
25739,10268.33
25740,8565.11
25741,6234.16
25742,7623.97
25743,6748.0
25744,11200.28
25745,4829.883333333334
25746,16258.28
25747,5470.75
25748,6232.5
25749,9898.65
25750,6865.14
25751,6886.095
25752,7561.26
25753,8913.31
25754,5932.83
25755,6343.06
25756,7776.41
25757,9038.57
25758,8538.57
25759,5187.13
25760,7699.21
25761,11201.79
25762,7295.79
25763,5888.43
25764,7085.55
25765,6282.82
25766,6413.4
25767,8568.41
25768,4835.19
25769,9397.39
25770,6599.1
25771,7816.64
25772,9912.24
25773,5062.3
25774,6952.82
25775,5783.72
25776,8008.26
25777,11162.31
25778,5160.701
25779,5877.57
25780,5992.71
25781,6096.29
25782,6703.15
25783,8605.01
25784,7484.45
25785,8526.49
25786,6588.75
25787,4861.82
25788,7869.1
25789,9621.05
25790,10336.36
25791,8938.4
25792,9751.35
25793,6897.38
25794,10083.6
25795,7145.86
25796,9622.8
25797,9864.34
25798,7171.7
25799,11718.78
25800,9199.79
25801,8771.74
25802,6738.86
25803,8356.6
25804,8823.1
25805,7310.91
25806,4369.4
25807,5731.5
25808,9114.61
25809,7359.81
25810,5792.71
25811,10560.4525
25812,6415.38
25813,6096.25
25814,6162.21
25815,6311.44
25816,9482.93
25817,7517.72
25818,8402.78
25819,6344.46
25820,6208.73
25821,7936.18
25822,4197.08
25823,8386.413333333334
25824,5961.69
25825,9440.31
25826,7785.44
25827,6576.98
25828,10208.71
25829,7406.39
25830,4643.1
25831,13485.5
25832,7624.37
25833,8395.2
25834,8316.68
25835,5280.22
25836,6955.27
25837,5631.36
25838,8768.318333333335
25839,13408.491666666665
25840,7945.41
25841,4038.39
25842,5260.81
25843,10093.79
25844,10014.62
25845,7992.53
25846,8782.62
25847,4666.935
25848,5874.45
25849,4074.74
25850,6147.01
25851,6723.87
25852,6977.46
25853,8115.76
25854,13906.87
25855,8552.65
25856,9296.56
25857,8108.79
25858,5509.49
25859,10327.08
25860,14237.64
25861,7362.18
25862,9157.986666666666
25863,5916.951666666668
25864,7419.3
25865,4513.17
25866,10017.71
25867,6502.31
25868,9050.91
25869,7571.18
25870,9730.91
25871,9637.93
25872,5861.13
25873,10277.45
25874,20760.435
25875,12855.774
25876,7458.573333333333
25877,3354.07
25878,7009.57
25879,10799.51
25880,6295.33
25881,11859.506666666664
25882,20225.64
25883,4026.52
25884,5950.37
25885,9376.28
25886,5712.31
25887,12939.035
25888,7842.44
25889,9153.28
25890,3198.16
25891,6906.42
25892,7863.34
25893,7932.71
25894,9287.87
25895,6390.15
25896,6719.11
25897,6690.74
25898,6599.13
25899,5068.73
25900,8898.71
25901,7363.69
25902,6445.28
25903,9210.78
25904,6946.08
25905,6410.52
25906,8384.58
25907,7973.61
25908,8707.09
25909,8997.86
25910,8182.95
25911,6470.103333333333
25912,4140.19
25913,7153.56
25914,8124.56
25915,6144.43
25916,4910.79
25917,10354.75
25918,9212.2525
25919,11734.695
25920,7678.06
25921,6574.49
25922,6310.48
25923,5175.82
25924,11681.45
25925,5658.33
25926,8819.28
25927,16751.64
25928,7732.67
25929,7596.33
25930,4435.19
25931,5407.79
25932,7805.7
25933,5492.8566666666675
25934,6175.22
25935,11551.41
25936,5930.63
25937,18410.06
25938,16390.2
25939,4875.37
25940,7691.84
25941,7326.61
25942,7299.24
25943,6723.3
25944,12426.5
25945,8398.97
25946,10267.63
25947,5934.97
25948,8178.51
25949,4670.93
25950,10205.39
25951,7620.62
25952,7102.63
25953,7288.223333333333
25954,4998.64
25955,9733.08
25956,10523.46
25957,5579.5
25958,12016.32
25959,6652.88
25960,11624.93
25961,6371.99
25962,6551.48
25963,5891.64
25964,12179.62
25965,7101.45
25966,8003.89
25967,7704.48
25968,10281.7
25969,4325.89
25970,10320.95
25971,7252.27
25972,4343.34
25973,16569.65
25974,16774.42
25975,8556.04
25976,8678.17
25977,11397.568333333335
25978,12426.303333333335
25979,12230.06
25980,7110.62
25981,9089.219166666666
25982,7003.97
25983,9372.1
25984,5011.8
25985,6942.785333333332
25986,6258.95
25987,5961.07
25988,8880.27
25989,5425.13
25990,5628.5
25991,6931.97
25992,4608.99
25993,4619.654
25994,6681.244000000001
25995,7699.08
25996,9673.69
25997,9093.02
25998,7534.62
25999,6308.233333333334
26000,7193.35
26001,12299.52
26002,9830.8
26003,6646.51
26004,4795.74
26005,10409.22
26006,4856.596666666667
26007,7501.65
26008,3704.1
26009,6511.23
26010,9546.81
26011,6780.41
26012,6626.12
26013,9972.21
26014,10645.18
26015,12346.01
26016,8572.6
26017,10030.37
26018,3751.6425
26019,5933.23
26020,7473.42
26021,4874.37
26022,8984.96
26023,5893.13
26024,5951.73
26025,10441.45
26026,12417.94
26027,8850.31
26028,5834.55
26029,6649.2
26030,13483.523333333333
26031,8410.64
26032,7599.37
26033,5185.24
26034,7336.897142857143
26035,11625.75
26036,4841.4
26037,7061.67
26038,8731.13
26039,9746.05
26040,15223.33
26041,6128.94
26042,17099.96
26043,8295.64
26044,6310.76
26045,4871.205714285714
26046,7171.65
26047,6801.8
26048,5641.47
26049,7693.26
26050,4928.29
26051,5180.1
26052,7964.24
26053,4384.28
26054,8235.63
26055,7472.25
26056,9587.82
26057,9879.76
26058,5657.71
26059,9158.446666666667
26060,6324.46
26061,5130.99
26062,5193.69
26063,5932.82
26064,11260.52
26065,6571.2
26066,5137.6
26067,9105.7
26068,9546.96
26069,7936.413333333334
26070,7183.95
26071,9589.12
26072,5802.69
26073,4493.98
26074,7100.56
26075,9517.419
26076,7657.16
26077,7417.37
26078,6057.29
26079,6439.91
26080,5159.2525
26081,5393.73
26082,8147.49
26083,10171.75
26084,12153.75
26085,13922.28
26086,8838.53
26087,8807.666666666668
26088,5564.573333333334
26089,12091.52
26090,10599.33
26091,8502.01
26092,9663.08
26093,10672.57
26094,6513.94
26095,5027.39
26096,11829.22
26097,5821.43
26098,8050.91
26099,7427.18
26100,3913.12
26101,13500.88
26102,6310.04
26103,8233.69
26104,4852.182
26105,6310.48
26106,7366.0
26107,10312.36
26108,6925.98
26109,5294.206666666668
26110,5846.53
26111,5109.45
26112,3252.79
26113,8670.766666666666
26114,17852.65
26115,6083.89
26116,6025.92
26117,8651.83
26118,5954.935
26119,6770.86
26120,4685.88
26121,4994.27
26122,7620.29
26123,7596.05
26124,4907.21
26125,9637.43
26126,7330.16
26127,5424.4225
26128,9822.65
26129,9116.76
26130,11041.79
26131,6939.52
26132,8793.39
26133,5117.526666666667
26134,6006.2
26135,16672.68
26136,10834.8
26137,7236.71
26138,6335.72
26139,5047.4
26140,5747.01
26141,5261.21
26142,11046.36
26143,5541.25
26144,6680.21
26145,7947.19
26146,5121.56
26147,7409.37
26148,8689.47
26149,9780.98
26150,8090.25
26151,11782.18
26152,5502.78
26153,7516.03
26154,9722.81
26155,9564.64
26156,6913.775
26157,5850.53
26158,7034.79
26159,7302.86
26160,4552.61
26161,7368.79
26162,8441.77
26163,7306.48
26164,6859.82
26165,6977.62
26166,7553.18
26167,6205.155
26168,6804.84
26169,7416.65
26170,7521.41
26171,9479.7
26172,6691.73
26173,6068.9
26174,14185.78
26175,7359.55
26176,4266.83
26177,9394.74
26178,10451.94
26179,12640.29
26180,5678.81
26181,6471.35
26182,7343.27
26183,8904.08
26184,7085.04
26185,9722.76
26186,3928.22
26187,7596.09
26188,7432.2
26189,6399.04
26190,5623.19
26191,7461.1
26192,10271.81
26193,6223.05
26194,9843.12
26195,8193.72
26196,9526.53
26197,5054.87
26198,7704.08
26199,6784.54
26200,7230.57
26201,9173.16
26202,5341.24
26203,7606.16
26204,9283.36
26205,8373.130833333333
26206,5278.71
26207,4884.23
26208,8692.76
26209,7770.57
26210,9973.22
26211,7878.56
26212,6922.045
26213,9623.322
26214,8518.68
26215,9197.468666666668
26216,8171.72
26217,6509.44
26218,9229.726
26219,12273.78
26220,8720.925
26221,5693.055
26222,7329.92
26223,5360.74
26224,4153.62
26225,9675.21
26226,6015.68
26227,10268.87
26228,5750.93
26229,8531.82
26230,6648.05
26231,13961.246666666668
26232,5155.9
26233,6655.78
26234,7096.38
26235,8885.28
26236,6252.91
26237,7819.17
26238,8363.92
26239,10977.95
26240,7864.27
26241,7513.12
26242,6534.55
26243,5573.67
26244,5004.12
26245,12748.93
26246,10803.69
26247,9577.19
26248,16122.83
26249,8069.2
26250,5639.49
26251,7277.92
26252,10009.9
26253,11390.6
26254,7571.63
26255,8904.52
26256,9126.16
26257,8174.64
26258,7188.81
26259,6391.12
26260,5952.13
26261,6551.57
26262,4954.0
26263,6563.08
26264,9682.49
26265,18729.1375
26266,6630.81
26267,5348.98
26268,9243.96
26269,3869.97
26270,7299.45
26271,4251.62
26272,10007.56
26273,6765.94
26274,6808.68
26275,14463.11
26276,10416.133333333333
26277,8549.44
26278,7764.29
26279,3639.043333333333
26280,6081.3075
26281,6217.28
26282,9263.76
26283,5766.15
26284,4677.44
26285,9293.6
26286,8108.84
26287,8569.21
26288,7945.06
26289,3656.36
26290,7075.67
26291,9458.99
26292,9114.62
26293,6383.25
26294,5577.04
26295,9627.45
26296,4953.27
26297,11216.23
26298,5187.41
26299,5437.81
26300,7775.65
26301,9894.333333333334
26302,4877.74
26303,6720.22
26304,8659.22
26305,9771.44
26306,12024.22
26307,6424.48
26308,4117.24
26309,6246.78
26310,7008.07
26311,5895.15
26312,7491.57
26313,6224.6
26314,12825.09
26315,8795.47
26316,6834.25
26317,8413.905
26318,4778.85
26319,10318.43
26320,7497.44
26321,14853.87
26322,6828.721666666667
26323,5600.94
26324,7063.4
26325,3977.06
26326,8302.28
26327,21192.86
26328,5210.42
26329,5009.48
26330,12029.53
26331,8148.81
26332,7756.36
26333,8934.22
26334,7170.09
26335,5161.95
26336,5407.42
26337,11052.38
26338,6764.34
26339,7774.56
26340,8383.59
26341,8318.53
26342,8111.43
26343,7178.02
26344,4263.91
26345,9742.23
26346,10666.98
26347,4865.29
26348,8543.73
26349,7063.495
26350,5572.51
26351,9613.2
26352,5389.79
26353,9777.72
26354,4668.21
26355,6036.71
26356,8143.87
26357,4164.27
26358,8083.71
26359,6258.0
26360,7091.29
26361,5450.92
26362,6005.53
26363,6844.22
26364,7532.02
26365,8352.515
26366,8377.8
26367,6213.02
26368,9252.1
26369,6877.56
26370,10759.22
26371,9019.78
26372,8339.84
26373,3567.35
26374,6313.98
26375,8313.55
26376,5256.5
26377,11347.79
26378,6434.59
26379,7765.52
26380,11281.6
26381,6967.185
26382,5227.45
26383,13290.86
26384,10984.448
26385,6386.38
26386,11693.35
26387,11690.08
26388,6070.68
26389,6465.93
26390,8080.75
26391,6976.5
26392,6651.21
26393,7880.54
26394,5253.09
26395,7258.73
26396,8134.23
26397,7730.23
26398,9718.478666666668
26399,6406.34
26400,8411.19
26401,5022.45
26402,7534.78
26403,8197.75
26404,6356.19
26405,7340.94
26406,8363.373333333333
26407,10355.96
26408,6266.5
26409,6281.5
26410,6548.95
26411,7746.641666666666
26412,9319.28
26413,4959.68
26414,4815.93
26415,8213.5
26416,6069.05
26417,6293.24
26418,9242.0
26419,7987.76
26420,8384.91
26421,5937.04
26422,5017.17
26423,7731.18
26424,7881.46
26425,8960.685
26426,11169.22
26427,10583.53
26428,5664.64
26429,9182.56
26430,4444.69
26431,3736.89
26432,8997.77
26433,13761.57
26434,8932.66
26435,8722.95
26436,6574.01
26437,8910.98
26438,10953.11
26439,7324.74
26440,8612.18
26441,7116.0
26442,5323.17
26443,6453.82
26444,5961.0925
26445,6652.82
26446,6099.62
26447,5715.4
26448,4776.0
26449,7938.56
26450,9089.47
26451,5724.11
26452,6772.213333333334
26453,7543.96
26454,6496.65
26455,6333.17
26456,9336.77
26457,9617.64
26458,6336.25
26459,5120.92
26460,16894.92
26461,6415.62
26462,6850.495
26463,10322.52
26464,8855.236666666666
26465,9290.533333333333
26466,6631.71
26467,6942.4
26468,8482.01
26469,16514.33
26470,6620.19
26471,6235.71
26472,5380.04
26473,7805.823333333334
26474,6713.48
26475,8979.07
26476,10430.2
26477,6955.12
26478,4506.14
26479,7633.84
26480,10781.73
26481,5528.21
26482,8242.51
26483,4478.49
26484,7609.96
26485,8933.75
26486,9094.88
26487,11134.19
26488,7283.4225
26489,3055.81
26490,6706.5
26491,9881.166666666666
26492,9142.95
26493,8722.8
26494,7674.71
26495,7564.08
26496,5087.583333333334
26497,11737.51
26498,4814.87
26499,13141.73
26500,6900.21
26501,4625.2
26502,8366.0
26503,6894.72
26504,8812.58
26505,8370.3
26506,4371.92
26507,5370.3
26508,7911.44
26509,11495.566666666666
26510,10188.3
26511,5357.006666666667
26512,6892.656666666666
26513,7726.24
26514,6675.84
26515,6520.79
26516,8768.11
26517,10231.08
26518,12353.25
26519,4977.68
26520,6601.393333333333
26521,9145.63
26522,9046.45
26523,7105.97
26524,11376.41
26525,8302.49
26526,5854.52
26527,6284.6
26528,5897.16
26529,5909.38
26530,7685.64
26531,6241.16
26532,6074.92
26533,10750.42
26534,7402.815
26535,23040.38
26536,6505.3
26537,5504.62
26538,9704.69
26539,13177.22
26540,8249.776666666667
26541,9947.82
26542,6860.91
26543,9261.15
26544,10344.490666666668
26545,8086.98
26546,7961.8
26547,8924.0
26548,9324.11
26549,9526.5605
26550,9821.03
26551,7274.64
26552,6256.87
26553,8087.02
26554,14490.68
26555,14347.41
26556,13952.16
26557,12346.18
26558,7063.4
26559,7833.95
26560,5112.78
26561,11228.24
26562,15347.18
26563,11070.01
26564,9485.83
26565,7961.94
26566,6196.9416666666675
26567,7685.68
26568,14156.640666666668
26569,9960.28
26570,7109.48
26571,9126.55
26572,8917.76
26573,4945.8
26574,10402.0
26575,6432.28
26576,10138.31
26577,11059.16
26578,7547.14
26579,9277.22
26580,12883.3
26581,6493.17
26582,9524.83
26583,9241.79
26584,13934.965
26585,7891.07
26586,11288.51
26587,8533.683333333334
26588,12395.793333333333
26589,10006.39
26590,14225.79
26591,8545.59
26592,6273.91
26593,9640.766666666666
26594,7966.68
26595,13538.5
26596,10667.07
26597,8580.21
26598,10122.12
26599,8107.81
26600,14648.89
26601,5712.5
26602,18803.45
26603,6665.15
26604,7620.81
26605,12326.22
26606,7921.01
26607,9637.14
26608,9026.44
26609,11402.9775
26610,7571.78
26611,7828.52
26612,10232.92
26613,10238.1375
26614,10776.52
26615,6833.44
26616,9273.28
26617,14680.4
26618,8113.93
26619,6855.31
26620,8862.24
26621,7096.38
26622,8626.89
26623,9303.49
26624,5660.35
26625,12431.97
26626,8376.95
26627,9398.55
26628,11738.91
26629,5513.88
26630,9775.235714285714
26631,10268.04
26632,10350.4
26633,13006.73
26634,6101.1
26635,7059.68
26636,7400.56
26637,7588.03
26638,9266.05
26639,10446.13
26640,10494.36
26641,9430.22
26642,7536.16
26643,6387.73
26644,9428.86
26645,10450.31
26646,10962.49
26647,11872.63
26648,12588.24
26649,8665.31
26650,12270.97
26651,9250.39
26652,11547.78
26653,12884.87
26654,8843.5
26655,14196.62
26656,8986.87
26657,12642.88
26658,8063.13
26659,10329.73
26660,10916.02
26661,12686.43
26662,6104.34
26663,6969.13
26664,11042.01
26665,8690.91
26666,7333.74
26667,14095.63
26668,7459.846666666667
26669,7520.13
26670,5974.701999999999
26671,9590.885
26672,11313.311666666668
26673,8744.04
26674,11862.73
26675,7269.8
26676,7909.76
26677,10437.843333333334
26678,5435.6
26679,9028.352666666666
26680,7926.984
26681,11263.17
26682,9737.6
26683,7682.6
26684,14020.13
26685,9352.41
26686,6187.77
26687,16043.75
26688,10672.11
26689,11480.38
26690,9845.52
26691,6967.8
26692,8066.45
26693,7059.28
26694,10590.38
26695,17088.951666666668
26696,9216.44
26697,4775.85
26698,5454.38
26699,12357.88
26700,12821.65
26701,9314.19
26702,11013.82
26703,5093.411428571429
26704,6640.05
26705,4405.57
26706,6518.53
26707,8294.45
26708,8950.84
26709,8220.32
26710,13234.2
26711,10195.99
26712,12110.99
26713,9207.2
26714,6780.13
26715,11608.865
26716,19433.18
26717,9401.67
26718,10745.67
26719,7654.365
26720,9078.7
26721,6882.77
26722,11168.7
26723,9189.25
26724,10554.278
26725,9072.76
26726,12400.25
26727,10445.32
26728,7277.96
26729,12374.303333333335
26730,24022.52
26731,17545.55
26732,10137.8725
26733,3862.74
26734,8555.66
26735,13091.69
26736,9064.88
26737,11973.596666666665
26738,19870.02
26739,5114.91
26740,7770.55
26741,11644.81
26742,6861.22
26743,15988.65
26744,9514.41
26745,12194.728333333333
26746,3446.375
26747,9254.16
26748,9362.86
26749,9170.33
26750,13369.89
26751,8009.54
26752,8056.24
26753,8913.86
26754,8219.56
26755,5763.2
26756,10087.58
26757,9647.34
26758,8454.81
26759,11523.06
26760,7524.39
26761,7708.72
26762,9279.45
26763,9857.32
26764,11821.9
26765,11085.25
26766,7937.64
26767,7156.626666666666
26768,4770.38
26769,8518.93
26770,8597.64
26771,8367.63
26772,6218.32
26773,11319.79
26774,11509.52
26775,14567.7975
26776,8258.17
26777,8255.59
26778,8257.73
26779,6315.45
26780,14592.34
26781,8024.91
26782,9841.08
26783,19135.38
26784,9131.98
26785,8955.35
26786,6461.255
26787,6360.69
26788,9914.04
26789,5939.4416666666675
26790,7623.9
26791,12052.97
26792,7494.58
26793,22145.4
26794,17059.002
26795,5711.98
26796,8527.456666666667
26797,7411.04
26798,9353.910000000002
26799,8294.26
26800,15277.73
26801,11385.74
26802,11953.75
26803,7521.74
26804,9054.587
26805,6360.25
26806,12265.98
26807,9190.595
26808,9293.44
26809,8845.256
26810,5244.47
26811,12329.41
26812,12555.35
26813,7569.33
26814,16363.68
26815,8021.97
26816,12295.15
26817,6324.771666666667
26818,7302.58
26819,8209.67
26820,15367.03
26821,8827.96
26822,9906.65
26823,10091.86
26824,12642.71
26825,5437.11
26826,10253.48
26827,8969.44
26828,5540.54
26829,17486.91
26830,19705.41
26831,10713.04
26832,10329.68
26833,14012.455
26834,16091.72
26835,12999.07
26836,9292.65
26837,12875.046666666665
26838,8161.72
26839,10627.85
26840,5285.41
26841,8421.615
26842,7854.82
26843,8774.58
26844,9789.44
26845,6737.74
26846,7807.72
26847,9052.35
26848,5721.02
26849,6463.44
26850,7179.09
26851,9862.37
26852,13216.06
26853,10595.95
26854,9301.83
26855,7516.94
26856,9726.71
26857,13825.98
26858,11859.09
26859,7866.15
26860,5751.93
26861,12616.66
26862,5079.898047619047
26863,9579.9
26864,4421.385
26865,8083.63
26866,14376.29
26867,8417.57
26868,8390.73
26869,12289.01
26870,12765.25
26871,14135.13
26872,8228.12
26873,12746.09
26874,4623.27
26875,6586.9
26876,8157.84
26877,5897.21
26878,9981.65
26879,8222.48
26880,6892.13
26881,13647.5
26882,14802.156666666668
26883,10960.87
26884,6574.33
26885,8165.67
26886,15975.673333333332
26887,8931.43
26888,8991.21
26889,6870.13
26890,9804.175
26891,12613.25
26892,6109.07
26893,8758.125
26894,11070.72
26895,11497.03
26896,17122.53
26897,7949.18
26898,18760.505
26899,9348.35
26900,7127.69
26901,5315.33
26902,8047.69
26903,8934.39
26904,7772.178333333333
26905,9510.56
26906,5980.56
26907,7105.87
26908,9870.63
26909,4798.18
26910,9553.3
26911,9752.78
26912,12110.69
26913,12898.05
26914,7478.0
26915,10909.2
26916,7309.21
26917,6329.24
26918,6793.88
26919,7122.02
26920,14518.18
26921,8023.16
26922,6298.02
26923,11626.01
26924,12613.38
26925,10968.36
26926,9640.08
26927,12354.5
26928,6732.2
26929,4988.18
26930,9559.28
26931,11672.61
26932,9331.8
26933,9293.256666666666
26934,8560.61
26935,7162.39
26936,5840.004666666667
26937,6727.11
26938,12361.06
26939,11884.33
26940,13096.6
26941,17291.12
26942,11042.89
26943,9861.260000000002
26944,6082.5915
26945,14481.74
26946,13355.98
26947,13414.43
26948,11509.84
26949,11661.56
26950,5240.43
26951,5661.66
26952,13318.54
26953,8237.22
26954,10747.98
26955,9039.46
26956,4812.16
26957,15888.49
26958,7893.09
26959,10671.83
26960,5140.544
26961,7727.13
26962,8107.24
26963,12957.27
26964,8216.22
26965,5987.725
26966,7332.24
26967,6955.63
26968,4096.18
26969,10179.22
26970,19475.18
26971,7962.76
26972,7486.1
26973,10128.2
26974,6065.765833333334
26975,8470.05
26976,6015.81
26977,6212.72
26978,10347.19
26979,9983.36
26980,6088.64
26981,11935.54
26982,12802.21
26983,6606.015
26984,12914.88
26985,11904.28
26986,13365.32
26987,8411.9
26988,9731.18
26989,5977.99
26990,6427.63
26991,18128.71
26992,14090.03
26993,8130.71
26994,8965.15
26995,6536.99
26996,6968.57
26997,6212.97
26998,12621.7
26999,6388.27
27000,7384.61
27001,9812.8
27002,6266.76
27003,8329.76
27004,9035.8
27005,12947.72
27006,10165.09
27007,7838.32
27008,7108.64
27009,12427.5
27010,12930.92
27011,11249.48
27012,9472.071666666667
27013,7043.62
27014,9574.04
27015,8085.87
27016,6171.975333333333
27017,10009.71
27018,10605.45
27019,9116.58
27020,8305.69
27021,8297.54
27022,9567.88
27023,7292.49
27024,8411.87
27025,9554.19
27026,14163.36
27027,12435.34
27028,7666.49
27029,7003.69
27030,16991.61666666667
27031,8813.65
27032,4527.98
27033,9682.16
27034,12439.16
27035,13172.66
27036,6390.81
27037,8282.63
27038,8265.29
27039,10269.2
27040,8050.4
27041,14174.97
27042,3769.2
27043,9460.45
27044,9522.14
27045,7986.53
27046,7443.2
27047,8451.69
27048,13703.22
27049,8130.3
27050,11188.79
27051,11220.31
27052,12753.25
27053,6441.93
27054,9433.88
27055,9718.15
27056,10344.35
27057,11972.3
27058,7030.4
27059,8548.77
27060,11198.48
27061,10641.0
27062,5956.9816666666675
27063,5273.76
27064,11735.71
27065,9555.2
27066,11999.1
27067,9811.87
27068,8189.21
27069,12456.5
27070,10303.72
27071,12299.876428571428
27072,9667.8
27073,9107.0
27074,10432.15
27075,15433.03
27076,9121.44
27077,6857.36
27078,10022.14
27079,7038.05
27080,4796.6
27081,12366.55
27082,7679.99
27083,13059.1
27084,8101.1
27085,11953.57
27086,9682.42
27087,16653.7
27088,6545.62
27089,8227.14
27090,9542.07
27091,10064.38
27092,8275.72
27093,9725.9
27094,8948.22
27095,12819.38
27096,9840.64
27097,9127.2
27098,7417.51
27099,6482.61
27100,6108.79
27101,16804.28
27102,13528.198
27103,12870.505
27104,17043.79
27105,9724.593333333334
27106,6857.0233333333335
27107,10706.85
27108,11628.47
27109,16691.45
27110,10151.16
27111,10502.86
27112,13130.9375
27113,9045.22
27114,8819.44
27115,8377.27
27116,7382.67
27117,9013.34
27118,6956.92
27119,9067.33
27120,12013.71
27121,21806.66
27122,8360.69
27123,6451.56
27124,11002.78
27125,5168.48
27126,9616.87
27127,4687.72
27128,12212.96
27129,8445.3
27130,9026.09
27131,19675.98
27132,11535.69
27133,10519.98
27134,9697.93
27135,4313.611666666667
27136,6791.7
27137,6969.29
27138,14353.98
27139,7516.05
27140,5848.47
27141,8119.33
27142,7079.49
27143,10921.65
27144,11039.72
27145,4138.11
27146,9037.04
27147,12102.52
27148,12139.8
27149,9344.58
27150,7476.826
27151,10802.24
27152,6286.66
27153,13544.4
27154,6646.49
27155,6986.46
27156,9609.3115
27157,12874.38
27158,5890.97
27159,9021.3
27160,11463.09
27161,11749.43
27162,15499.72
27163,7992.17
27164,4701.37
27165,7383.6
27166,9028.71
27167,7276.58
27168,10524.46
27169,7206.153333333334
27170,15623.61
27171,11317.46
27172,8133.36
27173,9258.59
27174,6913.22
27175,11923.56
27176,7710.42
27177,13767.5
27178,8683.01
27179,7061.15
27180,9406.66
27181,4977.89
27182,9787.14
27183,25193.91
27184,6668.98
27185,5856.34
27186,13131.93
27187,10140.19
27188,9141.34
27189,11290.63
27190,9642.74
27191,6406.72
27192,6764.07
27193,12128.57
27194,7850.52
27195,8348.83
27196,9735.9
27197,6235.01
27198,10304.06
27199,7836.62
27200,4444.05
27201,10730.8
27202,11143.64
27203,5102.85
27204,10375.058
27205,9829.66
27206,7115.48
27207,11936.73
27208,7479.14
27209,10548.65
27210,5940.53
27211,7635.25
27212,8655.814523809524
27213,5554.78
27214,9395.63
27215,6514.44
27216,7958.17
27217,6961.09
27218,8196.16
27219,7749.95
27220,8827.66
27221,10176.08
27222,10065.99
27223,8939.6
27224,11726.253333333332
27225,7714.18
27226,12578.97
27227,11441.97
27228,8354.32
27229,4407.42
27230,8187.41
27231,9708.17
27232,10110.46
27233,15434.67
27234,10087.0
27235,9699.81
27236,12849.89
27237,7850.13
27238,6477.01
27239,14152.49
27240,13007.421
27241,7277.86
27242,12224.73
27243,12306.77
27244,7599.69
27245,7155.45
27246,10148.93
27247,7855.25
27248,7762.9
27249,9945.06
27250,6568.35
27251,7272.07
27252,11263.49
27253,11021.18
27254,13946.0575
27255,8070.03
27256,10367.256666666666
27257,5676.49
27258,9367.37
27259,10736.47
27260,10670.97
27261,9363.69
27262,9000.81
27263,12526.76
27264,9012.516666666666
27265,7883.13
27266,9168.855
27267,9210.31
27268,10995.51
27269,5631.09
27270,5537.15
27271,9403.47
27272,6145.82
27273,7729.93
27274,11257.29
27275,8993.01
27276,10976.52
27277,7613.79
27278,5875.41
27279,9624.68
27280,9484.32
27281,10998.09
27282,13075.8
27283,13819.725
27284,6621.02
27285,11647.05
27286,4959.92
27287,4744.78
27288,10361.39
27289,14755.57
27290,10949.5
27291,11336.51
27292,9735.37
27293,11483.98
27294,13653.33
27295,9214.38
27296,10430.21
27297,7658.72
27298,6068.01
27299,8428.64
27300,7355.44
27301,7814.34
27302,7197.56
27303,7793.93
27304,5334.61
27305,9242.69
27306,11380.95
27307,7257.21
27308,8448.03
27309,9675.51
27310,7278.57
27311,7137.01
27312,12854.33
27313,10642.08
27314,8730.08
27315,7146.93
27316,21678.95
27317,7741.1
27318,9450.85
27319,13839.83
27320,10447.814166666667
27321,12791.42
27322,7619.52
27323,8377.78
27324,13131.25
27325,23424.83
27326,8105.58
27327,8509.38
27328,6462.19
27329,10226.71
27330,8627.77
27331,10360.77
27332,13830.29
27333,7206.23
27334,5111.68
27335,9462.82
27336,12626.31
27337,7045.65
27338,9948.68
27339,5860.22
27340,9708.73
27341,9277.22
27342,11612.18
27343,12409.1
27344,8831.245
27345,4254.836666666666
27346,8327.88
27347,10499.69
27348,10554.0
27349,11150.85
27350,10129.65
27351,8821.77
27352,6291.021666666667
27353,13440.4
27354,5580.68
27355,15342.9
27356,8328.99
27357,5691.81
27358,10262.27
27359,8062.16
27360,8982.8875
27361,9933.215
27362,5326.22
27363,6794.32
27364,11320.48
27365,13241.1
27366,12392.0
27367,6535.59
27368,7168.46
27369,10816.97
27370,8660.68
27371,7864.95
27372,13929.44
27373,12383.6
27374,14310.0
27375,5745.1
27376,8502.03
27377,11237.71
27378,11852.69
27379,9334.615
27380,14134.63
27381,9092.95
27382,7255.69
27383,8512.53
27384,8142.31
27385,6752.76
27386,12764.76
27387,7227.01
27388,7902.22
27389,14220.46
27390,7319.938333333333
27391,23871.9125
27392,8868.83
27393,0.0
27394,0.0
27395,0.0
27396,0.0
27397,0.0
27398,0.0
27399,0.0
27400,0.0
27401,0.0
27402,0.0
27403,0.0
27404,0.0
27405,0.0
27406,0.0
27407,0.0
27408,0.0
27409,0.0
27410,0.0
27411,0.0
27412,0.0
27413,0.0
27414,0.0
27415,0.0
27416,0.0
27417,0.0
27418,0.0
27419,0.0
27420,0.0
27421,0.0
27422,0.0
27423,0.0
27424,0.0
27425,0.0
27426,0.0
27427,0.0
27428,0.0
27429,0.0
27430,0.0
27431,0.0
27432,0.0
27433,0.0
27434,0.0
27435,0.0
27436,0.0
27437,0.0
27438,0.0
27439,0.0
27440,0.0
27441,0.0
27442,0.0
27443,0.0
27444,0.0
27445,0.0
27446,0.0
27447,0.0
27448,0.0
27449,0.0
27450,0.0
27451,0.0
27452,0.0
27453,0.0
27454,0.0
27455,0.0
27456,0.0
27457,0.0
27458,0.0
27459,0.0
27460,0.0
27461,0.0
27462,0.0
27463,0.0
27464,0.0
27465,0.0
27466,0.0
27467,0.0
27468,0.0
27469,0.0
27470,0.0
27471,0.0
27472,0.0
27473,0.0
27474,0.0
27475,0.0
27476,0.0
27477,0.0
27478,0.0
27479,0.0
27480,0.0
27481,0.0
27482,0.0
27483,0.0
27484,4341.55
27485,0.0
27486,0.0
27487,0.0
27488,0.0
27489,0.0
27490,0.0
27491,0.0
27492,0.0
27493,0.0
27494,0.0
27495,0.0
27496,0.0
27497,0.0
27498,0.0
27499,0.0
27500,0.0
27501,0.0
27502,0.0
27503,0.0
27504,0.0
27505,0.0
27506,0.0
27507,0.0
27508,0.0
27509,0.0
27510,0.0
27511,0.0
27512,0.0
27513,0.0
27514,0.0
27515,0.0
27516,0.0
27517,0.0
27518,0.0
27519,0.0
27520,0.0
27521,0.0
27522,0.0
27523,0.0
27524,0.0
27525,0.0
27526,0.0
27527,0.0
27528,0.0
27529,0.0
27530,0.0
27531,0.0
27532,0.0
27533,0.0
27534,0.0
27535,0.0
27536,0.0
27537,0.0
27538,0.0
27539,0.0
27540,0.0
27541,0.0
27542,0.0
27543,0.0
27544,0.0
27545,0.0
27546,0.0
27547,0.0
27548,0.0
27549,0.0
27550,0.0
27551,0.0
27552,2915.05
27553,0.0
27554,0.0
27555,0.0
27556,0.0
27557,0.0
27558,0.0
27559,0.0
27560,0.0
27561,0.0
27562,0.0
27563,0.0
27564,0.0
27565,0.0
27566,0.0
27567,0.0
27568,0.0
27569,0.0
27570,0.0
27571,0.0
27572,0.0
27573,0.0
27574,0.0
27575,0.0
27576,0.0
27577,0.0
27578,0.0
27579,0.0
27580,0.0
27581,0.0
27582,0.0
27583,0.0
27584,0.0
27585,0.0
27586,0.0
27587,0.0
27588,0.0
27589,0.0
27590,0.0
27591,0.0
27592,0.0
27593,15578.689666666665
27594,29468.19
27595,0.0
27596,0.0
27597,0.0
27598,0.0
27599,0.0
27600,0.0
27601,0.0
27602,6843.198500000001
27603,0.0
27604,0.0
27605,0.0
27606,0.0
27607,0.0
27608,0.0
27609,0.0
27610,0.0
27611,0.0
27612,0.0
27613,0.0
27614,0.0
27615,0.0
27616,0.0
27617,0.0
27618,0.0
27619,0.0
27620,0.0
27621,5290.54
27622,0.0
27623,0.0
27624,0.0
27625,0.0
27626,0.0
27627,0.0
27628,0.0
27629,0.0
27630,0.0
27631,2761.5361666666663
27632,0.0
27633,0.0
27634,0.0
27635,0.0
27636,0.0
27637,0.0
27638,0.0
27639,0.0
27640,0.0
27641,0.0
27642,0.0
27643,0.0
27644,0.0
27645,0.0
27646,0.0
27647,0.0
27648,0.0
27649,7505.679500000001
27650,0.0
27651,0.0
27652,0.0
27653,0.0
27654,0.0
27655,0.0
27656,0.0
27657,0.0
27658,0.0
27659,0.0
27660,0.0
27661,0.0
27662,0.0
27663,0.0
27664,0.0
27665,0.0
27666,6666.214999999997
27667,0.0
27668,0.0
27669,0.0
27670,0.0
27671,0.0
27672,0.0
27673,0.0
27674,0.0
27675,0.0
27676,0.0
27677,0.0
27678,0.0
27679,0.0
27680,0.0
27681,0.0
27682,0.0
27683,0.0
27684,0.0
27685,0.0
27686,0.0
27687,0.0
27688,0.0
27689,0.0
27690,0.0
27691,0.0
27692,0.0
27693,0.0
27694,0.0
27695,0.0
27696,0.0
27697,0.0
27698,0.0
27699,0.0
27700,0.0
27701,0.0
27702,0.0
27703,0.0
27704,0.0
27705,0.0
27706,0.0
27707,0.0
27708,0.0
27709,0.0
27710,0.0
27711,0.0
27712,0.0
27713,0.0
27714,0.0
27715,0.0
27716,0.0
27717,0.0
27718,0.0
27719,0.0
27720,0.0
27721,0.0
27722,0.0
27723,0.0
27724,0.0
27725,0.0
27726,0.0
27727,0.0
27728,1613.86
27729,0.0
27730,0.0
27731,0.0
27732,0.0
27733,0.0
27734,0.0
27735,0.0
27736,0.0
27737,0.0
27738,0.0
27739,0.0
27740,0.0
27741,0.0
27742,5850.286714285715
27743,0.0
27744,0.0
27745,0.0
27746,0.0
27747,0.0
27748,0.0
27749,0.0
27750,0.0
27751,0.0
27752,0.0
27753,0.0
27754,0.0
27755,0.0
27756,0.0
27757,0.0
27758,0.0
27759,0.0
27760,0.0
27761,0.0
27762,0.0
27763,0.0
27764,0.0
27765,0.0
27766,0.0
27767,0.0
27768,0.0
27769,0.0
27770,0.0
27771,0.0
27772,0.0
27773,0.0
27774,0.0
27775,0.0
27776,0.0
27777,0.0
27778,0.0
27779,0.0
27780,0.0
27781,0.0
27782,0.0
27783,0.0
27784,0.0
27785,5101.41
27786,0.0
27787,0.0
27788,0.0
27789,0.0
27790,0.0
27791,0.0
27792,0.0
27793,0.0
27794,0.0
27795,2185.87
27796,0.0
27797,0.0
27798,0.0
27799,5431.235833333334
27800,0.0
27801,0.0
27802,0.0
27803,0.0
27804,0.0
27805,0.0
27806,0.0
27807,0.0
27808,0.0
27809,0.0
27810,0.0
27811,0.0
27812,0.0
27813,0.0
27814,0.0
27815,0.0
27816,0.0
27817,0.0
27818,0.0
27819,0.0
27820,0.0
27821,0.0
27822,0.0
27823,0.0
27824,0.0
27825,0.0
27826,18487.16
27827,0.0
27828,0.0
27829,0.0
27830,0.0
27831,0.0
27832,0.0
27833,0.0
27834,0.0
27835,0.0
27836,0.0
27837,0.0
27838,0.0
27839,0.0
27840,5910.18
27841,0.0
27842,0.0
27843,0.0
27844,0.0
27845,0.0
27846,0.0
27847,0.0
27848,0.0
27849,0.0
27850,0.0
27851,0.0
27852,0.0
27853,0.0
27854,0.0
27855,0.0
27856,0.0
27857,0.0
27858,0.0
27859,0.0
27860,0.0
27861,0.0
27862,0.0
27863,0.0
27864,0.0
27865,0.0
27866,0.0
27867,0.0
27868,0.0
27869,0.0
27870,0.0
27871,0.0
27872,0.0
27873,0.0
27874,0.0
27875,0.0
27876,0.0
27877,0.0
27878,0.0
27879,0.0
27880,0.0
27881,0.0
27882,0.0
27883,0.0
27884,0.0
27885,0.0
27886,0.0
27887,0.0
27888,0.0
27889,0.0
27890,0.0
27891,0.0
27892,0.0
27893,0.0
27894,0.0
27895,0.0
27896,0.0
27897,0.0
27898,0.0
27899,0.0
27900,0.0
27901,0.0
27902,0.0
27903,0.0
27904,0.0
27905,0.0
27906,0.0
27907,0.0
27908,0.0
27909,0.0
27910,0.0
27911,0.0
27912,0.0
27913,0.0
27914,0.0
27915,11883.16
27916,0.0
27917,0.0
27918,0.0
27919,0.0
27920,0.0
27921,0.0
27922,0.0
27923,0.0
27924,0.0
27925,0.0
27926,0.0
27927,0.0
27928,0.0
27929,0.0
27930,0.0
27931,0.0
27932,0.0
27933,0.0
27934,0.0
27935,0.0
27936,0.0
27937,0.0
27938,0.0
27939,0.0
27940,0.0
27941,0.0
27942,0.0
27943,0.0
27944,0.0
27945,0.0
27946,0.0
27947,0.0
27948,0.0
27949,0.0
27950,0.0
27951,0.0
27952,0.0
27953,0.0
27954,0.0
27955,0.0
27956,0.0
27957,0.0
27958,0.0
27959,5074.154166666667
27960,16205.1
27961,0.0
27962,0.0
27963,0.0
27964,0.0
27965,0.0
27966,0.0
27967,0.0
27968,0.0
27969,0.0
27970,0.0
27971,0.0
27972,0.0
27973,0.0
27974,0.0
27975,0.0
27976,0.0
27977,0.0
27978,0.0
27979,0.0
27980,0.0
27981,0.0
27982,0.0
27983,0.0
27984,0.0
27985,0.0
27986,0.0
27987,0.0
27988,10304.545333333332
27989,0.0
27990,0.0
27991,0.0
27992,0.0
27993,0.0
27994,0.0
27995,0.0
27996,0.0
27997,0.0
27998,0.0
27999,0.0
28000,0.0
28001,0.0
28002,0.0
28003,0.0
28004,0.0
28005,0.0
28006,0.0
28007,0.0
28008,0.0
28009,0.0
28010,0.0
28011,0.0
28012,0.0
28013,0.0
28014,0.0
28015,0.0
28016,0.0
28017,0.0
28018,0.0
28019,0.0
28020,0.0
28021,0.0
28022,0.0
28023,0.0
28024,0.0
28025,0.0
28026,0.0
28027,0.0
28028,0.0
28029,0.0
28030,0.0
28031,0.0
28032,0.0
28033,0.0
28034,0.0
28035,0.0
28036,0.0
28037,0.0
28038,0.0
28039,0.0
28040,0.0
28041,0.0
28042,0.0
28043,0.0
28044,0.0
28045,0.0
28046,0.0
28047,0.0
28048,0.0
28049,0.0
28050,0.0
28051,0.0
28052,0.0
28053,0.0
28054,0.0
28055,0.0
28056,0.0
28057,0.0
28058,2441.45
28059,0.0
28060,0.0
28061,0.0
28062,2386.39
28063,0.0
28064,0.0
28065,0.0
28066,0.0
28067,0.0
28068,0.0
28069,0.0
28070,0.0
28071,0.0
28072,0.0
28073,0.0
28074,0.0
28075,0.0
28076,0.0
28077,0.0
28078,0.0
28079,0.0
28080,0.0
28081,0.0
28082,0.0
28083,0.0
28084,0.0
28085,0.0
28086,0.0
28087,0.0
28088,0.0
28089,0.0
28090,0.0
28091,0.0
28092,0.0
28093,0.0
28094,0.0
28095,0.0
28096,0.0
28097,0.0
28098,0.0
28099,0.0
28100,0.0
28101,0.0
28102,0.0
28103,0.0
28104,0.0
28105,0.0
28106,0.0
28107,0.0
28108,0.0
28109,0.0
28110,0.0
28111,0.0
28112,0.0
28113,2759.92
28114,0.0
28115,0.0
28116,0.0
28117,0.0
28118,0.0
28119,0.0
28120,0.0
28121,0.0
28122,0.0
28123,0.0
28124,0.0
28125,0.0
28126,0.0
28127,0.0
28128,8810.110428571428
28129,0.0
28130,0.0
28131,0.0
28132,0.0
28133,0.0
28134,0.0
28135,0.0
28136,0.0
28137,0.0
28138,0.0
28139,0.0
28140,0.0
28141,0.0
28142,0.0
28143,0.0
28144,0.0
28145,0.0
28146,0.0
28147,0.0
28148,0.0
28149,0.0
28150,0.0
28151,0.0
28152,0.0
28153,0.0
28154,0.0
28155,0.0
28156,0.0
28157,0.0
28158,0.0
28159,0.0
28160,0.0
28161,0.0
28162,0.0
28163,0.0
28164,0.0
28165,0.0
28166,0.0
28167,0.0
28168,0.0
28169,0.0
28170,0.0
28171,0.0
28172,0.0
28173,0.0
28174,0.0
28175,0.0
28176,0.0
28177,0.0
28178,0.0
28179,0.0
28180,0.0
28181,0.0
28182,0.0
28183,0.0
28184,0.0
28185,0.0
28186,0.0
28187,0.0
28188,0.0
28189,0.0
28190,0.0
28191,0.0
28192,4242.4
28193,0.0
28194,0.0
28195,0.0
28196,0.0
28197,0.0
28198,0.0
28199,0.0
28200,0.0
28201,0.0
28202,0.0
28203,0.0
28204,0.0
28205,0.0
28206,0.0
28207,0.0
28208,0.0
28209,0.0
28210,0.0
28211,0.0
28212,0.0
28213,0.0
28214,0.0
28215,0.0
28216,0.0
28217,0.0
28218,0.0
28219,0.0
28220,0.0
28221,0.0
28222,0.0
28223,0.0
28224,0.0
28225,0.0
28226,0.0
28227,0.0
28228,0.0
28229,0.0
28230,0.0
28231,0.0
28232,0.0
28233,13703.33
28234,5133.39
28235,0.0
28236,0.0
28237,0.0
28238,0.0
28239,0.0
28240,0.0
28241,0.0
28242,0.0
28243,0.0
28244,0.0
28245,0.0
28246,0.0
28247,0.0
28248,0.0
28249,4559.52
28250,3570.51
28251,6992.03
28252,3001.8758333333326
28253,6501.33
28254,4468.68
28255,5944.82
28256,5450.4039047619035
28257,0.0
28258,3493.53
28259,5345.85
28260,4518.1759999999995
28261,3929.6566666666668
28262,0.0
28263,4944.27
28264,0.0
28265,4584.06
28266,7111.7
28267,8374.97
28268,7484.09
28269,5949.799999999999
28270,3934.15
28271,5713.64
28272,0.0
28273,7736.95
28274,7568.5
28275,0.0
28276,5652.34
28277,2816.18
28278,5361.868380952381
28279,0.0
28280,7592.741999999999
28281,4259.367000000001
28282,5172.11
28283,0.0
28284,5790.79
28285,2598.06
28286,7474.49
28287,4240.59
28288,0.0
28289,0.0
28290,3764.15
28291,7415.89
28292,6247.91
28293,4836.69
28294,3771.5916666666667
28295,7313.63
28296,9192.487500000001
28297,5233.4169999999995
28298,4904.73
28299,7360.068
28300,7136.268333333333
28301,4989.422666666666
28302,5919.19
28303,3597.71
28304,2424.21
28305,4383.279142857143
28306,5988.49
28307,8032.57
28308,6870.22
28309,3692.2016190476193
28310,7112.081666666666
28311,0.0
28312,4138.94
28313,2690.587666666667
28314,10163.008571428572
28315,3235.78
28316,0.0
28317,7080.72
28318,4219.209333333333
28319,5049.754047619048
28320,2736.9839047619043
28321,5412.019333333334
28322,4920.82
28323,0.0
28324,0.0
28325,6360.890666666666
28326,5383.2
28327,2403.7794999999996
28328,7242.28
28329,0.0
28330,4800.4
28331,3505.41
28332,6179.6151666666665
28333,5261.98
28334,0.0
28335,0.0
28336,2286.17
28337,7554.43
28338,4232.54
28339,2530.171666666667
28340,7983.01
28341,2723.71
28342,4613.6175
28343,4782.17
28344,6829.485
28345,0.0
28346,3919.4516190476193
28347,4217.075
28348,0.0
28349,5910.305833333334
28350,0.0
28351,0.0
28352,0.0
28353,6036.98
28354,3759.5690000000004
28355,3205.28
28356,5548.31
28357,0.0
28358,0.0
28359,6638.32
28360,7180.6601666666675
28361,0.0
28362,7766.47
28363,3056.5985000000005
28364,3455.62
28365,7166.036666666668
28366,6037.23
28367,7320.38
28368,8255.974166666667
28369,6199.48
28370,5033.95
28371,6693.28
28372,6923.78
28373,3552.29
28374,0.0
28375,4978.75
28376,4148.965666666667
28377,5770.21
28378,3645.6248333333338
28379,5198.8765
28380,0.0
28381,0.0
28382,5281.848738095239
28383,2739.9420833333334
28384,6117.419166666667
28385,6579.35
28386,3486.84
28387,4811.652
28388,0.0
28389,4772.738166666666
28390,0.0
28391,4007.680666666667
28392,3828.3891666666673
28393,7482.42
28394,0.0
28395,0.0
28396,0.0
28397,3701.9993333333327
28398,3784.0009999999997
28399,9165.476499999999
28400,4838.833285714287
28401,7015.19
28402,6349.62
28403,4842.631833333334
28404,5779.61
28405,0.0
28406,4043.744166666667
28407,7441.871166666667
28408,5352.28
28409,2929.18
28410,3376.45
28411,6892.24
28412,9127.38
28413,0.0
28414,5829.309523809524
28415,3761.899166666667
28416,0.0
28417,1892.75
28418,3518.14
28419,5199.99
28420,5427.929666666667
28421,4678.531333333333
28422,3493.146666666667
28423,7522.68
28424,7699.22
28425,7478.39
28426,0.0
28427,7590.975666666666
28428,8589.09775
28429,3937.42
28430,5391.321
28431,4471.970833333334
28432,5988.775500000001
28433,2981.17
28434,5441.45
28435,4328.78
28436,8149.465
28437,7179.29
28438,7372.97
28439,6702.83
28440,4758.347500000001
28441,7294.701999999999
28442,16192.463666666663
28443,8632.930666666667
28444,3525.2788333333324
28445,3261.42
28446,5917.6
28447,8135.11
28448,0.0
28449,8026.168095238095
28450,16996.6
28451,0.0
28452,2171.8970000000004
28453,10120.69
28454,3176.07
28455,6870.0683333333345
28456,3284.31
28457,5342.889499999999
28458,3212.7425
28459,0.0
28460,0.0
28461,4885.45
28462,6742.85
28463,5365.9
28464,5744.19
28465,0.0
28466,0.0
28467,6138.616333333333
28468,0.0
28469,0.0
28470,5637.87
28471,4203.33
28472,3138.09
28473,5178.15
28474,4808.52
28475,4963.7
28476,0.0
28477,8933.13
28478,6468.42
28479,4320.41380952381
28480,3938.92
28481,4652.64
28482,4739.108
28483,5499.44
28484,0.0
28485,6787.9
28486,5321.981166666666
28487,7453.655
28488,5108.21
28489,4256.12
28490,2854.0
28491,2719.59
28492,8170.47
28493,0.0
28494,5561.49
28495,11123.72
28496,7339.91
28497,3645.01
28498,4651.494666666667
28499,2501.26
28500,3564.38
28501,3905.6104999999993
28502,3784.172619047619
28503,8449.6
28504,4336.23
28505,7946.753166666667
28506,10295.84
28507,5313.35
28508,4696.294166666667
28509,4285.163
28510,4510.038714285714
28511,4552.91
28512,0.0
28513,6421.92
28514,6326.17
28515,0.0
28516,4303.4325
28517,4799.83
28518,0.0
28519,6531.988
28520,5001.63
28521,5964.950500000001
28522,4037.955071428571
28523,8599.4
28524,6826.54
28525,7029.26
28526,8911.15
28527,6607.364999999999
28528,7553.340952380952
28529,3386.8676666666665
28530,0.0
28531,4745.32
28532,8350.92
28533,7029.45
28534,6814.18
28535,5895.46
28536,7469.12
28537,4508.996666666666
28538,6160.75
28539,6027.36
28540,2481.4
28541,11924.36
28542,16035.081666666665
28543,0.0
28544,6324.19
28545,6153.508523809524
28546,7637.085
28547,7885.25
28548,2707.7746666666667
28549,3973.2900000000013
28550,5279.54
28551,7373.731166666666
28552,2647.43
28553,3944.064500000001
28554,5068.419999999999
28555,0.0
28556,4582.609666666665
28557,2569.5443571428577
28558,3128.69
28559,6837.79
28560,0.0
28561,3761.1126666666673
28562,5177.595666666667
28563,4631.02
28564,8710.608333333332
28565,0.0
28566,0.0
28567,6060.917333333334
28568,5856.85
28569,9876.48
28570,5196.587666666666
28571,2630.38
28572,0.0
28573,11873.28
28574,3800.376071428571
28575,6505.119333333335
28576,1808.8761666666667
28577,3482.514
28578,5655.09
28579,0.0
28580,0.0
28581,0.0
28582,7832.914333333332
28583,7598.79
28584,5041.44
28585,0.0
28586,1856.6306666666665
28587,3422.04
28588,6138.639500000001
28589,4110.879047619047
28590,10010.060190476192
28591,2573.01
28592,4973.75
28593,5137.89
28594,7464.975
28595,8976.6
28596,4419.17
28597,2972.78
28598,8832.985999999999
28599,8859.59
28600,4433.986000000001
28601,0.0
28602,8429.035
28603,5902.13
28604,4868.82
28605,3390.4266666666667
28606,6712.01
28607,4138.6
28608,11739.95
28609,7449.7
28610,12014.670999999998
28611,0.0
28612,4418.83
28613,1889.9222222222222
28614,5863.25
28615,0.0
28616,4577.293333333334
28617,8988.04
28618,0.0
28619,2587.497833333334
28620,6503.45
28621,3229.17
28622,0.0
28623,5739.533333333334
28624,6302.84
28625,6915.121642857142
28626,3664.113
28627,7393.446666666667
28628,0.0
28629,4099.097976190477
28630,0.0
28631,0.0
28632,8463.63
28633,5291.48
28634,3028.8133333333335
28635,4204.109547619048
28636,8231.34
28637,4872.5560000000005
28638,3681.31
28639,4447.236166666667
28640,5074.35
28641,8581.72
28642,0.0
28643,8811.39519047619
28644,4012.401166666667
28645,3379.3241666666663
28646,5202.34
28647,5020.05
28648,2999.7183333333332
28649,4669.12
28650,8038.96
28651,7627.81
28652,7680.13
28653,7568.607499999999
28654,6775.03
28655,6851.437
28656,3770.2912857142846
28657,9835.72
28658,6099.868833333333
28659,6550.36
28660,4965.35
28661,5690.65
28662,4451.25
28663,2402.67
28664,0.0
28665,0.0
28666,5961.14
28667,0.0
28668,3992.11
28669,8093.3
28670,0.0
28671,6343.07
28672,3259.929666666667
28673,6360.49
28674,5341.37
28675,3890.99
28676,9812.1
28677,4159.581428571429
28678,0.0
28679,3373.5334761904755
28680,2734.88
28681,4449.082333333334
28682,12692.265
28683,4961.718333333334
28684,5013.986333333333
28685,5542.51
28686,3609.8670000000006
28687,3441.89
28688,5197.9980000000005
28689,2613.1
28690,0.0
28691,5807.06
28692,0.0
28693,7204.445999999999
28694,2629.47
28695,3509.9901666666674
28696,9011.96
28697,8762.13
28698,7857.1
28699,2380.86
28700,5000.4305
28701,4137.937
28702,4032.37
28703,15186.03
28704,0.0
28705,4620.43
28706,2803.1348333333335
28707,4855.83
28708,3796.692
28709,2285.07
28710,7407.27
28711,4502.48
28712,0.0
28713,7151.03
28714,4581.96
28715,4401.38
28716,5158.1
28717,0.0
28718,6526.19
28719,4164.88
28720,0.0
28721,6861.96
28722,7787.39
28723,5495.19
28724,6630.507999999999
28725,0.0
28726,0.0
28727,5034.48
28728,2793.265833333333
28729,4189.66
28730,4360.18
28731,4287.34
28732,6042.78
28733,3464.18
28734,0.0
28735,4324.3537380952375
28736,7105.51
28737,0.0
28738,4707.71
28739,0.0
28740,0.0
28741,2689.23
28742,9817.845833333331
28743,3468.66
28744,3046.25
28745,5479.83
28746,0.0
28747,9265.052226190477
28748,0.0
28749,4671.04
28750,0.0
28751,6518.4608333333335
28752,4373.83
28753,8102.72
28754,3038.63
28755,4811.95
28756,3820.0716190476187
28757,3388.94
28758,0.0
28759,6719.03
28760,6403.0875
28761,5597.76
28762,5662.12
28763,6573.1185000000005
28764,6902.507333333334
28765,0.0
28766,0.0
28767,0.0
28768,5674.403785714286
28769,5076.54
28770,1983.48
28771,4720.6
28772,0.0
28773,5086.586666666666
28774,5102.9935000000005
28775,2584.142857142857
28776,0.0
28777,2779.18
28778,7343.8599047619045
28779,5421.25
28780,4069.748333333333
28781,7356.489833333331
28782,3689.74
28783,4176.8910000000005
28784,0.0
28785,2606.18
28786,5543.246785714286
28787,8482.231238095237
28788,6586.39
28789,2412.5554999999995
28790,0.0
28791,0.0
28792,2314.37
28793,4686.3
28794,0.0
28795,4458.68
28796,0.0
28797,5711.22
28798,0.0
28799,11021.694333333337
28800,4840.67
28801,0.0
28802,3810.2241190476193
28803,5665.78
28804,0.0
28805,6008.35
28806,7175.59
28807,8291.341999999999
28808,7782.51
28809,4832.419333333333
28810,4487.6
28811,2803.46
28812,4408.276833333333
28813,8755.97
28814,6608.512500000001
28815,7256.217333333331
28816,13967.8
28817,3032.712
28818,0.0
28819,3945.01
28820,8054.94
28821,0.0
28822,7144.16
28823,6315.223333333332
28824,6895.356761904762
28825,0.0
28826,5925.71
28827,4834.96
28828,2351.99
28829,0.0
28830,3479.71
28831,2696.85
28832,7126.83
28833,16585.658333333336
28834,3923.7725952380947
28835,3057.7
28836,4310.1
28837,3088.4146666666666
28838,5612.24
28839,1877.3793333333335
28840,6512.38
28841,0.0
28842,3344.013
28843,10748.85
28844,9200.345666666668
28845,4002.160166666667
28846,0.0
28847,2991.5168333333336
28848,4053.5925
28849,3973.35
28850,0.0
28851,3497.91
28852,4382.19
28853,0.0
28854,5176.02
28855,5004.6016666666665
28856,6887.21
28857,3017.72
28858,7583.04
28859,6283.56
28860,4465.7
28861,3733.23
28862,3278.4434285714287
28863,4287.77
28864,0.0
28865,8446.033333333335
28866,3683.81
28867,3844.51
28868,6350.815
28869,12058.72
28870,0.0
28871,0.0
28872,0.0
28873,9858.83
28874,6871.98
28875,5765.52
28876,3753.82
28877,4353.9
28878,0.0
28879,3299.7281666666663
28880,3813.5725
28881,4720.051666666666
28882,0.0
28883,6709.43
28884,3812.03
28885,4543.2474999999995
28886,0.0
28887,6304.44
28888,5288.744333333333
28889,8683.82
28890,6156.2519999999995
28891,4676.9
28892,3848.72
28893,1616.3008333333335
28894,3678.87
28895,0.0
28896,1951.105
28897,3647.1
28898,6506.73
28899,6552.007166666665
28900,5350.11
28901,7441.225
28902,5626.6325
28903,0.0
28904,2722.25
28905,6613.7597857142855
28906,3839.8735
28907,6000.7
28908,8412.66
28909,0.0
28910,0.0
28911,5740.39
28912,2545.2385000000004
28913,5139.62
28914,6753.7
28915,2473.16
28916,7101.938785714285
28917,5607.338000000001
28918,4425.99
28919,8411.02
28920,7068.3475
28921,6250.006666666666
28922,3870.1083333333336
28923,3261.39
28924,4973.0999999999985
28925,0.0
28926,4866.211666666668
28927,2516.15
28928,6109.87
28929,2779.39
28930,0.0
28931,5559.98
28932,4296.4
28933,4876.542666666666
28934,6962.74
28935,0.0
28936,7411.947833333334
28937,0.0
28938,5944.26
28939,7097.679
28940,6745.75
28941,4143.79
28942,0.0
28943,4839.85
28944,0.0
28945,0.0
28946,0.0
28947,5288.07
28948,8533.3
28949,5781.123380952383
28950,2052.8
28951,0.0
28952,7697.024999999999
28953,6522.11
28954,7324.7965
28955,6288.54
28956,0.0
28957,5242.57
28958,4151.44
28959,0.0
28960,0.0
28961,7131.25
28962,2701.81
28963,7673.41
28964,6225.62
28965,5368.968000000001
28966,6226.656499999998
28967,4273.97
28968,7531.682999999999
28969,4075.78
28970,4869.63
28971,4370.3015
28972,3571.22
28973,6942.91
28974,6173.302
28975,7011.88
28976,5886.507833333333
28977,0.0
28978,5457.64
28979,5936.879499999998
28980,7359.526666666668
28981,3019.84
28982,2866.59
28983,8577.02
28984,4669.863309523808
28985,3741.22
28986,6535.319666666666
28987,0.0
28988,5459.79
28989,4473.42
28990,1994.1574999999993
28991,5688.25
28992,5477.2675
28993,4470.298666666666
28994,8050.507
28995,6573.3803333333335
28996,3276.98
28997,5516.94
28998,2547.69
28999,1194.0465
29000,5264.041666666668
29001,0.0
29002,5202.7401666666665
29003,4122.962833333333
29004,2990.7466666666664
29005,4496.8
29006,8052.95
29007,4784.6359999999995
29008,8065.33
29009,4218.553523809525
29010,5718.92
29011,0.0
29012,5652.6776666666665
29013,3265.87
29014,2513.25
29015,4085.29
29016,3587.25
29017,0.0
29018,4292.43
29019,0.0
29020,4959.782333333331
29021,7023.09
29022,4531.85
29023,0.0
29024,9381.75
29025,7934.38
29026,0.0
29027,2081.2021666666665
29028,5296.852000000001
29029,4984.5
29030,3141.4346666666665
29031,7223.09
29032,8890.295
29033,6003.994666666666
29034,5958.15
29035,5826.35
29036,7613.14
29037,10188.05
29038,2466.408666666667
29039,3622.78
29040,4362.573928571429
29041,5722.222916666667
29042,0.0
29043,9813.53
29044,7012.36
29045,0.0
29046,2477.795
29047,5683.8126666666685
29048,6953.42
29049,3118.9154047619045
29050,5768.15
29051,0.0
29052,6838.38
29053,5420.42
29054,4795.730666666666
29055,5594.29
29056,3446.3018333333334
29057,3359.35
29058,6571.87
29059,4199.649666666667
29060,8540.35
29061,5127.321523809524
29062,6646.250761904761
29063,5479.73
29064,3051.592166666667
29065,7694.166857142857
29066,0.0
29067,9743.822833333334
29068,0.0
29069,3940.2764999999995
29070,6924.35
29071,4200.65
29072,3965.7108333333335
29073,4947.509
29074,2189.555
29075,2781.1
29076,4740.684404761905
29077,5762.8475
29078,0.0
29079,5225.055
29080,5118.796666666666
29081,4115.99
29082,5987.19
29083,3039.46
29084,10210.88
29085,6207.268833333333
29086,0.0
29087,0.0
29088,4336.897499999999
29089,13052.56
29090,8011.32
29091,2934.124833333333
29092,7934.42
29093,0.0
29094,5475.79
29095,0.0
29096,4479.63
29097,2812.62
29098,4856.69
29099,0.0
29100,2765.58
29101,7488.63
29102,5457.512666666667
29103,20868.989928571427
29104,5843.664166666667
29105,3885.37
29106,5906.04
29107,9744.12
29108,4327.15
29109,6483.25
29110,5353.78
29111,6785.6
29112,5919.565
29113,3609.11
29114,5059.88
29115,5581.72
29116,6219.1
29117,6785.44
29118,6714.42
29119,3895.36
29120,4053.09
29121,4953.29
29122,9085.51
29123,10018.35
29124,7617.9
29125,6066.986666666668
29126,3547.58
29127,5341.42
29128,3174.64
29129,7141.95
29130,8554.59
29131,8185.43
29132,4834.82
29133,4050.63
29134,4312.45
29135,5155.21
29136,8744.2975
29137,5595.735
29138,4770.51
29139,4435.05
29140,6059.2
29141,3247.71
29142,6590.25
29143,3810.19
29144,6698.83
29145,5808.25
29146,4616.26
29147,7152.72
29148,5692.2
29149,3906.25
29150,5969.174
29151,6367.15
29152,9355.930166666667
29153,5500.343333333332
29154,6106.91
29155,6914.358333333333
29156,8437.95
29157,5236.16
29158,7714.24
29159,4848.98
29160,3761.96
29161,5153.594
29162,6117.52
29163,8919.64
29164,6471.51
29165,4631.72
29166,6314.14
29167,6537.12
29168,7295.35
29169,3417.0
29170,10977.2225
29171,3893.88
29172,5483.22
29173,7951.93
29174,4799.31
29175,4996.315
29176,6279.043333333334
29177,5975.575
29178,4773.72
29179,4983.35
29180,7247.64
29181,6366.374
29182,5662.19
29183,3630.94
29184,6737.11
29185,11330.74
29186,5976.75
29187,4790.06
29188,5750.02
29189,5670.41
29190,5861.52
29191,7342.64
29192,3714.18
29193,6978.06
29194,4678.28
29195,4930.22
29196,8199.47
29197,5279.62
29198,5502.01
29199,3618.61
29200,5777.79
29201,8712.07
29202,3932.19
29203,4387.52
29204,4749.67
29205,4953.72
29206,4894.58
29207,8262.46
29208,5894.43
29209,5807.73
29210,4034.33
29211,4545.15
29212,5907.15
29213,8297.6
29214,6224.73
29215,7221.21
29216,7292.75
29217,5182.32
29218,7666.79
29219,4679.05
29220,5446.63
29221,7452.08
29222,5630.1975
29223,8587.35
29224,8400.39
29225,6573.75
29226,5292.85
29227,6648.0
29228,6556.72
29229,5133.48
29230,3353.23
29231,4704.13
29232,6042.08
29233,6337.15
29234,4556.817
29235,7110.63
29236,5121.0
29237,5363.88
29238,4765.0665
29239,4618.126666666666
29240,5830.844666666667
29241,5935.44
29242,5467.703333333333
29243,5024.95
29244,3655.26
29245,5955.390833333333
29246,2789.27
29247,6218.858333333334
29248,3987.77
29249,7737.45
29250,6648.18
29251,5955.75
29252,8507.37
29253,3768.8259999999996
29254,4384.295
29255,9214.666666666666
29256,5715.070833333332
29257,7486.14
29258,7192.43
29259,4768.722666666667
29260,5585.65
29261,7208.62
29262,6665.36
29263,8805.935
29264,5707.66
29265,2943.16
29266,3996.6
29267,7083.11
29268,8971.53
29269,5406.4
29270,6184.472
29271,3875.700714285714
29272,4506.94
29273,2958.28
29274,4054.7
29275,5547.58
29276,5178.96
29277,5121.12
29278,4750.09
29279,7312.4850000000015
29280,7966.55
29281,6968.39
29282,4006.71
29283,7362.04
29284,9413.021
29285,5298.24
29286,7133.405
29287,4739.575
29288,6049.477666666666
29289,3658.57
29290,5311.86
29291,4572.94
29292,7379.84
29293,6682.37
29294,7429.94
29295,7018.23
29296,5071.8
29297,6378.72
29298,16206.189833333332
29299,9083.395
29300,4312.15
29301,2723.52
29302,5347.09
29303,7185.47
29304,5613.47
29305,12284.05
29306,17492.18
29307,3574.63
29308,4201.84
29309,7791.47
29310,4314.43
29311,7904.523333333333
29312,5265.07
29313,6168.58
29314,3540.71
29315,6225.63
29316,6573.05
29317,6186.68
29318,6227.5
29319,5664.63
29320,5757.65
29321,4865.44
29322,4335.29
29323,3979.93
29324,6950.51
29325,4795.9
29326,5120.82
29327,6465.88
29328,4604.1
29329,4414.19
29330,6291.68
29331,5346.52
29332,7649.52
29333,7799.01
29334,5905.71
29335,5090.022
29336,3393.42
29337,5575.1
29338,5682.32
29339,5436.68
29340,4192.55
29341,7375.46
29342,5681.379833333334
29343,8126.803000000001
29344,5562.88
29345,4965.8
29346,4513.28
29347,4509.78
29348,8138.86
29349,4558.41
29350,7899.14
29351,11989.51
29352,7013.41
29353,5370.15
29354,4585.95
29355,4376.99
29356,7119.59
29357,3601.455
29358,4454.57
29359,8370.98
29360,4812.5
29361,11943.925
29362,10613.04
29363,4983.73
29364,5127.11
29365,5315.08
29366,5458.18
29367,4548.29
29368,10205.41
29369,6680.38
29370,6910.54
29371,4201.1
29372,6260.905
29373,4818.53
29374,7663.1
29375,6083.81
29376,5439.88
29377,6137.396
29378,5122.28
29379,7793.25
29380,8408.85
29381,6140.93
29382,9499.19
29383,5993.37
29384,7216.31
29385,4835.36
29386,4657.06
29387,4240.95
29388,7896.45
29389,6826.41
29390,6546.26
29391,6162.21
29392,8298.44
29393,4303.01
29394,7238.09
29395,5767.92
29396,3306.55
29397,11679.66
29398,13172.316666666666
29399,5989.14
29400,5942.53
29401,7108.375833333333
29402,8380.385
29403,9007.75
29404,5654.48
29405,6211.826666666666
29406,5270.73
29407,7455.96
29408,3884.54
29409,4918.013333333333
29410,5047.611666666667
29411,4982.94
29412,7058.63
29413,3412.51
29414,3535.56
29415,6726.59
29416,3832.29
29417,3785.32
29418,4198.75
29419,4963.51
29420,7868.07
29421,7339.47
29422,5436.6
29423,5173.21
29424,6050.81
29425,8977.81
29426,7014.41
29427,5463.86
29428,3469.65
29429,9507.15
29430,4152.154666666666
29431,6318.734166666665
29432,3299.9466666666667
29433,3901.568333333333
29434,5786.06
29435,5810.79
29436,4615.64
29437,7333.61
29438,8826.711666666666
29439,10383.4
29440,6072.22
29441,10649.88
29442,2863.9
29443,4672.42
29444,6079.116833333333
29445,3473.34
29446,7973.170833333334
29447,4709.96
29448,4494.57
29449,8554.27
29450,8663.08
29451,7387.62
29452,4827.36
29453,4137.7
29454,10946.405
29455,8190.71
29456,4502.906666666667
29457,4406.18
29458,5984.45
29459,6911.67
29460,5353.18
29461,4719.165
29462,6488.12
29463,7207.48
29464,10976.27
29465,5493.04
29466,10584.845
29467,5859.02
29468,4466.64
29469,3186.275
29470,5462.14
29471,5326.56
29472,4518.44
29473,7629.95
29474,4681.78
29475,4002.29
29476,6657.0
29477,3087.35
29478,6839.99
29479,5260.54
29480,6309.54
29481,7308.7921428571435
29482,4139.6825
29483,8168.32
29484,5704.02
29485,4559.19
29486,5071.24
29487,4215.09
29488,8433.93
29489,5389.29
29490,3540.21
29491,6055.175
29492,7855.71
29493,5977.9575
29494,5124.89
29495,7982.295
29496,5131.31
29497,4936.72
29498,5308.68
29499,9044.07
29500,4616.583333333333
29501,5196.73
29502,4820.87
29503,4734.91
29504,3706.87
29505,4597.14
29506,7742.62
29507,8042.3
29508,7728.83
29509,10228.056666666667
29510,7233.77
29511,7321.2847619047625
29512,4213.246333333333
29513,9908.45
29514,8250.31
29515,6157.34
29516,7030.63
29517,8030.69
29518,4971.37
29519,3170.77
29520,9348.5
29521,3833.14
29522,6061.95
29523,5309.34
29524,4365.08
29525,8970.82
29526,5434.68
29527,6642.37
29528,4251.352142857143
29529,5118.83
29530,5670.17
29531,5595.8
29532,6726.24
29533,4658.515
29534,4018.35
29535,3079.2166666666662
29536,2733.13
29537,6786.263333333332
29538,15460.4
29539,4963.136666666667
29540,5296.265
29541,5824.51
29542,4526.2908333333335
29543,4936.29
29544,5227.92
29545,3823.08
29546,7027.58
29547,6257.75
29548,3640.11
29549,7318.368
29550,3970.82
29551,4274.9
29552,8954.31
29553,7946.7
29554,8649.36
29555,4056.96
29556,5645.07
29557,3832.61
29558,4267.85
29559,11784.48
29560,7976.31
29561,5644.28
29562,3864.79
29563,4598.11
29564,5088.76
29565,3913.05
29566,7993.05
29567,4752.15
29568,4896.47
29569,6871.22
29570,4302.46
29571,5209.74
29572,5236.09
29573,7585.34
29574,6228.93
29575,4786.2
29576,7013.57
29577,5792.05
29578,7471.62
29579,8206.35
29580,5885.91
29581,3454.92
29582,5807.52
29583,5315.47
29584,4395.493333333333
29585,6699.81
29586,6849.79
29587,5926.28
29588,5281.09
29589,5463.4
29590,7121.06
29591,4545.0145
29592,5437.97
29593,7078.33
29594,4511.64
29595,8817.66
29596,6193.36
29597,4302.69
29598,9742.150833333333
29599,4632.77
29600,3029.31
29601,7004.55
29602,9048.33
29603,7724.95
29604,4363.19
29605,5123.43
29606,5537.3
29607,6589.032666666666
29608,5639.2
29609,7504.77
29610,2594.94
29611,5178.69
29612,5727.3083333333325
29613,4269.71
29614,4036.71
29615,5740.08
29616,6693.29
29617,5047.22
29618,6873.15
29619,5529.2
29620,6818.21
29621,4992.1
29622,5169.17
29623,5144.98
29624,6085.71
29625,8417.96
29626,3343.95
29627,7094.26
29628,6748.97
29629,6812.282166666666
29630,3996.701166666667
29631,3582.93
29632,5229.76
29633,4926.49
29634,7534.4025
29635,6744.43
29636,4071.385
29637,7249.143
29638,5192.7
29639,4634.93
29640,6007.33
29641,4467.55
29642,7566.596
29643,9179.512666666666
29644,5880.78
29645,3722.67
29646,4337.49
29647,3793.57
29648,2831.98
29649,6893.66
29650,4907.99
29651,8617.92
29652,3945.91
29653,6484.35
29654,5736.86
29655,9725.746666666666
29656,4580.2
29657,5278.0
29658,4629.929166666667
29659,6573.83
29660,5473.79
29661,6276.41
29662,7128.75
29663,8876.0
29664,7041.97
29665,6641.535
29666,5509.72
29667,3868.38
29668,4401.795
29669,9945.69
29670,7501.0725
29671,8437.46
29672,15494.53
29673,5317.01
29674,4260.35
29675,4836.08
29676,7929.0
29677,8406.0
29678,5844.0
29679,6118.17
29680,7436.64
29681,6009.56
29682,5731.38
29683,5254.62
29684,4400.62
29685,4632.53
29686,2962.39
29687,4272.54
29688,7595.46
29689,15117.36
29690,4627.36
29691,4042.19
29692,6525.07
29693,2869.57
29694,5476.24
29695,3582.95
29696,7224.82
29697,5524.256666666667
29698,6101.231
29699,10486.98
29700,11847.735
29701,6109.96
29702,6175.79
29703,3195.256
29704,4725.14
29705,4415.11
29706,7873.07
29707,4370.42
29708,3946.33
29709,6236.78
29710,5522.16
29711,6840.23
29712,6156.72
29713,3840.7
29714,7136.12
29715,7050.29
29716,6194.17
29717,3823.35
29718,3763.605
29719,6623.99
29720,4256.34
29721,8846.483666666665
29722,4158.2
29723,4733.24
29724,5859.235
29725,14447.623333333333
29726,4156.96
29727,4941.84
29728,5860.92
29729,8107.24
29730,7898.78
29731,5410.81
29732,3651.3
29733,4646.76
29734,5970.0
29735,4053.8033333333337
29736,4447.3
29737,5701.06
29738,9524.75
29739,6259.38
29740,5144.91
29741,6062.4725
29742,3701.67
29743,8336.01
29744,4071.19
29745,10111.52
29746,5387.29
29747,4739.19
29748,5574.26
29749,3653.68
29750,6134.0
29751,20708.11
29752,3805.91
29753,4248.34
29754,8754.88
29755,6252.48
29756,5375.33
29757,7015.25
29758,5524.05
29759,5221.8
29760,3875.74
29761,7097.56
29762,4825.13
29763,5870.43
29764,7036.32
29765,4255.51
29766,6641.65
29767,5482.66
29768,3076.34
29769,7222.75
29770,9321.79
29771,3460.5
29772,6496.8775
29773,5847.23
29774,4503.06
29775,8627.7
29776,5309.44
29777,6502.15
29778,3964.58
29779,4270.86
29780,6292.926666666666
29781,3468.01
29782,6502.32
29783,3729.29
29784,6270.82
29785,4292.52
29786,4840.99
29787,5575.77
29788,6200.67
29789,5792.78
29790,7300.0
29791,4504.693333333334
29792,7675.818333333333
29793,4790.16
29794,7193.04
29795,7578.27
29796,6397.89
29797,4084.67
29798,5642.95
29799,5669.49
29800,4178.41
29801,11875.39
29802,5158.83
29803,5440.26
29804,8445.45
29805,5786.1793333333335
29806,3544.36
29807,8259.86
29808,8732.442666666668
29809,5108.33
29810,6734.227
29811,7873.97
29812,5517.48
29813,5176.87
29814,6901.89
29815,4389.28
29816,6355.69
29817,7084.68
29818,4347.49
29819,5690.81
29820,6553.5
29821,7591.431
29822,6745.715
29823,4986.9
29824,6470.0065
29825,4272.89
29826,5981.07
29827,7208.276666666667
29828,5474.93
29829,5558.52
29830,5073.85
29831,7887.98
29832,5438.906666666668
29833,4430.44
29834,5183.37
29835,6473.2429999999995
29836,6472.54
29837,4139.35
29838,3689.16
29839,6420.99
29840,5893.56
29841,4650.7
29842,6635.543333333334
29843,6470.41
29844,5315.17
29845,4238.69
29846,3666.9466666666663
29847,5567.72
29848,6315.605
29849,6085.590000000001
29850,7193.46
29851,7427.14
29852,4661.49
29853,7721.6
29854,3033.54
29855,2418.68
29856,6430.366666666666
29857,10007.19
29858,7158.641
29859,6153.965
29860,3327.8
29861,6295.43
29862,7213.97
29863,4798.733333333334
29864,7419.43
29865,4815.105
29866,5593.17
29867,4770.9
29868,5272.01
29869,5021.38
29870,4015.17
29871,4305.37
29872,3244.32
29873,6107.72
29874,6270.97
29875,3646.65
29876,5913.306666666667
29877,6383.79
29878,4206.93
29879,4380.07
29880,7993.45
29881,7249.19
29882,5941.2
29883,3806.42
29884,12781.69
29885,6170.89
29886,4602.503333333334
29887,7203.89
29888,6345.32
29889,6355.225833333334
29890,5593.76
29891,6356.39
29892,8665.37
29893,10609.37
29894,4675.83
29895,3896.82
29896,4426.239071428571
29897,5599.606666666667
29898,5481.67
29899,7863.46
29900,8086.32
29901,4848.12
29902,4058.84
29903,5883.41
29904,8135.66
29905,4587.455
29906,6041.58
29907,3319.33
29908,6941.16
29909,6130.67
29910,7137.59
29911,7174.78
29912,5559.948
29913,2827.74
29914,5535.51
29915,7142.3325
29916,7053.99
29917,7198.41
29918,6073.81
29919,5552.42
29920,3620.2826666666665
29921,8598.630166666664
29922,3467.65
29923,9851.271333333334
29924,5630.81
29925,3677.796
29926,6046.24
29927,5118.29
29928,5899.45
29929,7136.64
29930,3411.605
29931,4275.79
29932,4906.416666666667
29933,7557.14
29934,7892.29
29935,4836.25
29936,4838.34
29937,4981.9
29938,5974.34
29939,4499.41
29940,9792.72
29941,7339.734476190476
29942,10419.77
29943,3904.14
29944,5517.772166666667
29945,13562.4
29946,8004.26
29947,4521.59
29948,8508.96
29949,5736.96
29950,5306.46
29951,4798.72
29952,4016.82
29953,4347.24
29954,4742.32
29955,4315.68
29956,4122.58
29957,7410.31
29958,5395.408333333334
29959,19148.772
29960,5278.92
29961,3726.26
29962,5450.03
29963,8626.38
29964,4517.637
29965,5426.44
29966,4638.55
29967,6581.27
29968,5461.758333333332
29969,3729.11
29970,4737.96
29971,5583.74
29972,6378.09
29973,5903.963000000001
29974,8120.06
29975,4239.1
29976,3540.13
29977,4295.25
29978,7167.09
29979,8787.36
29980,7286.24
29981,5257.053333333333
29982,3761.94
29983,4799.86
29984,3238.43
29985,6413.91
29986,7443.28
29987,7854.01
29988,4116.86
29989,3643.6
29990,4523.072142857142
29991,4937.56
29992,8006.34
29993,5039.8
29994,4312.16
29995,3855.37
29996,6209.66
29997,2947.2
29998,5773.51
29999,3325.2
30000,5751.63
30001,5793.95
30002,4515.46
30003,6403.95
30004,5364.99
30005,4191.61
30006,5559.56
30007,5113.29
30008,8982.8
30009,5163.4
30010,5993.26
30011,6984.1759999999995
30012,8208.55
30013,5019.55
30014,6961.8
30015,4697.74
30016,3525.27
30017,5078.254
30018,5309.67
30019,8455.45
30020,5909.03
30021,4202.94
30022,6092.67
30023,6570.6
30024,6998.98
30025,2929.85
30026,10373.8725
30027,3516.97
30028,5182.02
30029,7150.92
30030,4926.03
30031,4492.26
30032,5047.743333333333
30033,5502.865
30034,4254.94
30035,4139.65
30036,6941.91
30037,5733.031666666666
30038,4996.65
30039,3708.02
30040,6020.4
30041,8881.56
30042,5426.06
30043,4856.49
30044,5059.01
30045,5560.69
30046,4990.63
30047,6832.95
30048,3363.58
30049,5674.54
30050,4514.83
30051,4719.8
30052,8381.71
30053,3803.94
30054,4326.468333333334
30055,3623.29
30056,5888.03
30057,8029.6
30058,4299.88
30059,3722.07
30060,4577.37
30061,4573.03
30062,4028.86
30063,6841.48
30064,5275.73
30065,6116.73
30066,4378.63
30067,3798.65
30068,4936.94
30069,8059.64
30070,6631.42
30071,6374.66
30072,6280.0419999999995
30073,4993.6
30074,7394.81
30075,4167.95
30076,4811.94
30077,7338.5
30078,5386.73
30079,7909.09
30080,7275.64
30081,5954.78
30082,4726.48
30083,5966.23
30084,5898.21
30085,4801.92
30086,3444.86
30087,4634.07
30088,6263.55
30089,4860.35
30090,3854.41
30091,6477.23
30092,5395.84
30093,5569.24
30094,4204.855666666666
30095,4222.57
30096,5688.86
30097,5328.23
30098,5444.3
30099,4447.4
30100,4157.61
30101,5286.1066666666675
30102,2892.55
30103,5104.236666666667
30104,3821.64
30105,7032.91
30106,6116.87
30107,5437.03
30108,7818.34
30109,4093.546
30110,4100.05
30111,8143.075
30112,4623.34
30113,6664.4
30114,6586.62
30115,4907.925
30116,4930.16
30117,7550.6
30118,6635.4259999999995
30119,9188.857
30120,6001.71
30121,2695.9
30122,3905.51
30123,6691.62
30124,6701.96
30125,5066.016666666666
30126,5477.505
30127,3794.6166666666663
30128,4644.31
30129,2790.92
30130,3886.89
30131,5228.94
30132,5542.98
30133,5654.49
30134,4268.65
30135,6292.328333333333
30136,6970.25
30137,6229.17
30138,4104.38
30139,7438.71
30140,7716.4
30141,4783.59
30142,6581.895
30143,3997.5
30144,5232.081666666667
30145,3080.36
30146,6327.85
30147,3750.98
30148,7723.69
30149,6729.0
30150,7063.96
30151,6908.81
30152,4622.92
30153,5751.7
30154,16016.365
30155,8187.028333333333
30156,3921.97
30157,2389.13
30158,4845.01
30159,7262.27
30160,5388.27
30161,11316.61
30162,16620.24
30163,3048.42
30164,4021.07
30165,8367.86
30166,3806.31
30167,7468.763333333332
30168,5336.17
30169,5669.346666666667
30170,3098.95
30171,5196.76
30172,5486.79
30173,6167.63
30174,5738.89
30175,5268.23
30176,4919.76
30177,5950.716666666666
30178,4112.87
30179,4117.81
30180,6259.95
30181,5108.15
30182,4864.33
30183,5411.42
30184,4726.36
30185,4814.03
30186,5918.66
30187,5366.62
30188,7082.74
30189,8452.77
30190,6195.35
30191,4281.1025
30192,2836.06
30193,5172.47
30194,5791.46
30195,4618.48
30196,4235.15
30197,6408.02
30198,5944.479523809524
30199,8281.417
30200,5497.63
30201,4827.45
30202,4210.69
30203,4245.0
30204,7174.36
30205,3891.48
30206,6324.44
30207,12531.5
30208,6250.38
30209,6636.13
30210,3833.18
30211,3874.6
30212,5633.92
30213,3416.531
30214,4630.51
30215,8377.7
30216,4505.14
30217,11341.115
30218,10807.96
30219,4250.69
30220,5268.69
30221,5894.46
30222,5042.055833333333
30223,4437.42
30224,9996.75
30225,6034.64
30226,6674.64
30227,3806.03
30228,5899.92
30229,4074.68
30230,8181.41
30231,5641.58
30232,4791.58
30233,5551.12
30234,4918.07
30235,6173.21
30236,8167.86
30237,5001.31
30238,7828.48
30239,5798.45
30240,7687.13
30241,4563.93
30242,4191.8
30243,4236.74
30244,6364.52
30245,5357.91
30246,6226.75
30247,4979.88
30248,6586.94
30249,3750.37
30250,6964.6
30251,5836.72
30252,3027.19
30253,10601.8
30254,14786.29
30255,5214.98
30256,5269.83
30257,6688.300833333333
30258,7908.505
30259,8933.8
30260,4676.57
30261,5652.75
30262,4561.58
30263,6597.72
30264,3534.1
30265,4386.32
30266,4366.86
30267,4801.92
30268,6006.47
30269,3675.03
30270,3306.23
30271,5275.93
30272,3519.52
30273,3286.98
30274,4838.77
30275,4808.87
30276,7170.12
30277,7728.65
30278,6138.41
30279,5358.19
30280,5739.05
30281,8900.87
30282,5873.54
30283,3976.25
30284,3768.07
30285,7545.76
30286,3358.492
30287,5531.953333333334
30288,2931.115
30289,3989.1875
30290,5786.48
30291,5886.67
30292,4638.24
30293,6591.01
30294,7897.95
30295,10274.69
30296,5763.27
30297,8394.8
30298,2699.06
30299,4174.64
30300,4777.655
30301,3349.07
30302,7077.149166666667
30303,3931.36
30304,4263.16
30305,7153.56
30306,9025.83
30307,8270.58
30308,4297.31
30309,3810.56
30310,11535.12
30311,6689.26
30312,4615.126666666667
30313,4240.78
30314,5490.44
30315,7256.41
30316,3738.29
30317,4691.13
30318,6192.4
30319,6280.71
30320,10858.14
30321,4490.3
30322,9941.685000000001
30323,6520.056666666666
30324,4373.39
30325,2917.33
30326,5139.12
30327,5317.9
30328,4290.46
30329,5877.15
30330,3768.82
30331,3651.69
30332,5504.22
30333,2729.72
30334,6887.55
30335,4693.96
30336,7025.14
30337,6431.44
30338,3651.73
30339,8158.08
30340,6096.09
30341,4177.08
30342,4399.86
30343,3788.01
30344,8537.75
30345,5349.68
30346,3525.79
30347,5237.528333333333
30348,6696.36
30349,5951.805
30350,4578.36
30351,6711.663333333334
30352,5002.66
30353,4628.91
30354,4563.32
30355,7310.756666666666
30356,4863.246666666667
30357,5150.89
30358,4170.1
30359,3886.26
30360,3872.3026666666665
30361,4309.22
30362,6877.36
30363,7896.89
30364,6757.61
30365,8156.153333333333
30366,6494.92
30367,7736.35
30368,4647.44
30369,9428.21
30370,7582.95
30371,5608.0
30372,6802.98
30373,6331.63
30374,4610.02
30375,3151.98
30376,9577.49
30377,3705.44
30378,5159.14
30379,5273.6
30380,4195.85
30381,8799.82
30382,5440.36
30383,6530.1
30384,3661.54
30385,4860.63
30386,5625.4
30387,5478.24
30388,5625.64
30389,4127.795
30390,4032.78
30391,3104.84
30392,2551.45
30393,5853.931666666667
30394,14676.54
30395,4925.865
30396,4758.575
30397,5139.91
30398,4002.0
30399,4548.3
30400,4158.89
30401,3334.94
30402,6227.58
30403,5729.68
30404,3518.81
30405,6544.15
30406,4100.92
30407,3801.8963095238096
30408,8892.25
30409,6819.88
30410,8494.52
30411,4116.025
30412,5647.26
30413,4063.8
30414,4074.11
30415,11372.19
30416,7664.18
30417,5609.74
30418,4304.57
30419,3750.48
30420,3935.07
30421,4549.35
30422,9618.32
30423,4248.6
30424,4706.42
30425,5695.9
30426,3696.26
30427,5374.42
30428,5238.59
30429,6746.1
30430,5994.33
30431,4680.68
30432,7445.26
30433,5487.44
30434,7448.91
30435,7027.69
30436,5753.03
30437,3815.22
30438,6202.95
30439,4844.58
30440,3746.8033333333337
30441,5744.8
30442,6201.4
30443,5119.78
30444,4758.19
30445,4814.77
30446,7099.31
30447,4794.610476190476
30448,5010.13
30449,5710.02
30450,4139.56
30451,7839.54
30452,5313.49
30453,4060.91
30454,8791.66
30455,4752.91
30456,2935.59
30457,6238.06
30458,7570.05
30459,7399.42
30460,4574.97
30461,4325.83
30462,4952.03
30463,5806.31
30464,4920.94
30465,6495.5
30466,2919.74
30467,4681.46
30468,5679.45
30469,4411.31
30470,3812.63
30471,5595.81
30472,5374.7
30473,4595.19
30474,6767.16
30475,5013.81
30476,6456.88
30477,4430.96
30478,5188.586666666667
30479,4676.36
30480,6126.47
30481,6471.96
30482,4261.27
30483,6786.2
30484,6961.19
30485,5363.516666666666
30486,4039.83
30487,3497.82
30488,5240.46
30489,4562.45
30490,6760.7
30491,5740.46
30492,4266.168333333334
30493,6953.6
30494,5147.65
30495,4435.24
30496,6189.18
30497,4428.46
30498,7127.934166666668
30499,8226.734333333334
30500,5822.16
30501,3728.52
30502,4217.42
30503,3442.85
30504,2683.12
30505,6061.34
30506,5097.12
30507,6835.67
30508,3463.34
30509,6122.14
30510,5517.02
30511,8962.78
30512,3903.08
30513,4617.62
30514,4047.63
30515,6893.95
30516,4967.75
30517,5585.75
30518,5875.58
30519,8594.69
30520,5965.5
30521,6228.995
30522,5183.36
30523,3998.54
30524,4056.29
30525,8263.32
30526,7457.295
30527,8965.485
30528,14049.21
30529,4636.12
30530,4363.405714285715
30531,4519.21
30532,6836.04
30533,7422.92
30534,5090.04
30535,5851.25
30536,5837.47
30537,5994.69
30538,5103.17
30539,4583.6
30540,4092.13
30541,3915.79
30542,2987.03
30543,3793.97
30544,6705.27
30545,13015.3
30546,4562.81
30547,4062.85
30548,5561.46
30549,2880.11
30550,4845.52
30551,3536.22
30552,7473.67
30553,4991.65
30554,4869.598333333333
30555,10415.49
30556,9690.545
30557,5722.23
30558,5722.16
30559,3001.135
30560,4931.69
30561,4370.76
30562,7937.88
30563,3984.15
30564,3956.32
30565,6471.84
30566,4450.16
30567,5875.658333333333
30568,5412.37
30569,3826.79
30570,5757.74
30571,6142.34
30572,5583.38
30573,3577.58
30574,3048.6733333333336
30575,6240.91
30576,3525.65
30577,8297.49
30578,3684.45
30579,4702.42
30580,5370.1475
30581,12826.93
30582,3974.13
30583,4673.43
30584,5537.86
30585,7545.06
30586,6941.93
30587,5105.36
30588,3297.81
30589,4525.92
30590,5384.87
30591,4069.5193333333336
30592,4574.26
30593,4861.586666666667
30594,10279.98
30595,5505.55
30596,4826.09
30597,6592.901666666667
30598,3808.16
30599,7480.9
30600,4482.65
30601,9954.4
30602,4939.31
30603,4373.32
30604,3287.38
30605,3350.25
30606,6087.51
30607,16537.29
30608,3211.41
30609,3682.43
30610,7759.35
30611,5806.795
30612,5270.27
30613,5875.76
30614,4786.15
30615,5409.05
30616,3911.16
30617,7404.63
30618,4233.5
30619,5610.68
30620,6526.07
30621,3810.86
30622,6369.53
30623,4682.23
30624,3112.16
30625,7180.12
30626,7630.4
30627,3275.67
30628,5409.435
30629,5736.3
30630,4224.73
30631,7050.74
30632,5119.57
30633,6285.3
30634,3476.92
30635,3757.6
30636,6146.75
30637,3398.18
30638,6210.02
30639,3278.68
30640,5633.28
30641,3985.54
30642,4521.38
30643,5694.54
30644,5484.92
30645,5865.57
30646,6138.96
30647,4750.97
30648,6709.088333333334
30649,5392.42
30650,5888.6
30651,7142.2
30652,6001.12
30653,3061.01
30654,5120.21
30655,5185.79
30656,4165.72
30657,10062.52
30658,4546.04
30659,5127.99
30660,8164.9
30661,5441.055
30662,3216.41
30663,8002.58
30664,8267.201666666668
30665,4935.66
30666,6349.28
30667,8511.9
30668,4682.78
30669,4834.26
30670,5186.56
30671,4206.56
30672,5769.85
30673,5587.98
30674,4031.46
30675,5040.79
30676,5497.87
30677,4679.795
30678,5998.64
30679,5067.06
30680,5461.045
30681,4913.62
30682,6493.745
30683,5334.956999999999
30684,5321.56
30685,5473.36
30686,5052.56
30687,7140.76
30688,4487.567
30689,4181.22
30690,4784.11
30691,6045.7
30692,6201.92
30693,3671.19
30694,3284.39
30695,6390.06
30696,5495.93
30697,4156.96
30698,6026.296666666667
30699,5698.45
30700,5040.54
30701,3902.8
30702,3443.802
30703,5754.9
30704,5425.95
30705,4537.959333333333
30706,7725.25
30707,7359.57
30708,4058.82
30709,7786.74
30710,3216.78
30711,2579.4
30712,6091.8516666666665
30713,9402.13
30714,6859.365
30715,5830.636666666667
30716,3583.65
30717,5498.14
30718,6918.01
30719,4073.17
30720,6286.62
30721,4311.653333333333
30722,6111.04
30723,4391.98
30724,4228.97
30725,4674.37
30726,3420.12
30727,3612.06
30728,3328.02
30729,5566.48
30730,5419.13
30731,3378.17
30732,5321.2
30733,5440.2
30734,4000.58
30735,4570.82
30736,6718.06
30737,6184.72
30738,6384.62
30739,3480.49
30740,10630.75
30741,5294.11
30742,3736.55
30743,6784.16
30744,6408.14
30745,5665.795
30746,4604.11
30747,5963.29
30748,6813.46
30749,9779.46
30750,3457.2
30751,3386.7
30752,3870.01
30753,5788.0025
30754,4785.03
30755,7721.07
30756,7293.27
30757,5022.54
30758,3364.36
30759,5579.15
30760,7972.91
30761,3429.56
30762,5411.76
30763,3583.09
30764,6015.47
30765,6200.45
30766,6137.28
30767,6660.49
30768,4896.722
30769,2743.87
30770,5422.87
30771,5801.585
30772,6588.65
30773,6251.75
30774,5679.68
30775,5186.71
30776,2960.3625
30777,7687.4816666666675
30778,3626.1
30779,9307.36
30780,5045.49
30781,2981.15
30782,5679.57
30783,4850.12
30784,5691.521666666667
30785,6166.3505000000005
30786,3017.94
30787,3648.15
30788,4999.31
30789,7266.13
30790,8489.86
30791,4116.53
30792,5228.8
30793,4870.88
30794,5304.49
30795,4319.94
30796,8092.55
30797,6226.19
30798,9240.1
30799,3407.11
30800,4003.228
30801,13086.64
30802,8619.86
30803,3769.04
30804,8012.69
30805,5773.28
30806,3994.45
30807,4239.58
30808,3707.68
30809,4048.51
30810,4509.13
30811,3945.1
30812,3760.59
30813,6884.63
30814,5983.933333333333
30815,18632.273333333334
30816,5170.37
30817,3753.57
30818,5449.65
30819,8781.78
30820,4192.0175
30821,5312.76
30822,4720.28
30823,6821.75
30824,5550.27
30825,4002.29
30826,4656.4
30827,5352.69
30828,6431.363333333334
30829,5357.84
30830,7764.53
30831,3791.88
30832,3506.21
30833,3939.66
30834,7483.32
30835,8312.32
30836,7386.14
30837,5294.304
30838,3373.36
30839,4777.49
30840,3516.14
30841,6359.5
30842,7451.76
30843,8297.35
30844,4053.84
30845,3851.44
30846,3968.395
30847,4670.05
30848,8757.45
30849,4870.3679999999995
30850,3478.8
30851,3737.48
30852,6333.38
30853,2828.64
30854,5573.72
30855,3163.95
30856,5307.46
30857,5382.9
30858,4494.11
30859,5877.22
30860,5264.84
30861,4201.95
30862,5357.9075
30863,4871.58
30864,7901.545
30865,4854.22
30866,6060.38
30867,6737.186666666667
30868,7856.33
30869,5305.26
30870,6254.91
30871,4468.59
30872,3465.68
30873,5211.895
30874,4916.75
30875,8675.18
30876,5354.83
30877,4015.69
30878,5205.76
30879,6714.5
30880,6033.77
30881,2983.34
30882,11078.32
30883,3452.49
30884,5449.86
30885,6921.74
30886,5118.37
30887,4275.515
30888,4978.4
30889,5637.306666666667
30890,3847.86
30891,4112.25
30892,7053.97
30893,5509.154
30894,5045.4
30895,3526.27
30896,5959.27
30897,9630.52
30898,5308.01
30899,4943.19
30900,4962.75
30901,5564.77
30902,5340.24
30903,7235.83
30904,3351.92
30905,5443.59
30906,4589.71
30907,4691.03
30908,8477.37
30909,3814.81
30910,4282.840833333334
30911,3774.46
30912,5649.42
30913,7723.31
30914,4082.37
30915,3478.39
30916,4490.6866666666665
30917,4353.08
30918,3842.84
30919,7032.55
30920,5442.04
30921,6307.15
30922,4061.32
30923,3780.13
30924,4608.89
30925,7017.24
30926,7002.24
30927,6184.96
30928,6560.1066666666675
30929,4772.88
30930,7047.95
30931,4152.6775
30932,4784.85
30933,7070.72
30934,5071.46
30935,7560.85
30936,7344.06
30937,5797.3
30938,4466.41
30939,6073.53
30940,5661.81
30941,4826.51
30942,3663.17
30943,4667.39
30944,6230.973333333333
30945,4517.26
30946,4016.91
30947,6281.11
30948,5510.53
30949,5466.18
30950,4384.253333333334
30951,4206.123333333333
30952,5672.5666666666675
30953,5446.67
30954,5430.32
30955,3900.75
30956,4511.98
30957,5085.91
30958,2943.01
30959,4984.255
30960,3481.43
30961,6607.25
30962,6096.1
30963,5370.61
30964,8025.35
30965,4675.053333333333
30966,3572.51
30967,8439.7
30968,4752.068333333333
30969,5871.6
30970,6524.6
30971,3976.615
30972,4818.7
30973,7445.58
30974,5895.11
30975,8811.171666666667
30976,5653.58
30977,2514.52
30978,4224.22
30979,6552.02
30980,6467.95
30981,5211.77
30982,5600.954000000001
30983,3619.63
30984,4467.23
30985,2790.42
30986,3862.96
30987,4810.28
30988,5115.31
30989,4895.9
30990,4532.055
30991,6232.71
30992,6590.14
30993,6196.44
30994,3544.51
30995,6767.3
30996,7635.031666666666
30997,4694.0
30998,6508.25
30999,3426.64
31000,5187.2733333333335
31001,2965.76
31002,6359.32
31003,3781.36
31004,7204.56
31005,6428.45
31006,6423.26
31007,7255.5
31008,4568.34
31009,5842.87
31010,15256.901666666665
31011,7608.913333333333
31012,3936.01
31013,2189.68
31014,4804.41
31015,6715.68
31016,5355.82
31017,11528.88
31018,15886.08
31019,3304.96
31020,3867.88
31021,6681.21
31022,4114.61
31023,7361.51
31024,4686.24
31025,5483.09
31026,2808.85
31027,5383.33
31028,5250.02
31029,6209.37
31030,5858.433333333333
31031,4764.72
31032,4513.36
31033,5603.77
31034,3891.7
31035,4089.45
31036,6494.91
31037,4184.14
31038,4734.73
31039,5488.83
31040,4379.23
31041,4588.85
31042,5491.55
31043,5247.97
31044,6914.61
31045,8075.42
31046,5550.85
31047,4473.880000000001
31048,2744.93
31049,5166.98
31050,5526.12
31051,4471.08
31052,4117.76
31053,6690.86
31054,5363.676666666666
31055,7553.06
31056,5073.52
31057,4288.63
31058,3942.64
31059,4221.04
31060,6569.33
31061,4036.39
31062,6403.1
31063,11899.14
31064,6027.86
31065,4852.4
31066,3630.0
31067,3950.18
31068,5556.6
31069,3487.2309999999998
31070,4601.29
31071,8180.14
31072,4351.57
31073,11081.448
31074,10268.69
31075,3861.21
31076,4944.42
31077,5352.82
31078,5086.662666666667
31079,4384.8
31080,10375.77
31081,5436.6
31082,6539.53
31083,3886.48
31084,5901.72
31085,3888.57
31086,8123.63
31087,4926.33
31088,4621.92
31089,5547.946666666667
31090,4972.9
31091,6231.21
31092,7469.56
31093,4713.58
31094,7885.39
31095,5246.84
31096,7964.47
31097,4155.96
31098,4455.31
31099,3796.47
31100,6367.23
31101,4950.88
31102,5413.2
31103,5117.92
31104,6597.28
31105,3653.566666666667
31106,6662.14
31107,5221.43
31108,3050.66
31109,11169.61
31110,13097.15
31111,5080.7
31112,5204.0
31113,6696.828333333333
31114,7747.035
31115,8678.41
31116,4513.496
31117,5803.655
31118,4361.74
31119,6204.27
31120,3484.68
31121,4192.95
31122,4157.1125
31123,4777.08
31124,6114.2733333333335
31125,3522.91
31126,2995.07
31127,5058.18
31128,3377.97
31129,3401.04
31130,4787.5
31131,5203.74
31132,6580.98
31133,7220.67
31134,5655.06
31135,4821.21
31136,5287.03
31137,8510.01
31138,6016.565
31139,3918.14
31140,3560.58
31141,7839.86
31142,3688.8686666666663
31143,5730.21
31144,2687.56
31145,3958.75
31146,5562.34
31147,5548.94
31148,4398.06
31149,6498.63
31150,7374.66
31151,10289.08
31152,5517.4
31153,8477.6
31154,2796.01
31155,4368.58
31156,4447.225
31157,3152.83
31158,7514.893333333333
31159,3902.55
31160,4342.37
31161,7179.45
31162,8940.43
31163,6906.85
31164,4209.32
31165,3821.78
31166,12548.878333333334
31167,6816.71
31168,4695.643333333333
31169,3798.41
31170,5393.44
31171,6860.55
31172,3783.29
31173,4885.262
31174,6028.53
31175,6367.41
31176,10376.65
31177,4431.49
31178,9903.22
31179,5525.473333333332
31180,4176.21
31181,2465.498333333333
31182,5001.65
31183,4960.79
31184,4058.0
31185,5465.67
31186,3599.79
31187,3157.985
31188,5250.23
31189,2659.44
31190,6919.87
31191,4845.35
31192,6754.56
31193,5968.17
31194,3877.09
31195,7478.37
31196,6087.1
31197,4628.79
31198,5385.97
31199,4720.44
31200,8520.57
31201,4987.11
31202,3784.1
31203,5369.795
31204,6016.14
31205,5319.521428571428
31206,4651.89
31207,6726.756666666667
31208,4931.77
31209,4658.17
31210,4573.48
31211,6937.241666666666
31212,4331.706666666667
31213,4555.17
31214,4096.52
31215,3935.26
31216,3812.3233333333333
31217,3924.05
31218,6382.54
31219,7617.69
31220,6543.11
31221,8394.536666666667
31222,6074.99
31223,7883.4775
31224,4891.204
31225,9373.58
31226,7414.82
31227,5719.1
31228,6532.95
31229,6267.14
31230,4640.92
31231,3177.6
31232,10053.4
31233,3938.2833333333333
31234,5355.36
31235,5421.59
31236,4333.95
31237,8338.5
31238,5363.63
31239,4767.83
31240,3713.4495
31241,4332.89
31242,5441.27
31243,5300.31
31244,5752.08
31245,4739.488333333333
31246,3916.32
31247,3436.62
31248,2444.56
31249,5758.08
31250,14552.92
31251,4596.473333333333
31252,4305.28
31253,5435.87
31254,3805.66
31255,4300.96
31256,3683.79
31257,3247.71
31258,5915.78
31259,5431.25
31260,3546.31
31261,6521.38
31262,4134.48
31263,4104.7975
31264,8759.29
31265,6905.21
31266,8396.79
31267,3802.35
31268,4913.2
31269,3560.71
31270,4025.96
31271,11900.48
31272,7508.5
31273,5419.28
31274,3838.29
31275,3452.65
31276,3930.4966666666664
31277,3655.24
31278,8124.56
31279,4166.93
31280,4950.43
31281,5334.0
31282,3647.81
31283,5009.98
31284,5224.49
31285,6714.85
31286,5506.49
31287,4668.1
31288,7267.39
31289,5384.4
31290,7247.97
31291,6582.38
31292,5610.31
31293,3575.47
31294,6480.66
31295,4700.23
31296,3841.9465
31297,5473.47
31298,5798.96
31299,5143.53
31300,4455.93
31301,4886.55
31302,6795.14
31303,4374.75
31304,5291.48
31305,5745.53
31306,4082.84
31307,7520.69
31308,5197.25
31309,3894.14
31310,8593.86
31311,4388.93
31312,3051.63
31313,6199.39
31314,7640.86
31315,7197.72
31316,4405.18
31317,4257.6
31318,5311.18
31319,6031.513000000001
31320,4868.503333333333
31321,6224.92
31322,2725.91
31323,4804.49
31324,5006.09
31325,4275.57
31326,3704.91
31327,5613.2
31328,5816.74
31329,4432.21
31330,6646.55
31331,5388.18
31332,6357.1
31333,4501.28
31334,5557.16
31335,4608.5
31336,5748.09
31337,6513.98
31338,2877.34
31339,6622.4
31340,6903.36
31341,5345.378666666667
31342,4176.885
31343,2991.16
31344,5278.92
31345,4490.87
31346,6858.97
31347,5524.82
31348,4083.1962499999995
31349,6087.7175
31350,4762.09
31351,4033.44
31352,6536.15
31353,4049.94
31354,6403.924
31355,8182.403333333333
31356,5611.13
31357,3559.22
31358,4176.23
31359,3411.68
31360,2760.01
31361,6043.6
31362,4325.04
31363,6701.53
31364,3366.69
31365,6146.16
31366,5442.2
31367,9370.535
31368,3761.09
31369,4580.76
31370,3684.6440000000002
31371,6132.0
31372,4627.48
31373,5603.71
31374,5597.29
31375,8183.76
31376,5665.43
31377,5633.51
31378,4980.07
31379,3644.7
31380,4291.15
31381,8186.96
31382,7330.312
31383,8137.76
31384,13641.07
31385,4466.3875
31386,4084.18
31387,4554.77
31388,6589.19
31389,7168.67
31390,4876.14
31391,5720.81
31392,5787.5
31393,5973.71
31394,4821.53
31395,4377.34
31396,3668.45
31397,4177.57
31398,3187.67
31399,3742.05
31400,6160.42
31401,13178.126666666667
31402,4684.34
31403,3901.03
31404,5494.33
31405,2597.96
31406,4887.09
31407,2974.76
31408,7581.81
31409,4858.15
31410,4856.47
31411,9992.07
31412,10383.96
31413,5408.91
31414,5814.65
31415,2923.5683333333336
31416,4904.78
31417,4272.11
31418,7834.19
31419,4070.23
31420,3441.35
31421,5446.18
31422,4476.0
31423,5911.564
31424,4817.27
31425,3610.97
31426,5633.54
31427,5847.06
31428,5312.73
31429,3203.64
31430,2942.755
31431,5920.44
31432,3793.97
31433,7885.283333333334
31434,3221.72
31435,4187.36
31436,4787.923
31437,4772.14
31438,3847.62
31439,4773.37
31440,5387.87
31441,7334.59
31442,6842.56
31443,4732.68
31444,3377.02
31445,4401.64
31446,6086.68
31447,3869.3033333333337
31448,4405.88
31449,4919.683333333333
31450,10703.48
31451,5364.3
31452,4530.12
31453,6299.19
31454,3833.41
31455,7348.94
31456,4461.07
31457,10077.95
31458,4548.35
31459,4094.16
31460,3250.41
31461,3338.93
31462,6016.6
31463,15827.42
31464,3271.03
31465,3545.77
31466,7337.73
31467,5881.86
31468,5208.21
31469,6681.88
31470,4569.39
31471,4866.11
31472,3613.21
31473,7353.65
31474,4339.83
31475,5438.63
31476,6301.2
31477,3679.47
31478,6095.74
31479,4380.65
31480,3276.99
31481,6818.91
31482,7452.31
31483,3321.78
31484,5096.46
31485,5021.17
31486,4015.54
31487,7024.02
31488,5110.88
31489,5796.74
31490,3476.95
31491,3467.68
31492,6558.13
31493,2922.01
31494,6092.93
31495,3626.27
31496,5478.12
31497,3961.19
31498,4296.395833333333
31499,5670.85
31500,5345.4
31501,5126.86
31502,5980.49
31503,4234.29
31504,6741.935
31505,5563.81
31506,6131.94
31507,7272.24
31508,5900.11
31509,3229.08
31510,5223.35
31511,5098.08
31512,4395.5
31513,9841.55
31514,4546.44
31515,5045.69
31516,7846.84
31517,5080.338
31518,3242.05
31519,8709.05
31520,8385.573333333332
31521,4923.21
31522,5924.12
31523,7054.39
31524,4752.35
31525,4809.72
31526,5216.96
31527,4452.983333333334
31528,5570.6
31529,5440.7
31530,3599.78
31531,5295.98
31532,5141.95
31533,4766.535000000001
31534,5566.048333333332
31535,4794.62
31536,5187.58
31537,4607.27
31538,6694.935
31539,5320.495
31540,4788.46
31541,5658.32
31542,4791.64
31543,7161.71
31544,4281.40761904762
31545,4482.27
31546,4571.19
31547,5858.55
31548,6384.76
31549,3689.75
31550,3191.71
31551,6641.07
31552,5976.81
31553,4390.07
31554,5899.206666666666
31555,5481.48
31556,5559.95
31557,3773.26
31558,3127.3
31559,5029.17
31560,5280.443333333333
31561,4442.5199999999995
31562,7839.48
31563,7528.27
31564,4014.09
31565,7039.81
31566,3196.83
31567,2658.14
31568,5821.108333333334
31569,10696.19
31570,5996.465
31571,5782.11
31572,3520.89
31573,5445.67
31574,6860.24
31575,4236.486666666667
31576,5922.75
31577,4469.628333333333
31578,5612.8
31579,4354.93
31580,3594.36
31581,4728.73
31582,3390.89
31583,3272.95
31584,3380.83
31585,5919.39
31586,5204.21
31587,3413.485
31588,5304.98
31589,5023.9
31590,4066.09
31591,4323.19
31592,6499.56
31593,6174.05
31594,5793.38
31595,3229.225
31596,10507.39
31597,4981.94
31598,3687.728
31599,6541.885
31600,6594.55
31601,5558.985
31602,4359.55
31603,5881.24
31604,6916.6
31605,10719.65
31606,3453.06
31607,3326.78
31608,3661.49
31609,5711.05
31610,5091.04
31611,6914.79
31612,6798.51
31613,5229.43
31614,3050.82
31615,5317.35
31616,7322.2
31617,3549.21
31618,5143.77
31619,3467.72
31620,5770.06
31621,6163.51
31622,5871.73
31623,7139.98
31624,4817.751333333334
31625,2619.8
31626,4997.91
31627,5411.8
31628,6363.07
31629,6057.86
31630,5680.91
31631,4660.43
31632,3112.583333333333
31633,7740.83
31634,3842.43
31635,8832.58
31636,5356.08
31637,3757.62
31638,5772.71
31639,4763.29
31640,5713.881666666667
31641,6135.068333333334
31642,3157.543333333333
31643,3518.55
31644,5097.6
31645,6357.2
31646,8537.72
31647,3804.18
31648,4774.97
31649,4484.43
31650,4851.17
31651,3906.09
31652,7668.94
31653,6195.881333333333
31654,9999.81
31655,3506.6
31656,4419.3679999999995
31657,12854.82
31658,9020.44
31659,3641.1166666666663
31660,7417.9
31661,6017.39
31662,3684.22
31663,4296.77
31664,3656.2
31665,4125.33
31666,4700.9
31667,4148.39
31668,3681.72
31669,6252.29
31670,5474.875
31671,18754.79
31672,4512.28
31673,3637.03
31674,5855.87
31675,10120.26
31676,4652.244000000001
31677,5559.36
31678,5022.77
31679,6719.23
31680,5223.196666666667
31681,3564.98
31682,4647.64
31683,5220.2
31684,6486.13
31685,5431.23
31686,7963.36
31687,3757.84
31688,3678.2
31689,3796.79
31690,8078.88
31691,9052.82
31692,7791.89
31693,6002.53
31694,3858.35
31695,4718.96
31696,3216.32
31697,6430.13
31698,7594.93
31699,8128.53
31700,4273.92
31701,3684.59
31702,4568.11
31703,4565.12
31704,8163.57
31705,5223.595
31706,3581.85
31707,3711.75
31708,6501.37
31709,3363.85
31710,5495.93
31711,3004.98
31712,5282.75
31713,5380.79
31714,4372.09
31715,6260.54
31716,5399.17
31717,4161.18
31718,5745.27
31719,4858.6
31720,7847.48
31721,4575.69
31722,6185.17
31723,6224.16
31724,7974.16
31725,4987.07
31726,6423.56
31727,4425.02
31728,4285.47
31729,5134.33
31730,5043.21
31731,9008.72
31732,5585.02
31733,4088.77
31734,4670.02
31735,6428.61
31736,6337.51
31737,2791.666666666666
31738,11241.13
31739,3804.94
31740,5489.8
31741,7244.98
31742,5107.089166666667
31743,4035.18
31744,4701.24
31745,5580.25
31746,4003.95
31747,4591.74
31748,6731.01
31749,5636.384166666668
31750,5150.37
31751,3376.6216666666664
31752,6171.95
31753,10599.79
31754,5571.56
31755,5618.76
31756,4763.95
31757,5633.7
31758,5360.14
31759,7681.24
31760,3532.17
31761,5718.02
31762,4698.01
31763,4516.51
31764,8964.55
31765,3965.73
31766,4582.456666666667
31767,3700.57
31768,5475.37
31769,7625.24
31770,3901.49
31771,3470.8483333333334
31772,4118.69
31773,4274.45
31774,3924.98
31775,6849.13
31776,5566.9
31777,6661.32
31778,4136.97
31779,3939.08
31780,4631.7
31781,7488.53
31782,7122.2
31783,6124.85
31784,6042.6
31785,4951.56
31786,7089.13
31787,3843.6
31788,5221.27
31789,6949.1
31790,4618.318
31791,8630.57
31792,6851.03
31793,6121.93
31794,4551.85
31795,6239.09
31796,5663.27
31797,4632.01
31798,3647.51
31799,4815.02
31800,6164.515
31801,4812.3
31802,3977.48
31803,6714.64
31804,5279.14
31805,5232.66
31806,4395.6025
31807,3960.87
31808,5795.1
31809,5132.69
31810,5449.99
31811,3855.18
31812,4216.46
31813,5224.2266666666665
31814,2937.38
31815,6569.705
31816,3441.98
31817,6807.61
31818,6642.11
31819,5806.6
31820,7883.22
31821,4054.61
31822,3484.296666666667
31823,8042.886666666667
31824,4777.036666666666
31825,5603.16
31826,6692.41
31827,3858.2625
31828,4874.76
31829,7217.37
31830,6294.37
31831,8790.231285714286
31832,6087.57
31833,2529.89
31834,4006.27
31835,6651.75
31836,6594.62
31837,4728.26
31838,5652.568333333334
31839,3815.858333333333
31840,4343.2
31841,2669.33
31842,4112.72
31843,4793.08
31844,5096.1
31845,5349.77
31846,4666.041666666667
31847,6515.293333333334
31848,7040.69
31849,6322.66
31850,3564.74
31851,6989.82
31852,7683.8369999999995
31853,4595.02
31854,6436.06
31855,3279.2046666666665
31856,5142.546666666667
31857,2757.52
31858,6420.17
31859,3933.78
31860,7331.6
31861,6411.71
31862,6555.9
31863,7564.73
31864,4638.15
31865,5644.57
31866,15573.275
31867,8475.537
31868,4450.91
31869,2208.86
31870,4774.61
31871,7460.14
31872,5432.54
31873,11113.53
31874,16678.21
31875,3218.57
31876,4007.8
31877,7233.64
31878,3763.61
31879,7345.27
31880,5019.95
31881,5733.3
31882,2760.13
31883,5864.99
31884,5229.44
31885,6078.36
31886,5211.15
31887,4632.51
31888,4469.83
31889,5854.05
31890,3872.88
31891,4245.87
31892,6588.89
31893,4163.47
31894,4712.0
31895,5767.28
31896,5243.29
31897,4588.52
31898,5535.0
31899,5323.13
31900,6947.41
31901,9109.25
31902,6190.07
31903,4265.2135
31904,2816.74
31905,5497.52
31906,5653.63
31907,4436.83
31908,4411.8
31909,7334.16
31910,5252.16
31911,7994.7
31912,5898.62
31913,4419.86
31914,4080.74
31915,4596.23
31916,7082.33
31917,4004.19
31918,6558.43
31919,12880.3
31920,6070.63
31921,5078.07
31922,3679.7
31923,3877.61
31924,5528.25
31925,3659.785
31926,4640.56
31927,8210.99
31928,4440.16
31929,11126.416666666668
31930,10698.94
31931,4011.08
31932,5082.37
31933,5760.68
31934,4974.67
31935,4508.67
31936,9475.56
31937,5901.38
31938,7014.51
31939,3955.75
31940,5715.134666666667
31941,3814.24
31942,8106.42
31943,4822.98
31944,4714.41
31945,5174.61
31946,4674.01
31947,6673.98
31948,8102.02
31949,4834.03
31950,8015.6
31951,5173.87
31952,7760.13
31953,4685.29
31954,4001.56
31955,3891.38
31956,6819.19
31957,5037.46
31958,5689.73
31959,4941.25
31960,6874.74
31961,3434.69
31962,7329.67
31963,6244.79
31964,2944.25
31965,11167.52
31966,13335.64
31967,4982.99
31968,5305.53
31969,7262.806666666667
31970,7903.996666666666
31971,9372.49
31972,4686.7625
31973,5544.2175
31974,4382.97
31975,6077.04
31976,3491.36
31977,4464.1
31978,4293.171666666666
31979,4698.69
31980,6147.985
31981,3950.73
31982,3153.68
31983,4969.35
31984,3389.62
31985,3297.96
31986,4534.33
31987,4559.97
31988,6753.54
31989,7024.71
31990,5663.84
31991,4757.84
31992,5199.69
31993,8730.52
31994,6009.22
31995,3802.25
31996,3134.63
31997,9772.65
31998,3523.6566666666668
31999,5305.635
32000,2693.98
32001,3794.53
32002,5601.67
32003,5232.18
32004,4356.41
32005,6697.06
32006,7126.613333333334
32007,10520.58
32008,5853.84
32009,8722.31
32010,2680.335
32011,4503.0
32012,4512.107857142857
32013,2931.5733333333337
32014,7387.571999999999
32015,3831.27
32016,4595.14
32017,7176.91
32018,8901.61
32019,6867.72
32020,4236.52
32021,3976.83
32022,12433.801666666664
32023,6716.7
32024,4967.99
32025,3723.73
32026,5448.16
32027,7023.11
32028,3426.9
32029,4764.02
32030,5877.45
32031,6260.36
32032,11414.27
32033,4397.62
32034,10021.41
32035,5052.34
32036,4343.46
32037,2563.25
32038,5100.17
32039,5021.44
32040,3786.04
32041,5778.56
32042,3623.26
32043,2968.19
32044,5178.49
32045,2815.88
32046,7278.61
32047,4705.4
32048,6759.78
32049,6169.971666666666
32050,3267.046666666666
32051,7788.75
32052,5756.71
32053,4269.92
32054,5330.34
32055,4138.86
32056,8461.06
32057,4951.37
32058,3918.9933333333333
32059,5186.716666666667
32060,6292.68
32061,5364.36
32062,4688.8
32063,7018.03
32064,5012.82
32065,4817.18
32066,4793.41
32067,6648.46
32068,5231.02
32069,4803.99
32070,3737.14
32071,4188.98
32072,3829.45
32073,4155.55
32074,6283.25
32075,7827.74
32076,6578.62
32077,9123.096666666668
32078,6395.48
32079,8329.154166666667
32080,4582.636666666667
32081,9421.26
32082,7498.53
32083,5449.72
32084,6665.1
32085,7166.13
32086,4722.51
32087,3237.36
32088,10924.77
32089,3544.73
32090,5355.02
32091,5324.13
32092,4214.82
32093,8803.09
32094,5550.49
32095,4801.74
32096,3685.19
32097,4470.23
32098,5693.74
32099,5310.85
32100,5459.09
32101,4619.518571428572
32102,3887.87
32103,2982.03
32104,2630.22
32105,5957.861666666667
32106,14982.07
32107,4529.35
32108,4380.125
32109,5774.09
32110,4022.94
32111,4240.46
32112,3671.34
32113,3556.17
32114,6086.17
32115,5540.29
32116,3682.22
32117,6675.06
32118,3784.01
32119,3921.61
32120,9383.78
32121,8080.25
32122,8722.76
32123,4102.08
32124,5946.19
32125,3336.08
32126,4153.42
32127,12350.55
32128,7618.16
32129,5416.07
32130,4048.76
32131,3269.38
32132,3870.52
32133,3774.61
32134,8665.39
32135,4491.06
32136,5115.74
32137,5305.42
32138,3732.71
32139,5572.38
32140,5761.87
32141,6921.54
32142,5334.65
32143,4648.78
32144,7018.84
32145,5019.95
32146,7542.73
32147,7045.11
32148,5508.03
32149,3745.24
32150,6504.48
32151,4964.3
32152,3577.11
32153,5580.29
32154,6009.95
32155,4843.66
32156,4959.05
32157,5095.62
32158,6912.92
32159,4302.195
32160,5257.87
32161,5019.89
32162,4122.61
32163,7694.42
32164,5072.1
32165,3741.58
32166,9328.55
32167,4815.83
32168,3063.47
32169,6681.68
32170,7903.01
32171,8098.47
32172,4302.32
32173,4288.07
32174,5178.36
32175,5568.01
32176,4850.45
32177,6287.03
32178,2830.45
32179,4718.61
32180,4969.36
32181,4253.99
32182,3809.97
32183,5324.9
32184,5983.12
32185,4699.28
32186,6841.95
32187,5135.46
32188,6628.18
32189,4510.61
32190,5326.27
32191,4782.86
32192,5710.8083333333325
32193,6863.16
32194,3110.37
32195,6736.67
32196,6698.58
32197,5222.862857142857
32198,4189.731904761906
32199,3421.65
32200,5176.33
32201,4706.63
32202,6228.85
32203,5695.68
32204,4333.713333333334
32205,5542.618333333334
32206,5305.59
32207,4175.47
32208,6466.25
32209,4173.96
32210,6681.42
32211,8615.68
32212,6209.97
32213,3681.19
32214,4430.61
32215,3561.44
32216,2798.82
32217,6218.96
32218,4268.385
32219,7635.43
32220,3537.19
32221,5800.58
32222,5498.32
32223,8401.13
32224,3944.22
32225,4580.61
32226,3990.1
32227,6529.71
32228,5184.72
32229,5491.85
32230,5630.73
32231,8286.62
32232,5702.94
32233,5977.58
32234,4980.57
32235,3681.73
32236,4273.01
32237,9115.89
32238,7198.7733333333335
32239,9495.58
32240,13644.76
32241,4417.91
32242,3983.46
32243,4712.74
32244,6496.32
32245,7337.55
32246,5024.61
32247,5779.09
32248,5898.43
32249,6334.45
32250,4804.11
32251,4114.23
32252,3974.89
32253,4251.86
32254,2850.75
32255,3938.01
32256,6481.71
32257,13870.746666666666
32258,4475.95
32259,4246.44
32260,5684.5
32261,2493.0125
32262,5209.26
32263,3303.72
32264,7987.82
32265,4601.57
32266,4917.579333333333
32267,10085.87
32268,9101.15
32269,5376.77
32270,5958.99
32271,2790.765
32272,4892.59
32273,4626.76
32274,8182.8
32275,3950.16
32276,3537.4
32277,5206.46
32278,4858.17
32279,6252.86
32280,4994.75
32281,3654.05
32282,5416.27
32283,6353.46
32284,5666.47
32285,3043.17
32286,2789.42
32287,6176.28
32288,4027.67
32289,7731.616666666666
32290,3364.4
32291,4674.74
32292,4682.736666666667
32293,4475.54
32294,3711.53
32295,4944.46
32296,5030.05
32297,7555.34
32298,6912.52
32299,4471.84
32300,3708.51
32301,4447.66
32302,6257.9
32303,4040.51
32304,4702.0
32305,5104.528333333334
32306,10560.26
32307,5603.56
32308,4679.85
32309,6180.529166666666
32310,3903.06
32311,7457.5
32312,4657.47
32313,10173.37
32314,4711.22
32315,3854.21
32316,3605.25
32317,3388.45
32318,6189.7
32319,16513.66
32320,3000.89
32321,3534.83
32322,9007.52
32323,6060.02
32324,5327.47
32325,6206.3
32326,4611.79
32327,4200.4
32328,3877.04
32329,7922.94
32330,4282.16
32331,5604.54
32332,6284.34
32333,3990.49
32334,6523.05
32335,4911.5
32336,3328.99
32337,7312.37
32338,9054.01
32339,3582.67
32340,4817.213333333333
32341,5203.8
32342,4267.4
32343,7084.23
32344,4612.88
32345,5855.56
32346,3387.24
32347,3624.87
32348,6790.886666666666
32349,2970.73
32350,6879.05
32351,3507.11
32352,5453.94
32353,4110.19
32354,4207.29
32355,5815.33
32356,5890.05
32357,5302.63
32358,5791.49
32359,4180.28
32360,6819.805666666666
32361,5413.22
32362,6131.24
32363,7543.26
32364,5873.47
32365,3098.85
32366,5487.42
32367,5891.38
32368,4543.87
32369,9489.14
32370,4858.97
32371,5320.05
32372,8263.65
32373,5256.73
32374,3100.99
32375,8289.15
32376,8540.819
32377,5233.5
32378,6743.51
32379,9112.47
32380,4827.4
32381,5294.27
32382,5399.88
32383,4528.11
32384,5675.28
32385,5262.09
32386,3748.33
32387,6189.62
32388,5031.33
32389,5010.21
32390,5582.7775
32391,4856.33
32392,5914.86
32393,4411.01
32394,6898.9575
32395,5189.32
32396,4921.64
32397,5790.29
32398,4869.91
32399,7339.24
32400,4311.54
32401,4590.92
32402,4554.56
32403,5597.395
32404,7105.58
32405,3944.35
32406,3374.98
32407,6423.77
32408,6077.69
32409,4440.76
32410,6456.08
32411,5579.75
32412,5003.98
32413,3474.45
32414,3190.873333333334
32415,5434.97
32416,5241.91
32417,5346.522
32418,8021.11
32419,7513.22
32420,4179.88
32421,7162.46
32422,3129.26
32423,2914.07
32424,6455.38
32425,10816.0
32426,6014.04
32427,5457.95
32428,3739.73
32429,5511.11
32430,6892.04
32431,4585.175
32432,6822.62
32433,4419.13
32434,5591.46
32435,4573.8
32436,3733.555
32437,4845.89
32438,3362.13
32439,3412.39
32440,3835.35
32441,5931.66
32442,5524.64
32443,3386.63
32444,5723.04
32445,5059.1
32446,4152.19
32447,4597.73
32448,6415.96
32449,6149.03
32450,5790.05
32451,3126.105
32452,11639.0
32453,5101.47
32454,3953.6
32455,6307.22
32456,6801.01
32457,5644.78
32458,4562.81
32459,5978.99
32460,7269.85
32461,9916.61
32462,3470.86
32463,3614.26
32464,3610.06
32465,5634.62
32466,5067.3
32467,8411.07
32468,6926.65
32469,5193.11
32470,3368.9
32471,5804.201999999999
32472,7859.4
32473,3393.05
32474,5226.79
32475,3605.71
32476,5715.53
32477,6309.19
32478,6083.478333333333
32479,7394.46
32480,5615.205
32481,2272.49
32482,4987.62
32483,6192.725
32484,6620.8
32485,5896.828
32486,5251.475
32487,4790.06
32488,3346.8140000000003
32489,7815.93
32490,3761.53
32491,8881.963333333333
32492,5577.66
32493,3619.53
32494,5864.9
32495,4990.84
32496,5556.761666666666
32497,6358.47
32498,3094.5
32499,3832.42
32500,5234.263333333333
32501,6318.01
32502,7934.07
32503,4131.48
32504,5442.35
32505,4600.5
32506,4885.2
32507,4210.45
32508,7335.23
32509,6704.5875
32510,10160.49
32511,4078.36
32512,4264.037
32513,12909.91
32514,8920.08
32515,4271.425
32516,7900.93
32517,5930.97
32518,4027.69
32519,4224.46
32520,3801.71
32521,4399.0
32522,4707.66
32523,4101.91
32524,3765.07
32525,6073.49
32526,5418.74
32527,19120.78
32528,4694.26
32529,3918.27
32530,6254.68
32531,10462.35
32532,5045.415
32533,6178.88
32534,5466.59
32535,7114.97
32536,6387.464
32537,3978.71
32538,5024.22
32539,5690.24
32540,7005.01
32541,5992.576999999999
32542,8201.79
32543,3940.5
32544,4057.48
32545,4151.52
32546,8481.89
32547,10167.91
32548,7978.86
32549,5808.77
32550,3696.33
32551,5333.66
32552,3568.04
32553,7309.26
32554,8486.29
32555,8958.29
32556,4501.37
32557,4106.95
32558,4474.24
32559,5453.24
32560,8473.673333333334
32561,6395.78
32562,4040.49
32563,4045.0
32564,6847.07
32565,3563.01
32566,6034.35
32567,3365.68
32568,5887.05
32569,5766.65
32570,5014.77
32571,6612.45
32572,5467.24
32573,4793.01
32574,6139.9945
32575,5699.95
32576,8177.223333333333
32577,5752.2675
32578,6372.41
32579,7627.585999999999
32580,8524.69
32581,5729.23
32582,6915.74
32583,4671.43
32584,4555.45
32585,5510.89
32586,6042.93
32587,9231.6
32588,6506.8
32589,4737.28
32590,5855.79
32591,7358.37
32592,6717.48
32593,3454.29
32594,11564.79
32595,3985.93
32596,6321.0
32597,7443.36
32598,5645.168333333332
32599,4482.536666666667
32600,4909.4
32601,6664.37
32602,4586.16
32603,4600.85
32604,7595.28
32605,6675.902000000001
32606,5590.6
32607,4368.9
32608,6503.66
32609,10823.06
32610,6256.42
32611,5841.63
32612,5544.94
32613,5972.73
32614,5703.35
32615,7518.21
32616,3594.25
32617,6608.01
32618,5382.72
32619,5544.64
32620,10463.96
32621,4096.91
32622,4389.64
32623,3893.92
32624,5805.81
32625,8244.07
32626,4509.03
32627,4206.06
32628,4721.41
32629,4733.67
32630,4245.23
32631,7248.61
32632,6182.5
32633,7231.2
32634,4432.52
32635,4199.04
32636,5386.78
32637,8184.67
32638,7224.86
32639,6606.18
32640,6814.478333333333
32641,5107.05
32642,8090.92
32643,4396.12
32644,5327.4
32645,8243.74
32646,5706.3
32647,8933.67
32648,7075.77
32649,6471.45
32650,4846.6
32651,6577.43
32652,5932.75
32653,5227.54
32654,3706.29
32655,5080.5
32656,6527.5
32657,5387.51
32658,3869.2166666666667
32659,6978.392333333334
32660,5919.53
32661,5697.18
32662,4777.6075
32663,4456.845
32664,6359.3
32665,6033.98
32666,6068.38
32667,4403.59
32668,5029.67
32669,5611.304
32670,3537.35
32671,6378.7080000000005
32672,4027.6
32673,7330.07
32674,6524.69
32675,6241.98
32676,8593.8
32677,4513.88
32678,4502.36
32679,8854.71
32680,5444.134
32681,6561.93
32682,7184.0
32683,4257.385
32684,5535.57
32685,7914.1
32686,6570.69
32687,10335.013333333334
32688,7077.15
32689,2809.54
32690,4261.27
32691,6641.7
32692,7108.67
32693,4476.04
32694,6258.32
32695,4028.1591666666664
32696,5042.65
32697,2827.5
32698,4320.38
32699,5477.83
32700,5317.27
32701,6277.33
32702,5230.691666666667
32703,6785.7075
32704,7105.72
32705,7009.8
32706,4076.32
32707,8315.33
32708,8232.79
32709,5172.25
32710,7449.52
32711,4208.55
32712,5580.647
32713,3199.81
32714,6230.84
32715,4018.12
32716,8419.95
32717,6922.57
32718,7180.8
32719,8046.94
32720,5266.41
32721,6721.13
32722,16428.245
32723,8877.49
32724,4528.694
32725,2399.98
32726,5104.35
32727,7998.49
32728,5952.11
32729,10994.56
32730,17420.88
32731,3704.83
32732,4266.36
32733,8063.11
32734,4118.67
32735,7567.48
32736,5471.04
32737,6312.88
32738,3259.64
32739,6205.77
32740,5516.91
32741,7024.91
32742,6068.23
32743,5813.23
32744,4969.58
32745,6513.0
32746,3959.26
32747,4555.99
32748,7464.4
32749,4475.15
32750,5198.19
32751,5846.88
32752,5348.24
32753,4864.95
32754,6387.72
32755,6092.56
32756,8009.08
32757,11401.52
32758,6020.6
32759,5178.113666666667
32760,2999.45
32761,6599.2
32762,6514.32
32763,4851.77
32764,4606.41
32765,7650.42
32766,5490.96
32767,9787.376666666667
32768,6299.71
32769,4634.92
32770,4277.65
32771,5096.87
32772,7800.09
32773,4440.4
32774,7111.56
32775,13907.23
32776,6519.64
32777,5405.53
32778,4063.82
32779,4229.15
32780,5716.2
32781,3755.51
32782,5187.4
32783,8901.71
32784,4845.8
32785,11071.903333333335
32786,11592.93
32787,4332.57
32788,5761.56
32789,6190.71
32790,5659.485833333334
32791,5122.92
32792,11054.38
32793,6298.84
32794,7410.43
32795,4404.57
32796,6269.107619047619
32797,4062.66
32798,8905.57
32799,4981.05
32800,5117.28
32801,6417.0975
32802,4903.25
32803,7058.91
32804,8976.37
32805,5062.45
32806,8554.89
32807,6640.99
32808,9348.0
32809,4733.7
32810,4282.09
32811,4119.42
32812,6990.1
32813,5562.88
32814,6572.41
32815,5483.4
32816,7689.68
32817,4173.89
32818,7496.39
32819,5935.38
32820,3448.71
32821,11608.08
32822,15919.25
32823,5500.25
32824,5783.39
32825,7673.07
32826,8380.8025
32827,9999.26
32828,4917.29
32829,5984.89
32830,4563.56
32831,6622.51
32832,4029.39
32833,4958.84
32834,4830.94
32835,5196.15
32836,7147.77
32837,3841.55
32838,3394.03
32839,5519.82
32840,3442.72
32841,3923.62
32842,4384.64
32843,4930.0
32844,7170.87
32845,7526.92
32846,6586.06
32847,5372.36
32848,5701.43
32849,9354.46
32850,6663.56
32851,4024.4
32852,3987.02
32853,10490.66
32854,4569.118333333334
32855,5734.876666666667
32856,3160.5456666666664
32857,4256.6875
32858,5896.73
32859,5796.01
32860,4711.67
32861,6991.74
32862,8473.39
32863,11491.59
32864,6415.66
32865,9148.49
32866,2974.86
32867,4614.5
32868,5261.82
32869,3173.19
32870,7372.5725
32871,4262.07
32872,4905.24
32873,7921.94
32874,9816.97
32875,7613.83
32876,4574.08
32877,4238.09
32878,13855.388
32879,7595.32
32880,5502.13
32881,4421.7
32882,6145.24
32883,7609.15
32884,3857.13
32885,5487.346666666666
32886,6525.0
32887,6504.99
32888,11690.44
32889,4690.76
32890,10763.18
32891,6522.57
32892,4594.22
32893,3123.425
32894,5466.29
32895,5262.27
32896,4620.43
32897,6662.3
32898,4088.61
32899,3440.2313333333336
32900,5717.6
32901,3527.66
32902,7495.62
32903,5321.13
32904,7145.42
32905,6599.36
32906,4039.07
32907,8333.58
32908,6698.92
32909,4475.37
32910,5350.48
32911,4150.92
32912,9649.33
32913,5938.55
32914,4027.84
32915,5576.033333333334
32916,7396.59
32917,5795.94
32918,5323.68
32919,7755.24
32920,5465.61
32921,4823.33
32922,4979.57
32923,7616.61
32924,5346.68
32925,5700.58
32926,4195.28
32927,4738.9
32928,4826.0675
32929,4320.16
32930,6873.47
32931,9073.52
32932,6966.28
32933,9826.84
32934,6738.8
32935,9380.791333333333
32936,4966.175333333334
32937,10379.88
32938,8910.94
32939,5851.02
32940,7127.75
32941,7227.65
32942,4935.82
32943,3623.05
32944,10742.86
32945,3839.79
32946,5753.68
32947,5673.26
32948,4404.47
32949,9106.42
32950,5936.17
32951,5346.3
32952,4100.909333333333
32953,5005.95
32954,6299.91
32955,5677.44
32956,6751.28
32957,4791.93
32958,4168.46
32959,3452.27
32960,2744.62
32961,6142.3
32962,15962.32
32963,5062.61
32964,4613.55
32965,6254.76
32966,4096.88
32967,4983.7
32968,4198.17
32969,3567.73
32970,6700.69
32971,5724.09
32972,3841.71
32973,7586.551428571428
32974,4065.26
32975,4763.366666666666
32976,11339.41
32977,8634.54
32978,9341.34
32979,4424.24
32980,5950.69
32981,3833.66
32982,4458.06
32983,12667.95
32984,8059.69
32985,5949.29
32986,4297.36
32987,4279.8
32988,5061.8
32989,3854.38
32990,9423.66
32991,4907.17
32992,5652.69
32993,5654.5
32994,4077.51
32995,5582.33
32996,5779.63
32997,7738.3
32998,6021.89
32999,5367.51
33000,7796.4
33001,5500.23
33002,8059.2
33003,7549.66
33004,5216.23
33005,3849.13
33006,6956.75
33007,5218.94
33008,4333.762166666666
33009,5807.42
33010,6338.55
33011,5304.88
33012,5311.9
33013,5817.53
33014,7819.12
33015,5102.503
33016,6064.27
33017,5761.62
33018,4502.02
33019,8331.45
33020,5159.33
33021,3946.59
33022,9733.481666666667
33023,5208.78
33024,2949.27
33025,6716.92
33026,8124.75
33027,8276.575
33028,4442.12
33029,4873.37
33030,5805.89
33031,6628.56
33032,5202.91
33033,6872.81
33034,2806.46
33035,5287.51
33036,5500.67
33037,4712.6
33038,4090.25
33039,6131.63
33040,6883.67
33041,5261.91
33042,7121.22
33043,5010.41
33044,7520.45
33045,4511.09
33046,6039.95
33047,5030.27
33048,6605.295
33049,7685.57
33050,3265.19
33051,6869.13
33052,7375.07
33053,6303.355
33054,4482.332023809524
33055,3484.28
33056,6127.58
33057,4120.07
33058,6729.056666666667
33059,6090.04
33060,4869.1
33061,6601.585
33062,5407.64
33063,4112.07
33064,6659.61
33065,4230.64
33066,8376.27
33067,8587.81
33068,6421.62
33069,3874.9
33070,4589.19
33071,3627.94
33072,2827.64
33073,6607.83
33074,4831.59
33075,7941.21
33076,3465.92
33077,6235.51
33078,5743.02
33079,9489.23
33080,3817.32
33081,4918.45
33082,4475.555
33083,7220.44
33084,5683.84
33085,6254.94
33086,6537.65
33087,9187.35
33088,6564.72
33089,6510.81
33090,5700.28
33091,4083.68
33092,4521.924
33093,9317.28
33094,7805.734
33095,11181.612666666666
33096,14728.02
33097,5023.56
33098,4855.78
33099,4953.0
33100,7112.49
33101,7728.25
33102,5349.5
33103,6183.58
33104,6716.05
33105,6716.41
33106,5371.03
33107,4556.43
33108,4331.21
33109,4528.75
33110,3389.61
33111,3984.03
33112,6901.9
33113,14421.106000000002
33114,5100.94
33115,4687.95
33116,5681.8
33117,2967.48
33118,5610.67
33119,3417.34
33120,9017.84
33121,4910.39
33122,6268.18
33123,11592.14
33124,10010.48
33125,6049.594
33126,6508.5
33127,3181.7290476190474
33128,5961.7
33129,5122.8
33130,8431.61
33131,4020.92
33132,4155.81
33133,5677.96
33134,5366.75
33135,6397.473333333332
33136,5278.26
33137,3744.23
33138,7020.25
33139,6718.44
33140,5843.61
33141,3778.68
33142,3157.2309999999998
33143,6720.25
33144,4076.71
33145,8296.925
33146,3844.69
33147,5654.61
33148,5926.229666666665
33149,4776.56
33150,4171.87
33151,5081.86
33152,5661.25
33153,8818.62
33154,7714.14
33155,5159.61
33156,3930.58
33157,5654.66
33158,6374.28
33159,4499.62
33160,4812.92
33161,5483.6125
33162,11735.82
33163,6594.71
33164,5146.89
33165,6619.386666666666
33166,3985.65
33167,8350.61
33168,4886.35
33169,10814.49
33170,4893.8
33171,4238.29
33172,3959.96
33173,3573.74
33174,6892.05
33175,16914.95
33176,3355.34
33177,3563.68
33178,9168.84
33179,6395.73
33180,5917.23
33181,7157.73
33182,5057.43
33183,4927.59
33184,4159.18
33185,9062.31
33186,5024.57
33187,6446.77
33188,7083.15
33189,4405.31
33190,7263.97
33191,5054.05
33192,3564.11
33193,7861.19
33194,9096.52
33195,3662.72
33196,5831.4293333333335
33197,6074.84
33198,5031.88
33199,8142.41
33200,5302.12
33201,6575.16
33202,4404.69
33203,4079.07
33204,6787.29
33205,2964.87
33206,6897.68
33207,3797.02
33208,6107.89
33209,4174.99
33210,4912.98
33211,6085.05
33212,5722.93
33213,6180.68
33214,6627.61
33215,4943.01
33216,8100.73
33217,5644.27
33218,6157.88
33219,8268.62
33220,6640.82
33221,3390.37
33222,5579.67
33223,6076.97
33224,8844.95
33225,10923.09
33226,5035.75
33227,6132.79
33228,9165.17
33229,4806.1866666666665
33230,3325.77
33231,8944.93
33232,9950.394
33233,5392.03
33234,7249.56
33235,9393.82
33236,5172.06
33237,5374.88
33238,5854.39
33239,5111.97
33240,5959.94
33241,5983.52
33242,4001.59
33243,5723.78
33244,5624.88
33245,5152.58
33246,6022.06
33247,5485.72
33248,6426.51
33249,4735.27
33250,6833.62
33251,5919.368333333334
33252,5490.05
33253,5957.64
33254,5700.89
33255,8061.36
33256,4964.785
33257,4638.98
33258,5096.39
33259,6116.59
33260,7620.19
33261,4330.51
33262,3604.91
33263,6688.18
33264,6017.795
33265,5024.28
33266,6916.935
33267,6033.12
33268,5426.8
33269,4073.88
33270,3526.95
33271,5956.99
33272,5955.72
33273,5304.87
33274,8826.93
33275,7379.54
33276,4734.17
33277,7882.59
33278,3222.85
33279,3055.42
33280,6828.015
33281,10427.63
33282,6654.35
33283,6320.8933333333325
33284,3785.3
33285,6111.23
33286,6955.52
33287,4698.437333333333
33288,6951.74
33289,5045.52
33290,5914.21
33291,5104.5
33292,4733.673333333334
33293,5295.46
33294,3577.97
33295,3921.0
33296,3708.82
33297,6413.46
33298,5485.91
33299,3511.28
33300,5636.535
33301,5687.63
33302,4345.41
33303,4751.85
33304,7965.69
33305,6509.78
33306,6110.65
33307,3864.32
33308,11606.0825
33309,5726.77
33310,4286.86
33311,7578.33
33312,7412.45
33313,6019.723333333332
33314,5429.13
33315,6539.88
33316,7326.1
33317,10721.61
33318,3533.0
33319,4135.94
33320,4168.885
33321,5755.48
33322,5497.61
33323,8835.06
33324,7142.51
33325,5725.16
33326,3693.95
33327,6188.12
33328,9071.22
33329,3800.2573333333335
33330,5738.11
33331,3825.41
33332,6589.7
33333,6357.24
33334,6530.066
33335,7583.82
33336,5717.629166666667
33337,2692.205
33338,5425.28
33339,5881.11
33340,6954.11
33341,6127.41
33342,6415.55
33343,4862.94
33344,3565.5593333333336
33345,8254.32
33346,3919.07
33347,9655.72
33348,5591.04
33349,3990.975
33350,6311.42
33351,5679.78
33352,6731.52
33353,6796.5
33354,3470.2866666666664
33355,3932.77
33356,5332.64
33357,7099.15
33358,8726.79
33359,4623.85
33360,5660.23
33361,5117.36
33362,5528.69
33363,4170.98
33364,8108.19
33365,8618.922523809524
33366,11039.12
33367,4236.36
33368,4796.02
33369,13429.07
33370,9215.86
33371,4322.636666666667
33372,8605.36
33373,6607.89
33374,4429.25
33375,4430.58
33376,4228.75
33377,5173.89
33378,4803.9
33379,4327.89
33380,4206.67
33381,6978.75
33382,5694.409999999999
33383,20418.248
33384,5348.68
33385,0.0
33386,0.0
33387,0.0
33388,0.0
33389,0.0
33390,0.0
33391,0.0
33392,0.0
33393,0.0
33394,0.0
33395,0.0
33396,0.0
33397,0.0
33398,0.0
33399,0.0
33400,0.0
33401,0.0
33402,0.0
33403,0.0
33404,0.0
33405,0.0
33406,0.0
33407,0.0
33408,0.0
33409,0.0
33410,0.0
33411,0.0
33412,0.0
33413,0.0
33414,0.0
33415,0.0
33416,0.0
33417,0.0
33418,0.0
33419,0.0
33420,0.0
33421,0.0
33422,0.0
33423,0.0
33424,0.0
33425,0.0
33426,0.0
33427,0.0
33428,0.0
33429,0.0
33430,0.0
33431,0.0
33432,0.0
33433,0.0
33434,0.0
33435,0.0
33436,0.0
33437,0.0
33438,0.0
33439,0.0
33440,0.0
33441,0.0
33442,0.0
33443,0.0
33444,0.0
33445,0.0
33446,0.0
33447,0.0
33448,0.0
33449,0.0
33450,0.0
33451,0.0
33452,0.0
33453,0.0
33454,0.0
33455,0.0
33456,0.0
33457,0.0
33458,0.0
33459,0.0
33460,0.0
33461,0.0
33462,0.0
33463,0.0
33464,0.0
33465,0.0
33466,0.0
33467,0.0
33468,0.0
33469,0.0
33470,0.0
33471,0.0
33472,0.0
33473,0.0
33474,0.0
33475,0.0
33476,4464.05
33477,0.0
33478,0.0
33479,0.0
33480,0.0
33481,0.0
33482,0.0
33483,0.0
33484,0.0
33485,0.0
33486,0.0
33487,0.0
33488,0.0
33489,0.0
33490,0.0
33491,0.0
33492,0.0
33493,0.0
33494,0.0
33495,0.0
33496,0.0
33497,0.0
33498,0.0
33499,0.0
33500,0.0
33501,0.0
33502,0.0
33503,0.0
33504,0.0
33505,0.0
33506,0.0
33507,0.0
33508,0.0
33509,0.0
33510,0.0
33511,0.0
33512,0.0
33513,0.0
33514,0.0
33515,0.0
33516,0.0
33517,0.0
33518,0.0
33519,0.0
33520,0.0
33521,0.0
33522,0.0
33523,0.0
33524,0.0
33525,0.0
33526,0.0
33527,0.0
33528,0.0
33529,0.0
33530,0.0
33531,0.0
33532,0.0
33533,0.0
33534,0.0
33535,0.0
33536,0.0
33537,0.0
33538,0.0
33539,0.0
33540,0.0
33541,0.0
33542,0.0
33543,0.0
33544,2972.81
33545,0.0
33546,0.0
33547,0.0
33548,0.0
33549,0.0
33550,0.0
33551,0.0
33552,0.0
33553,0.0
33554,0.0
33555,0.0
33556,0.0
33557,0.0
33558,0.0
33559,0.0
33560,0.0
33561,0.0
33562,0.0
33563,0.0
33564,0.0
33565,0.0
33566,0.0
33567,0.0
33568,0.0
33569,0.0
33570,0.0
33571,0.0
33572,0.0
33573,0.0
33574,0.0
33575,0.0
33576,0.0
33577,0.0
33578,0.0
33579,0.0
33580,0.0
33581,0.0
33582,0.0
33583,0.0
33584,0.0
33585,14225.5165
33586,28799.84
33587,0.0
33588,0.0
33589,0.0
33590,0.0
33591,0.0
33592,0.0
33593,0.0
33594,6382.2660000000005
33595,0.0
33596,0.0
33597,0.0
33598,0.0
33599,0.0
33600,0.0
33601,0.0
33602,0.0
33603,0.0
33604,0.0
33605,0.0
33606,0.0
33607,0.0
33608,0.0
33609,0.0
33610,0.0
33611,0.0
33612,0.0
33613,4929.35
33614,0.0
33615,0.0
33616,0.0
33617,0.0
33618,0.0
33619,0.0
33620,0.0
33621,0.0
33622,0.0
33623,2854.7730238095232
33624,0.0
33625,0.0
33626,0.0
33627,0.0
33628,0.0
33629,0.0
33630,0.0
33631,0.0
33632,0.0
33633,0.0
33634,0.0
33635,0.0
33636,0.0
33637,0.0
33638,0.0
33639,0.0
33640,0.0
33641,7508.299166666668
33642,0.0
33643,0.0
33644,0.0
33645,0.0
33646,0.0
33647,0.0
33648,0.0
33649,0.0
33650,0.0
33651,0.0
33652,0.0
33653,0.0
33654,0.0
33655,0.0
33656,0.0
33657,0.0
33658,6650.527583333332
33659,0.0
33660,0.0
33661,0.0
33662,0.0
33663,0.0
33664,0.0
33665,0.0
33666,0.0
33667,0.0
33668,0.0
33669,0.0
33670,0.0
33671,0.0
33672,0.0
33673,0.0
33674,0.0
33675,0.0
33676,0.0
33677,0.0
33678,0.0
33679,0.0
33680,0.0
33681,0.0
33682,0.0
33683,0.0
33684,0.0
33685,0.0
33686,0.0
33687,0.0
33688,0.0
33689,0.0
33690,0.0
33691,0.0
33692,0.0
33693,0.0
33694,0.0
33695,0.0
33696,0.0
33697,0.0
33698,0.0
33699,0.0
33700,0.0
33701,0.0
33702,0.0
33703,0.0
33704,0.0
33705,0.0
33706,0.0
33707,0.0
33708,0.0
33709,0.0
33710,0.0
33711,0.0
33712,0.0
33713,0.0
33714,0.0
33715,0.0
33716,0.0
33717,0.0
33718,0.0
33719,0.0
33720,1659.79
33721,0.0
33722,0.0
33723,0.0
33724,0.0
33725,0.0
33726,0.0
33727,0.0
33728,0.0
33729,0.0
33730,0.0
33731,0.0
33732,0.0
33733,0.0
33734,6545.908500000001
33735,0.0
33736,0.0
33737,0.0
33738,0.0
33739,0.0
33740,0.0
33741,0.0
33742,0.0
33743,0.0
33744,0.0
33745,0.0
33746,0.0
33747,0.0
33748,0.0
33749,0.0
33750,0.0
33751,0.0
33752,0.0
33753,0.0
33754,0.0
33755,0.0
33756,0.0
33757,0.0
33758,0.0
33759,0.0
33760,0.0
33761,0.0
33762,0.0
33763,0.0
33764,0.0
33765,0.0
33766,0.0
33767,0.0
33768,0.0
33769,0.0
33770,0.0
33771,0.0
33772,0.0
33773,0.0
33774,0.0
33775,0.0
33776,0.0
33777,5191.39
33778,0.0
33779,0.0
33780,0.0
33781,0.0
33782,0.0
33783,0.0
33784,0.0
33785,0.0
33786,0.0
33787,2422.31
33788,0.0
33789,0.0
33790,0.0
33791,6221.807333333331
33792,0.0
33793,0.0
33794,0.0
33795,0.0
33796,0.0
33797,0.0
33798,0.0
33799,0.0
33800,0.0
33801,0.0
33802,0.0
33803,0.0
33804,0.0
33805,0.0
33806,0.0
33807,0.0
33808,0.0
33809,0.0
33810,0.0
33811,0.0
33812,0.0
33813,0.0
33814,0.0
33815,0.0
33816,0.0
33817,0.0
33818,18279.035
33819,0.0
33820,0.0
33821,0.0
33822,0.0
33823,0.0
33824,0.0
33825,0.0
33826,0.0
33827,0.0
33828,0.0
33829,0.0
33830,0.0
33831,0.0
33832,6067.46
33833,0.0
33834,0.0
33835,0.0
33836,0.0
33837,0.0
33838,0.0
33839,0.0
33840,0.0
33841,0.0
33842,0.0
33843,0.0
33844,0.0
33845,0.0
33846,0.0
33847,0.0
33848,0.0
33849,0.0
33850,0.0
33851,0.0
33852,0.0
33853,0.0
33854,0.0
33855,0.0
33856,0.0
33857,0.0
33858,0.0
33859,0.0
33860,0.0
33861,0.0
33862,0.0
33863,0.0
33864,0.0
33865,0.0
33866,0.0
33867,0.0
33868,0.0
33869,0.0
33870,0.0
33871,0.0
33872,0.0
33873,0.0
33874,0.0
33875,0.0
33876,0.0
33877,0.0
33878,0.0
33879,0.0
33880,0.0
33881,0.0
33882,0.0
33883,0.0
33884,0.0
33885,0.0
33886,0.0
33887,0.0
33888,0.0
33889,0.0
33890,0.0
33891,0.0
33892,0.0
33893,0.0
33894,0.0
33895,0.0
33896,0.0
33897,0.0
33898,0.0
33899,0.0
33900,0.0
33901,0.0
33902,0.0
33903,0.0
33904,0.0
33905,0.0
33906,0.0
33907,11747.0
33908,0.0
33909,0.0
33910,0.0
33911,0.0
33912,0.0
33913,0.0
33914,0.0
33915,0.0
33916,0.0
33917,0.0
33918,0.0
33919,0.0
33920,0.0
33921,0.0
33922,0.0
33923,0.0
33924,0.0
33925,0.0
33926,0.0
33927,0.0
33928,0.0
33929,0.0
33930,0.0
33931,0.0
33932,0.0
33933,0.0
33934,0.0
33935,0.0
33936,0.0
33937,0.0
33938,0.0
33939,0.0
33940,0.0
33941,0.0
33942,0.0
33943,0.0
33944,0.0
33945,0.0
33946,0.0
33947,0.0
33948,0.0
33949,0.0
33950,0.0
33951,5103.457166666668
33952,15507.94
33953,0.0
33954,0.0
33955,0.0
33956,0.0
33957,0.0
33958,0.0
33959,0.0
33960,0.0
33961,0.0
33962,0.0
33963,0.0
33964,0.0
33965,0.0
33966,0.0
33967,0.0
33968,0.0
33969,0.0
33970,0.0
33971,0.0
33972,0.0
33973,0.0
33974,0.0
33975,0.0
33976,0.0
33977,0.0
33978,0.0
33979,0.0
33980,9543.486190476191
33981,0.0
33982,0.0
33983,0.0
33984,0.0
33985,0.0
33986,0.0
33987,0.0
33988,0.0
33989,0.0
33990,0.0
33991,0.0
33992,0.0
33993,0.0
33994,0.0
33995,0.0
33996,0.0
33997,0.0
33998,0.0
33999,0.0
34000,0.0
34001,0.0
34002,0.0
34003,0.0
34004,0.0
34005,0.0
34006,0.0
34007,0.0
34008,0.0
34009,0.0
34010,0.0
34011,0.0
34012,0.0
34013,0.0
34014,0.0
34015,0.0
34016,0.0
34017,0.0
34018,0.0
34019,0.0
34020,0.0
34021,0.0
34022,0.0
34023,0.0
34024,0.0
34025,0.0
34026,0.0
34027,0.0
34028,0.0
34029,0.0
34030,0.0
34031,0.0
34032,0.0
34033,0.0
34034,0.0
34035,0.0
34036,0.0
34037,0.0
34038,0.0
34039,0.0
34040,0.0
34041,0.0
34042,0.0
34043,0.0
34044,0.0
34045,0.0
34046,0.0
34047,0.0
34048,0.0
34049,0.0
34050,2716.71
34051,0.0
34052,0.0
34053,0.0
34054,2528.4
34055,0.0
34056,0.0
34057,0.0
34058,0.0
34059,0.0
34060,0.0
34061,0.0
34062,0.0
34063,0.0
34064,0.0
34065,0.0
34066,0.0
34067,0.0
34068,0.0
34069,0.0
34070,0.0
34071,0.0
34072,0.0
34073,0.0
34074,0.0
34075,0.0
34076,0.0
34077,0.0
34078,0.0
34079,0.0
34080,0.0
34081,0.0
34082,0.0
34083,0.0
34084,0.0
34085,0.0
34086,0.0
34087,0.0
34088,0.0
34089,0.0
34090,0.0
34091,0.0
34092,0.0
34093,0.0
34094,0.0
34095,0.0
34096,0.0
34097,0.0
34098,0.0
34099,0.0
34100,0.0
34101,0.0
34102,0.0
34103,0.0
34104,0.0
34105,2970.96
34106,0.0
34107,0.0
34108,0.0
34109,0.0
34110,0.0
34111,0.0
34112,0.0
34113,0.0
34114,0.0
34115,0.0
34116,0.0
34117,0.0
34118,0.0
34119,0.0
34120,8635.321666666669
34121,0.0
34122,0.0
34123,0.0
34124,0.0
34125,0.0
34126,0.0
34127,0.0
34128,0.0
34129,0.0
34130,0.0
34131,0.0
34132,0.0
34133,0.0
34134,0.0
34135,0.0
34136,0.0
34137,0.0
34138,0.0
34139,0.0
34140,0.0
34141,0.0
34142,0.0
34143,0.0
34144,0.0
34145,0.0
34146,0.0
34147,0.0
34148,0.0
34149,0.0
34150,0.0
34151,0.0
34152,0.0
34153,0.0
34154,0.0
34155,0.0
34156,0.0
34157,0.0
34158,0.0
34159,0.0
34160,0.0
34161,0.0
34162,0.0
34163,0.0
34164,0.0
34165,0.0
34166,0.0
34167,0.0
34168,0.0
34169,0.0
34170,0.0
34171,0.0
34172,0.0
34173,0.0
34174,0.0
34175,0.0
34176,0.0
34177,0.0
34178,0.0
34179,0.0
34180,0.0
34181,0.0
34182,0.0
34183,0.0
34184,4583.04
34185,0.0
34186,0.0
34187,0.0
34188,0.0
34189,0.0
34190,0.0
34191,0.0
34192,0.0
34193,0.0
34194,0.0
34195,0.0
34196,0.0
34197,0.0
34198,0.0
34199,0.0
34200,0.0
34201,0.0
34202,0.0
34203,0.0
34204,0.0
34205,0.0
34206,0.0
34207,0.0
34208,0.0
34209,0.0
34210,0.0
34211,0.0
34212,0.0
34213,0.0
34214,0.0
34215,0.0
34216,0.0
34217,0.0
34218,0.0
34219,0.0
34220,0.0
34221,0.0
34222,0.0
34223,0.0
34224,0.0
34225,13307.26
34226,5150.9
34227,0.0
34228,0.0
34229,0.0
34230,0.0
34231,0.0
34232,0.0
34233,0.0
34234,0.0
34235,0.0
34236,0.0
34237,0.0
34238,0.0
34239,0.0
34240,0.0
34241,4596.33
34242,3680.65
34243,7386.88
34244,3097.4
34245,6417.29
34246,4574.41
34247,5953.58
34248,5651.760166666666
34249,0.0
34250,3395.13
34251,5292.47
34252,4747.251595238095
34253,3909.144476190477
34254,5285.42
34255,4886.94
34256,3167.21
34257,4608.99
34258,7083.36
34259,8208.04
34260,7280.29
34261,5868.217333333335
34262,3987.7
34263,5773.42
34264,0.0
34265,7925.98
34266,7429.56
34267,9699.48
34268,5653.06
34269,2823.69
34270,5403.383666666667
34271,5250.0
34272,7416.341833333335
34273,4266.423833333333
34274,5383.77
34275,4844.26
34276,5812.16
34277,2661.87
34278,7801.86
34279,4358.75
34280,6913.89
34281,5835.11
34282,3660.79
34283,7486.76
34284,6284.15
34285,4693.64
34286,3397.6128571428576
34287,7370.3
34288,9202.096666666666
34289,5507.4075952380945
34290,5202.61
34291,8041.240976190475
34292,7116.494166666666
34293,5372.750666666668
34294,5981.27
34295,4196.78
34296,2606.51
34297,4652.175333333334
34298,6101.91
34299,8194.4
34300,6974.7
34301,3773.9466666666663
34302,7406.722666666666
34303,7661.85
34304,4406.25
34305,2712.4476666666665
34306,10076.558976190478
34307,3226.79
34308,4386.89
34309,7155.64
34310,4450.503000000001
34311,5209.853928571429
34312,2742.101333333333
34313,5558.128833333333
34314,4873.92
34315,5226.33
34316,8034.85
34317,6924.930916666667
34318,5274.01
34319,2739.8126666666667
34320,7425.3
34321,11254.09
34322,4857.35
34323,3712.92
34324,6162.229666666667
34325,5401.66
34326,6583.44
34327,9907.42
34328,2302.39
34329,7439.3
34330,4400.46
34331,4520.468571428572
34332,8790.01
34333,2753.14
34334,4694.0355
34335,5051.16
34336,5844.757857142857
34337,7378.171428571429
34338,3747.421619047619
34339,4464.242166666668
34340,5267.54
34341,5802.694333333335
34342,4764.57
34343,7416.54
34344,4290.256666666666
34345,6120.55
34346,3600.7234285714285
34347,3226.13
34348,5810.06
34349,5993.88
34350,0.0
34351,6729.823333333333
34352,7701.44
34353,4232.08
34354,7503.03
34355,3090.843
34356,3446.78
34357,6931.68280952381
34358,6773.5
34359,7043.39
34360,8450.528
34361,6475.91
34362,5267.37
34363,6497.53
34364,7119.58
34365,3796.57
34366,2990.24
34367,5096.85
34368,4376.059904761904
34369,5725.92
34370,3754.1555952380954
34371,5385.411619047621
34372,6768.48
34373,5949.688333333333
34374,5201.912214285714
34375,2466.0725
34376,5874.806
34377,6661.52
34378,3591.92
34379,4553.906619047619
34380,3197.67
34381,5092.055
34382,3385.28
34383,4098.021428571428
34384,4436.073583333334
34385,7587.05
34386,6453.78
34387,7170.61
34388,13849.22
34389,4374.715
34390,4178.362999999999
34391,9171.275333333333
34392,5200.733
34393,7262.22
34394,6292.45
34395,4870.965142857142
34396,5890.29
34397,9515.82
34398,3778.374166666665
34399,7444.810166666665
34400,5929.45
34401,3219.08
34402,3462.3
34403,7154.19
34404,9115.08
34405,0.0
34406,6025.745833333333
34407,3695.4433333333336
34408,2316.02
34409,1804.16
34410,3553.8
34411,5505.92
34412,6030.477666666668
34413,4531.1258333333335
34414,3747.806000000001
34415,7211.04
34416,7821.74
34417,7389.94
34418,4451.95
34419,7516.5695476190485
34420,8733.569416666667
34421,4000.5
34422,5251.711916666664
34423,4669.593833333333
34424,5908.713333333334
34425,3065.91
34426,5977.16
34427,4513.49
34428,8028.118095238095
34429,7345.9
34430,7732.86
34431,6621.13
34432,4872.229333333333
34433,6691.217761904761
34434,15479.324999999997
34435,8870.918833333335
34436,3719.4292619047615
34437,3245.9
34438,5704.78
34439,7605.3
34440,4564.97
34441,7640.791904761905
34442,17315.57
34443,5225.77
34444,2290.3780952380953
34445,10678.33
34446,3325.31
34447,5982.990083333333
34448,3420.36
34449,5520.667
34450,3048.56
34451,6782.81
34452,5520.75
34453,4969.69
34454,7445.34
34455,5704.41
34456,5826.83
34457,7072.75
34458,5555.675
34459,5423.309547619047
34460,9179.41
34461,4371.175
34462,5903.6
34463,4250.79
34464,3263.35
34465,5405.84
34466,4995.97
34467,4997.2
34468,7494.54
34469,9322.47
34470,6939.65
34471,4425.013928571429
34472,3957.26
34473,5626.13
34474,5116.482166666666
34475,5734.38
34476,3021.26
34477,6626.34
34478,5521.426785714287
34479,7424.145
34480,5211.16
34481,4363.47
34482,2854.31
34483,2659.76
34484,8068.25
34485,5767.632
34486,5169.73
34487,11212.08
34488,7225.24
34489,3621.64
34490,4907.829333333333
34491,2525.91
34492,3776.45
34493,3974.467880952381
34494,3600.1802380952386
34495,8071.6
34496,4093.43
34497,8263.173571428573
34498,10552.78
34499,5540.72
34500,5441.275666666666
34501,4450.023916666667
34502,4578.125357142857
34503,4518.95
34504,11665.12
34505,6449.49
34506,6291.35
34507,3565.535
34508,4913.162166666666
34509,4843.42
34510,8800.78
34511,6061.241119047619
34512,4909.38
34513,6274.367500000001
34514,3885.4571666666666
34515,8697.67
34516,6677.28
34517,7157.58
34518,8966.62
34519,6778.76
34520,7335.054785714286
34521,3080.8908333333325
34522,0.0
34523,4608.77
34524,8785.82
34525,7140.58
34526,6722.21
34527,5832.96
34528,7634.94
34529,4348.003833333333
34530,5883.89
34531,6055.93
34532,2744.98
34533,11772.65
34534,15664.915
34535,7077.65
34536,6317.35
34537,6610.383500000001
34538,7458.198214285713
34539,7762.8
34540,2695.8630000000003
34541,3866.689166666667
34542,5321.95
34543,7805.28
34544,2584.49
34545,4020.263333333334
34546,5326.604095238095
34547,4791.47
34548,4422.02719047619
34549,2502.289047619048
34550,3054.58
34551,6939.92
34552,3391.07
34553,4123.216
34554,4655.513833333333
34555,4911.9
34556,8286.829666666668
34557,9701.14
34558,4191.94
34559,6247.843333333332
34560,6003.7
34561,9724.07
34562,5531.684095238095
34563,2695.7
34564,3958.4566666666665
34565,12661.14
34566,3587.194285714286
34567,5940.367666666667
34568,1823.5179999999998
34569,3310.566333333333
34570,5759.57
34571,6628.89
34572,4749.35
34573,7274.61
34574,8211.073
34575,7595.26
34576,5149.17
34577,11270.08
34578,1814.9831666666664
34579,3585.76
34580,5804.880714285715
34581,4096.1224999999995
34582,9426.683
34583,2557.15
34584,4978.38
34585,4944.76
34586,7548.637999999999
34587,9149.19
34588,4386.32
34589,2995.34
34590,10049.563976190477
34591,8817.8
34592,4558.731
34593,4358.503333333334
34594,7789.996666666668
34595,5705.86
34596,4921.42
34597,3761.202142857142
34598,6834.32
34599,4168.09
34600,11721.15
34601,7609.26
34602,12120.100166666665
34603,6001.726666666667
34604,4480.79
34605,2016.6408333333334
34606,5800.53
34607,5476.82
34608,4270.33611904762
34609,9065.0
34610,4457.373333333334
34611,2672.364833333334
34612,6601.17
34613,3110.28
34614,9150.13
34615,6246.945166666667
34616,6479.37
34617,6557.809166666666
34618,3713.5523333333335
34619,6594.944166666664
34620,7066.92
34621,4015.6840714285713
34622,5965.25
34623,3575.06
34624,8774.4
34625,5540.96
34626,3298.231666666666
34627,4356.358571428571
34628,8253.92
34629,5250.953166666666
34630,3707.3
34631,4564.576000000002
34632,5256.62
34633,3661.6876666666667
34634,4648.15
34635,9264.719
34636,3863.775333333333
34637,3345.185833333334
34638,5677.58
34639,5032.13
34640,3142.1946666666668
34641,4798.01
34642,8314.3
34643,7439.49
34644,7690.44
34645,8038.7006666666675
34646,7070.63
34647,7348.799083333333
34648,3892.6876428571427
34649,9667.78
34650,6150.823333333333
34651,6856.46
34652,4907.89
34653,5263.64
34654,4807.2
34655,2334.0
34656,11890.87
34657,4332.92
34658,5760.52
34659,4645.0
34660,3814.69
34661,7863.33
34662,5423.22
34663,4362.04
34664,3150.1451666666662
34665,6135.476666666666
34666,5268.13
34667,3887.96
34668,10387.59
34669,4084.5408809523815
34670,4503.7
34671,3434.415976190476
34672,2645.41
34673,4435.6385
34674,13135.7575
34675,5108.816666666667
34676,5215.523214285714
34677,5516.9
34678,3236.710833333333
34679,3459.12
34680,4458.269166666666
34681,2668.84
34682,8920.65
34683,5768.9
34684,3012.58
34685,7761.211666666666
34686,2709.57
34687,3518.278333333333
34688,9505.44
34689,8823.72
34690,7675.59
34691,2338.44
34692,4829.278
34693,3796.5588333333335
34694,3880.11
34695,14803.06
34696,8903.22
34697,5009.67
34698,2637.168333333333
34699,4946.98
34700,3771.179714285714
34701,2150.8
34702,7314.03
34703,4658.95
34704,5028.82
34705,6895.19
34706,4801.47
34707,4509.88
34708,5406.47
34709,7334.32
34710,6952.06
34711,4168.52
34712,9688.11
34713,6878.32
34714,7799.97
34715,5733.3
34716,6141.486476190476
34717,2210.55
34718,8173.64
34719,4790.05
34720,2975.227428571429
34721,4287.48
34722,4323.96
34723,4265.8
34724,6288.1
34725,3522.395
34726,6607.11
34727,4474.511833333333
34728,7080.06
34729,7954.98
34730,5305.71
34731,7368.16
34732,5866.54
34733,2634.36
34734,10082.369166666667
34735,3347.3
34736,3050.04
34737,5640.17
34738,10067.34
34739,9331.844000000001
34740,4038.76
34741,4583.32
34742,6733.05
34743,6446.01
34744,4411.77
34745,7977.43
34746,3099.04
34747,5013.92
34748,3707.1849523809524
34749,3449.15
34750,2554.6
34751,6925.27
34752,6564.0228333333325
34753,5717.36
34754,5767.84
34755,6621.434
34756,7096.78
34757,4549.87
34758,0.0
34759,4560.05
34760,6018.91676190476
34761,5063.7
34762,2025.78
34763,4933.55
34764,6991.67
34765,5001.575523809524
34766,5015.56376190476
34767,2799.5633333333335
34768,7008.79
34769,2808.18
34770,7243.808000000001
34771,5348.48
34772,4149.3462500000005
34773,7837.3943333333345
34774,3743.39
34775,4120.912166666667
34776,8372.2
34777,2624.55
34778,5483.478
34779,8827.44619047619
34780,6734.2175
34781,2468.259333333333
34782,5018.81
34783,3595.36
34784,2326.84
34785,4827.3
34786,6094.07
34787,4445.12
34788,4466.26
34789,5879.86
34790,4746.44
34791,11204.115333333331
34792,5166.88
34793,5975.885
34794,3729.4501666666665
34795,5521.452333333334
34796,6325.7
34797,6025.57
34798,7485.27
34799,8280.314333333334
34800,7743.15
34801,5036.730999999999
34802,4891.78
34803,2734.53
34804,5001.840214285714
34805,8632.64
34806,6396.764630952383
34807,7643.046380952383
34808,13653.43
34809,3049.14
34810,4543.33
34811,3972.26
34812,7807.29
34813,8613.19
34814,7351.38
34815,6579.04
34816,6658.151666666668
34817,7085.67
34818,6076.81
34819,4955.13
34820,2325.53
34821,4734.96
34822,3336.41
34823,2768.59
34824,7142.32
34825,16486.592
34826,4106.566428571427
34827,3167.97
34828,4381.3
34829,3179.770833333334
34830,5350.93
34831,1806.8733333333332
34832,6664.34
34833,5713.73
34834,3560.2788571428573
34835,10570.47
34836,9551.482916666668
34837,4127.107666666667
34838,5284.09
34839,3269.807333333333
34840,3910.6875
34841,3923.23
34842,8312.09
34843,3741.04
34844,4481.89
34845,5727.95
34846,5341.92
34847,5246.617333333333
34848,7057.49
34849,3084.0
34850,7385.39
34851,6336.49
34852,4660.08
34853,3674.73
34854,3604.8215
34855,4394.45
34856,4527.95
34857,8728.510000000002
34858,3797.64
34859,3937.25
34860,6306.5019999999995
34861,4759.831833333334
34862,4510.92
34863,4735.87
34864,5418.33
34865,9929.52
34866,6747.09
34867,5825.17
34868,3775.48
34869,4474.79
34870,6183.24
34871,3427.870000000001
34872,3773.7203333333327
34873,4952.158333333333
34874,12332.26
34875,6645.72
34876,3828.28
34877,4601.749999999999
34878,4597.82
34879,6202.5
34880,5249.215142857143
34881,8573.5
34882,5978.5509999999995
34883,4696.13
34884,4002.55
34885,1512.950357142857
34886,3856.25
34887,18625.12
34888,2014.76
34889,3734.59
34890,6195.43
34891,6647.818833333333
34892,5562.62
34893,7841.566000000001
34894,5828.56
34895,5770.65
34896,2785.22
34897,6809.773904761903
34898,3379.756666666666
34899,6000.7
34900,8664.4
34901,3512.09
34902,7346.58
34903,5707.78
34904,2871.542285714286
34905,5172.4
34906,7026.34
34907,2488.36
34908,6314.225952380952
34909,5797.878000000001
34910,4752.6
34911,8364.16
34912,7191.302499999999
34913,6264.116666666666
34914,3967.5
34915,3312.06
34916,5522.884285714285
34917,2931.55
34918,5423.070523809524
34919,2538.11
34920,6251.27
34921,2673.47
34922,4627.36
34923,5648.67
34924,4323.93
34925,4994.523714285715
34926,7195.37
34927,4961.05
34928,7861.795000000001
34929,5482.88
34930,6016.0
34931,7857.675142857142
34932,6384.61
34933,4320.25
34934,5218.86
34935,4791.51
34936,4962.2
34937,11617.39
34938,5396.82
34939,5247.55
34940,8689.76
34941,5794.215
34942,2055.73
34943,0.0
34944,7959.55
34945,6255.21
34946,7265.409833333333
34947,6259.32
34948,7602.38
34949,5372.04
34950,4251.51
34951,0.0
34952,6943.18
34953,7272.11
34954,2570.21
34955,7757.29
34956,6269.98
34957,7599.251
34958,7280.686833333333
34959,4259.52
34960,7439.593500000001
34961,4384.48
34962,4721.026666666667
34963,4285.882357142857
34964,3494.43
34965,6921.77
34966,6094.171309523809
34967,7285.83
34968,5562.23569047619
34969,4073.61
34970,5323.855333333335
34971,6081.775833333331
34972,7476.508666666666
34973,2820.16
34974,2898.45
34975,8403.62
34976,4677.5075
34977,3695.99
34978,6594.463000000001
34979,6791.35
34980,5443.41
34981,4344.39
34982,2006.8448095238095
34983,6315.641404761905
34984,5711.214333333333
34985,4416.874333333333
34986,8654.684428571429
34987,6501.226500000001
34988,3522.44
34989,5486.95
34990,2793.24
34991,1162.8191666666667
34992,4932.879333333334
34993,8928.19
34994,5061.410500000001
34995,4492.087333333333
34996,3118.1366666666663
34997,4519.78
34998,8149.09
34999,5028.7015
35000,8450.76
35001,4489.806904761905
35002,5617.13
35003,3472.28
35004,5638.569
35005,3267.57
35006,2505.46
35007,4396.59
35008,3709.97
35009,7116.56
35010,4350.03
35011,4245.49
35012,4922.381261904762
35013,7066.57
35014,4556.24
35015,3413.77
35016,9131.94
35017,7787.27
35018,6298.83
35019,2161.965
35020,5359.335
35021,5049.85
35022,3481.8109999999992
35023,7811.26
35024,8987.023333333334
35025,5757.008952380953
35026,6022.73
35027,5954.9
35028,6964.94
35029,10608.62
35030,2692.468666666666
35031,3547.37
35032,4658.833333333333
35033,5776.248500000002
35034,5485.44
35035,9631.02
35036,6875.59
35037,6091.53
35038,2443.7684999999997
35039,5855.5972619047625
35040,7374.34
35041,3307.0510714285715
35042,5585.33
35043,3222.49
35044,6886.321500000002
35045,5589.3
35046,5342.130833333334
35047,5785.018
35048,3530.2719999999995
35049,3727.67
35050,6227.04
35051,4291.382
35052,8355.98
35053,5087.879833333334
35054,6780.544
35055,5483.73
35056,3403.304499999999
35057,7150.748166666666
35058,2516.68
35059,9545.805
35060,5118.14
35061,3844.469333333333
35062,7215.46
35063,4019.75
35064,3929.3459999999995
35065,4990.483261904763
35066,2143.4175
35067,2605.79
35068,5150.502023809526
35069,5963.3875
35070,10123.97
35071,4761.679499999999
35072,5142.159333333332
35073,4110.51
35074,5830.15
35075,2931.28
35076,10216.82
35077,6757.818666666667
35078,12480.94
35079,5312.76
35080,4363.175
35081,13063.55
35082,7754.87
35083,3097.6553611111103
35084,8123.05
35085,7064.61
35086,5556.39
35087,6060.35
35088,4548.18
35089,2807.555
35090,5267.41
35091,3787.15
35092,2662.38
35093,7421.59
35094,5725.928333333335
35095,20640.7565
35096,5984.933690476193
35097,4701.06
35098,8029.71
35099,10355.64
35100,6057.325833333333
35101,7388.73
35102,6060.02
35103,7930.14
35104,7830.69
35105,6380.88
35106,5866.85
35107,7783.11
35108,7727.9725
35109,7036.585
35110,8989.38
35111,6205.35
35112,5468.16
35113,5794.58
35114,10901.42
35115,10514.64
35116,8967.28
35117,7324.846666666666
35118,5038.1
35119,6739.67
35120,5018.26
35121,8379.84
35122,11062.72
35123,11299.95
35124,6388.6
35125,5439.59
35126,5303.388333333333
35127,6464.24
35128,9992.12
35129,6769.138666666667
35130,5705.36
35131,6953.41
35132,7519.99
35133,4247.12
35134,8060.22
35135,4557.65
35136,8638.67
35137,9111.5
35138,6015.35
35139,7878.51
35140,8376.68
35141,5097.53
35142,6004.994166666667
35143,7374.85
35144,11336.599833333332
35145,6500.256666666666
35146,8495.7
35147,7536.59
35148,10197.869666666667
35149,6684.254499999999
35150,10201.52
35151,5989.65
35152,4941.69
35153,5891.415
35154,6660.63
35155,11482.21
35156,8264.45
35157,5708.875
35158,7717.174285714286
35159,7921.8
35160,10239.4
35161,3643.9030000000002
35162,13037.823333333336
35163,5135.24
35164,6885.18
35165,8979.13
35166,6797.44
35167,6348.4766666666665
35168,7234.579833333334
35169,7165.37
35170,5687.73
35171,6734.45
35172,9464.65
35173,7770.930000000001
35174,8196.81
35175,4801.5
35176,7934.95
35177,14465.14
35178,6824.05
35179,5291.97
35180,7269.89775
35181,6339.44
35182,7243.92
35183,9529.14
35184,4261.61
35185,8158.67
35186,5763.74
35187,7179.45
35188,8848.62
35189,5355.75
35190,6715.050833333333
35191,6842.61
35192,7125.0525
35193,11144.38
35194,5032.133333333333
35195,4501.9825
35196,6682.27
35197,6899.781999999999
35198,7431.23
35199,9584.46
35200,8203.94
35201,7591.63
35202,5281.18
35203,4452.28
35204,6968.12
35205,9081.07
35206,9308.92
35207,8742.2
35208,7798.486666666668
35209,7449.43
35210,8766.69
35211,5567.964
35212,7550.67
35213,8863.632000000001
35214,7708.33
35215,10476.65
35216,9062.537999999999
35217,9841.56
35218,6688.05
35219,7819.94
35220,8657.8
35221,7074.83
35222,5002.71
35223,5735.53
35224,8148.053333333332
35225,7079.93
35226,5273.0265
35227,8036.7075
35228,6480.74
35229,7177.94
35230,5998.0808333333325
35231,5001.793333333334
35232,6821.137
35233,7213.37
35234,8298.87
35235,5789.0657142857135
35236,5660.73
35237,6572.443333333333
35238,4449.31
35239,7617.355833333334
35240,5403.363333333333
35241,9320.12
35242,8369.32
35243,7111.33
35244,12435.85
35245,4939.074333333334
35246,5085.33
35247,10357.319
35248,7172.98
35249,8737.64
35250,8456.62
35251,5831.472
35252,6008.81
35253,6741.64
35254,7556.53
35255,10390.384166666667
35256,7037.74
35257,3832.9
35258,4930.53
35259,9219.58
35260,10092.06
35261,7725.8
35262,7473.4591666666665
35263,4926.425
35264,5502.49
35265,3257.86
35266,5076.18
35267,6546.8
35268,6829.155
35269,7082.798333333334
35270,5811.163333333333
35271,8094.510000000001
35272,9882.98
35273,7619.28
35274,6371.56
35275,8871.188
35276,10452.445
35277,6351.02
35278,8227.24
35279,4860.878333333333
35280,6689.269583333333
35281,4385.48
35282,8125.9
35283,5861.5
35284,8971.982166666668
35285,7458.68
35286,9342.68
35287,8123.49
35288,5847.6
35289,9027.556666666665
35290,16753.501119047618
35291,11094.470666666668
35292,5370.671333333333
35293,3426.63
35294,6644.38
35295,10257.2
35296,7445.2
35297,11765.7
35298,20544.03
35299,4541.41
35300,5030.92
35301,8584.25
35302,5677.23
35303,8803.113666666666
35304,6756.3
35305,7455.499
35306,3868.974166666667
35307,7703.69
35308,8423.65
35309,7371.07
35310,8749.1
35311,6645.91
35312,6886.81
35313,7319.99
35314,6006.96
35315,5205.71
35316,9914.1
35317,6973.96
35318,6584.34
35319,7303.75
35320,5867.6
35321,5548.19
35322,7740.66
35323,7124.14
35324,10699.98
35325,9083.39
35326,8315.11
35327,5800.045833333334
35328,4272.66
35329,11664.79
35330,7342.516
35331,6151.08
35332,5359.76
35333,8740.69
35334,7432.6525
35335,9328.014000000001
35336,6921.83
35337,6407.92
35338,5716.05
35339,5301.97
35340,10338.39
35341,6619.09
35342,8662.38
35343,14466.47
35344,8075.24
35345,6301.81
35346,5758.771333333334
35347,5113.34
35348,7975.26
35349,4616.643285714286
35350,5163.675333333334
35351,11110.74
35352,5830.22
35353,14206.626666666665
35354,13561.06
35355,5455.45
35356,7578.861
35357,6176.6275
35358,6563.7675
35359,6307.28
35360,13501.82
35361,8282.32
35362,9110.05
35363,5371.17
35364,6903.34
35365,5806.88
35366,13680.11
35367,7668.970904761904
35368,7205.42
35369,7136.6125
35370,5380.139523809525
35371,9114.5
35372,9789.95
35373,6268.15
35374,10918.91
35375,7382.16
35376,8865.035833333333
35377,5822.205
35378,6730.3
35379,5636.84
35380,11477.73
35381,7204.25
35382,8387.43
35383,7346.99
35384,9675.3
35385,5136.298750000001
35386,8829.03
35387,6371.72
35388,4049.6105
35389,14598.56
35390,17704.11
35391,9234.88
35392,8432.86
35393,9223.914
35394,9866.800000000001
35395,10401.24
35396,6427.8975
35397,7113.253000000001
35398,6188.63
35399,9382.067666666666
35400,4055.36
35401,5621.322000000001
35402,5924.913333333334
35403,6471.12
35404,7303.540000000001
35405,4408.8125
35406,5022.18
35407,7328.57
35408,5024.49
35409,5127.97
35410,5851.743333333333
35411,6709.8
35412,9744.18
35413,9311.23
35414,8337.82
35415,6470.404166666666
35416,7245.64
35417,10672.13
35418,7843.986666666667
35419,6902.99
35420,4784.31
35421,9569.79
35422,4962.874999999999
35423,6491.05
35424,3181.9966666666664
35425,4847.12
35426,9107.96
35427,7805.78
35428,7160.05
35429,10572.3
35430,9552.02
35431,11401.23
35432,7627.18
35433,12441.95
35434,2567.0046666666663
35435,6369.05
35436,7094.919999999999
35437,4569.6455
35438,8969.05
35439,6029.13
35440,5445.38
35441,8966.99
35442,10863.345
35443,8204.33
35444,5917.39
35445,5804.17
35446,11954.796666666667
35447,9107.33
35448,6405.259190476191
35449,5609.13
35450,7814.281999999999
35451,11331.69
35452,4703.91
35453,5679.583333333334
35454,8564.24
35455,9104.91
35456,12756.8
35457,6089.43
35458,12506.193333333333
35459,8466.9
35460,6316.21
35461,3490.95
35462,6213.47
35463,7340.26
35464,5354.3975
35465,8915.82
35466,5943.775
35467,4208.485833333333
35468,7709.71
35469,4017.82
35470,9383.55
35471,6893.050833333333
35472,9106.19
35473,9274.9005
35474,5804.556666666667
35475,10421.9465
35476,6680.36
35477,5121.371333333333
35478,6376.57
35479,6126.52
35480,11064.27
35481,6100.04
35482,4828.766333333333
35483,7800.0633333333335
35484,9687.19
35485,7232.07
35486,6811.58
35487,8277.021666666666
35488,5736.97
35489,5078.585
35490,7174.19
35491,9852.208
35492,5202.858
35493,6257.4525
35494,6605.49
35495,5683.29
35496,4279.67
35497,6300.73
35498,9945.25
35499,8637.66
35500,11503.0
35501,11612.794333333333
35502,8730.63
35503,8095.361166666667
35504,4656.575
35505,11335.6
35506,10026.413166666667
35507,9516.32
35508,7997.74
35509,9700.14
35510,6639.77
35511,4769.64
35512,13255.27
35513,5124.32
35514,7134.88
35515,7491.77
35516,3014.08
35517,12230.45
35518,6801.43
35519,4056.3
35520,4844.52
35521,6386.618095238095
35522,6391.6
35523,8172.64
35524,7080.95
35525,4606.0233333333335
35526,6304.91
35527,4001.3275
35528,4072.95
35529,7138.595
35530,17469.338666666663
35531,5056.801666666667
35532,6113.45
35533,7352.83
35534,5627.211666666666
35535,5792.36
35536,5192.534166666666
35537,4761.61
35538,9972.58
35539,7246.08
35540,5145.6
35541,8813.807999999999
35542,6600.43
35543,4595.2725
35544,10003.76
35545,8543.74
35546,9722.42
35547,5652.98
35548,7388.6966666666685
35549,4935.369523809524
35550,5376.3
35551,15229.85
35552,12435.55
35553,7146.71
35554,5144.494000000001
35555,5276.78
35556,6128.522666666668
35557,4407.64
35558,9810.81
35559,5443.15
35560,6600.05
35561,8223.46
35562,5514.9
35563,6794.17
35564,7548.19
35565,10068.3
35566,8059.73
35567,9806.55
35568,6066.64
35569,9099.31
35570,9258.74
35571,8737.12
35572,7231.695
35573,4998.67
35574,8552.08
35575,6158.24
35576,4597.184
35577,7787.85
35578,7695.73
35579,7192.09
35580,6194.78
35581,6439.936666666667
35582,8825.96
35583,5299.0475
35584,7199.31
35585,8120.05
35586,7266.26
35587,10442.56
35588,6984.02
35589,5146.31
35590,11790.615833333333
35591,6045.25
35592,3374.8
35593,8745.16
35594,12521.92
35595,9731.010666666667
35596,5914.8
35597,6625.88
35598,7679.06
35599,6716.71
35600,6337.68
35601,9363.3
35602,3640.79
35603,6953.13
35604,6389.508333333332
35605,6372.86
35606,5386.59
35607,7259.02
35608,8445.52
35609,6067.48
35610,8500.08
35611,6838.26
35612,8502.72
35613,6172.75
35614,7709.8
35615,6663.7
35616,8042.356
35617,9417.9
35618,5151.59
35619,8031.4
35620,9057.5
35621,7116.874666666667
35622,4608.64
35623,3802.8625
35624,7958.56
35625,7006.17
35626,7980.686285714286
35627,7943.93
35628,5288.725
35629,9256.4
35630,6364.46
35631,6986.820833333334
35632,9237.36
35633,6810.03
35634,8267.579166666666
35635,11005.71525
35636,7553.195
35637,5308.979333333334
35638,7137.45
35639,5736.48
35640,3587.04
35641,8279.77
35642,6964.66
35643,9643.46
35644,6120.33
35645,9694.12
35646,7349.03
35647,10020.893333333333
35648,5835.51
35649,7272.98
35650,5647.571666666667
35651,8006.111666666668
35652,6377.49
35653,7306.17
35654,7945.34
35655,9670.037
35656,7782.1
35657,7030.678666666666
35658,5988.77
35659,4755.04
35660,6371.59
35661,11051.15
35662,8974.456666666667
35663,8857.095333333333
35664,15250.27
35665,6000.26
35666,5773.25
35667,6399.75
35668,8855.29
35669,12051.77
35670,7381.85
35671,7463.865833333333
35672,8384.2585
35673,8235.57
35674,6907.79
35675,6769.71
35676,5619.57
35677,7267.42
35678,3902.39
35679,5471.8
35680,9207.23
35681,17055.038333333334
35682,5679.503333333334
35683,5219.61
35684,7575.93
35685,4049.88
35686,6490.54
35687,4459.047333333334
35688,9012.07
35689,6974.82
35690,7396.78
35691,13043.96
35692,11338.37
35693,6633.5419999999995
35694,8348.13
35695,3492.883333333333
35696,5375.192666666666
35697,5631.03
35698,10514.65
35699,4878.17
35700,4763.83
35701,9298.83
35702,8542.63
35703,8841.58
35704,7939.06
35705,3572.91
35706,7306.72
35707,7917.13
35708,7788.29
35709,5341.35
35710,4356.86
35711,7862.57
35712,5418.94
35713,9985.867
35714,4920.45
35715,5768.41
35716,7353.716666666667
35717,5708.406666666668
35718,5333.901333333333
35719,7523.74
35720,8219.79
35721,10464.19
35722,10417.25
35723,6450.06
35724,4120.21
35725,5895.19
35726,7330.11
35727,4565.7
35728,6598.39
35729,6126.311333333333
35730,13546.14
35731,7633.34
35732,6761.14
35733,7404.272999999999
35734,5027.87
35735,9364.41
35736,5930.583999999999
35737,12937.43
35738,7013.974833333334
35739,5672.47
35740,5399.27
35741,4439.616833333333
35742,7531.82
35743,26171.89
35744,4704.1
35745,5724.34
35746,11070.47
35747,7255.5142857142855
35748,7079.25
35749,8067.4101666666675
35750,6450.12
35751,6223.875
35752,4386.36
35753,9805.93
35754,5951.411
35755,7341.96
35756,7957.54
35757,5182.53
35758,8213.64
35759,7159.99
35760,4046.679666666667
35761,8419.51
35762,10689.84
35763,4403.9
35764,6645.39
35765,8228.458333333334
35766,5618.31
35767,9749.19
35768,7392.606666666667
35769,9235.745
35770,4609.733333333334
35771,5306.06
35772,6425.900666666666
35773,4456.87
35774,8038.238333333334
35775,4871.45
35776,6527.92
35777,4826.44
35778,6349.63
35779,6425.08
35780,7130.84
35781,7444.689166666667
35782,8850.01
35783,7029.13
35784,7481.108333333334
35785,7118.95
35786,10089.89
35787,8863.73
35788,7073.41
35789,3655.29
35790,6943.32
35791,6996.05
35792,5326.37
35793,14013.73
35794,7148.34
35795,6856.44
35796,10466.59
35797,6294.337166666667
35798,5002.46
35799,13237.98
35800,10536.29
35801,5841.57
35802,9707.369666666666
35803,10139.05
35804,7895.05
35805,5784.18
35806,7298.2
35807,7105.62
35808,7434.89
35809,7646.72
35810,5091.6
35811,7438.31
35812,8534.08
35813,6617.31
35814,8225.399
35815,5735.08
35816,6815.62
35817,5057.77
35818,8843.42
35819,7299.108666666667
35820,6660.16
35821,6446.4
35822,7117.616
35823,10349.36
35824,6780.576
35825,5663.81
35826,6087.156666666666
35827,7425.8133333333335
35828,7165.320833333332
35829,4447.29
35830,4134.66
35831,8429.6
35832,6828.995
35833,5792.04
35834,7651.4
35835,8308.65
35836,6916.93
35837,6019.61
35838,3998.006555555556
35839,7342.6759999999995
35840,7523.4225
35841,6832.5925
35842,10314.171666666667
35843,8645.4925
35844,4637.29
35845,8864.84
35846,4050.8
35847,2962.6883333333335
35848,8309.407500000001
35849,13234.16
35850,7786.056666666666
35851,6923.204523809524
35852,6054.06
35853,6877.25
35854,10257.08
35855,5622.936166666667
35856,8551.98
35857,6259.315
35858,5018.19
35859,6127.84
35860,5503.537166666667
35861,6046.12
35862,6474.21
35863,5373.54
35864,4442.62
35865,8008.01
35866,7750.0
35867,5998.42
35868,6441.846666666666
35869,7255.25
35870,5975.62
35871,5532.69
35872,9406.75
35873,8805.42
35874,7702.21
35875,3671.647
35876,14740.116666666665
35877,7115.19
35878,5108.41
35879,10380.58
35880,8443.233
35881,7302.567999999999
35882,6405.45
35883,6324.4
35884,8620.12
35885,16269.4
35886,4858.633333333333
35887,4626.46
35888,5530.1359999999995
35889,6716.09
35890,7586.5
35891,9147.68
35892,9622.97
35893,6848.19
35894,3662.639285714286
35895,6971.1625
35896,9758.24
35897,5058.331666666667
35898,7769.96
35899,4705.31
35900,8310.13
35901,8236.26
35902,7022.003333333332
35903,9016.56
35904,6471.8575
35905,3964.94
35906,7142.09
35907,8006.62
35908,7725.2
35909,7318.93
35910,7865.655
35911,6768.71
35912,4052.81
35913,9188.488166666666
35914,5231.89
35915,9858.880833333335
35916,7381.16
35917,4688.19
35918,7178.38
35919,6006.73
35920,6770.7378333333345
35921,7471.492166666667
35922,3715.9183333333335
35923,5032.93
35924,7204.1140000000005
35925,9466.1975
35926,11006.49
35927,5580.08
35928,5774.704000000001
35929,6344.62
35930,6500.99
35931,5707.77
35932,8030.2
35933,8690.184166666666
35934,13583.93
35935,5592.48
35936,5809.279166666667
35937,9187.55
35938,8728.62
35939,5517.384761904762
35940,10349.29
35941,7642.12
35942,5543.04
35943,7112.76
35944,5513.26
35945,5165.15
35946,6963.48
35947,6477.34
35948,5291.93
35949,9786.41
35950,6826.02
35951,21767.041666666664
35952,6310.139904761904
35953,4577.85
35954,8333.5
35955,11018.58
35956,7340.975285714286
35957,7149.17
35958,5920.42
35959,7982.58
35960,7977.4845
35961,5586.57
35962,5665.97
35963,7480.31
35964,7833.305
35965,7478.03
35966,9412.87
35967,6086.14
35968,5267.08
35969,6053.51
35970,10025.4
35971,11173.95
35972,9235.34
35973,7925.183333333335
35974,5977.56
35975,6456.95
35976,5138.75
35977,8349.57
35978,11077.9
35979,11146.88
35980,6282.83
35981,5658.36
35982,5807.43
35983,5769.75
35984,10263.270833333334
35985,6899.04
35986,5754.12
35987,6723.55
35988,7584.74
35989,3778.39
35990,8001.83
35991,4714.39
35992,8102.74
35993,8719.63
35994,5946.23
35995,7860.14
35996,7925.77
35997,5052.52
35998,6347.416666666668
35999,7308.63
36000,11125.524
36001,6597.604
36002,8692.6
36003,8270.02
36004,10173.4
36005,6697.77
36006,9906.19
36007,6094.73
36008,5224.91
36009,7158.8009999999995
36010,6776.04
36011,10580.03
36012,8348.79
36013,5675.88
36014,7895.729333333334
36015,7556.86
36016,10110.58
36017,3707.37425
36018,13512.066
36019,5318.98
36020,6405.94
36021,9144.18
36022,7291.685833333334
36023,6732.836666666666
36024,6919.882
36025,7087.525
36026,5842.02
36027,6162.48
36028,8599.44
36029,7595.62
36030,8004.43
36031,5204.89
36032,7466.37
36033,12385.5
36034,6277.39
36035,6577.67
36036,7392.12
36037,6037.66
36038,6592.26
36039,8252.57
36040,4019.01
36041,8289.02
36042,6162.6
36043,6901.0
36044,10657.48
36045,4720.54
36046,6626.216666666666
36047,6593.64
36048,7200.793333333332
36049,10354.2
36050,5181.56
36051,4946.365
36052,6470.02
36053,5762.13
36054,6986.05
36055,9205.84
36056,8041.43
36057,7756.14
36058,5548.56
36059,4784.56
36060,6661.92
36061,9235.6
36062,10089.75
36063,8307.79
36064,8294.568333333335
36065,7059.54
36066,9340.96
36067,5332.995
36068,7781.69
36069,9152.8
36070,7798.69
36071,10754.83
36072,9182.945
36073,9450.86
36074,6487.58
36075,7524.08
36076,8388.97
36077,7144.27
36078,4772.46
36079,5699.47
36080,8086.84
36081,6690.86
36082,5417.0
36083,8731.5825
36084,6399.54
36085,6463.74
36086,5839.33
36087,5030.59
36088,7599.931333333334
36089,7304.74
36090,8150.97
36091,5349.506666666666
36092,5721.49
36093,6608.443333333334
36094,4455.41
36095,6411.605
36096,5683.621333333333
36097,9330.29
36098,8146.92
36099,7111.5
36100,10740.15
36101,6346.101000000001
36102,5119.9
36103,10134.5
36104,6713.82
36105,8694.38
36106,8249.48
36107,5996.48
36108,5666.13
36109,5925.85
36110,8497.25
36111,11741.5125
36112,8847.78
36113,3800.74
36114,4827.75
36115,8918.18
36116,9429.98
36117,7072.32
36118,7891.276666666668
36119,6026.72
36120,5920.7
36121,3446.44
36122,5315.3
36123,6101.49
36124,6525.3725
36125,6843.36
36126,5438.516666666666
36127,7842.118095238095
36128,9664.78
36129,7569.04
36130,5833.59
36131,8732.37
36132,10643.005
36133,6811.47
36134,8582.755357142856
36135,5374.236
36136,6617.1833333333325
36137,4443.64
36138,9258.54
36139,5596.56
36140,9425.08
36141,7557.01
36142,9460.47
36143,8574.59
36144,5997.36
36145,8969.11
36146,18811.448333333334
36147,11481.523333333333
36148,5952.374500000001
36149,3062.95
36150,6786.31
36151,11490.5
36152,6514.15
36153,11581.296666666667
36154,19961.49
36155,4137.38
36156,5212.401333333333
36157,11053.93
36158,5654.53
36159,9305.569
36160,7138.65
36161,7595.78
36162,3383.063333333333
36163,7482.07
36164,7292.37
36165,7647.39
36166,8761.64
36167,6160.57
36168,6883.56
36169,7869.29
36170,6300.1
36171,4691.95
36172,9432.23
36173,6524.61
36174,6291.71
36175,7371.19
36176,5941.07
36177,6010.7
36178,7563.45
36179,7240.43
36180,10334.24
36181,9975.23
36182,7719.63
36183,5470.2825
36184,3910.17
36185,11564.46
36186,8037.423333333334
36187,6277.54
36188,5176.27
36189,8640.23
36190,7515.166666666668
36191,10640.062
36192,6812.36
36193,6372.86
36194,6002.52
36195,5385.16
36196,10221.54
36197,5854.23
36198,8024.07
36199,15613.8
36200,8176.84
36201,8405.66
36202,5296.783333333333
36203,4851.79
36204,7751.14
36205,4755.641666666666
36206,5990.27
36207,11569.49
36208,5433.45
36209,15029.3475
36210,15465.74
36211,4480.93
36212,7040.07
36213,6796.51
36214,6808.520000000001
36215,6328.58
36216,12670.46
36217,7783.74
36218,9679.52
36219,5429.02
36220,7080.116666666666
36221,5449.0
36222,13623.67
36223,7550.47
36224,6908.4
36225,6998.285
36226,5203.84119047619
36227,8707.07
36228,10070.52
36229,6217.06
36230,10884.87
36231,7091.363333333334
36232,9332.12
36233,5590.228666666667
36234,6488.51
36235,5679.21
36236,11363.96
36237,6974.49
36238,9069.84
36239,7496.36
36240,9415.11
36241,5204.67
36242,8936.71
36243,6838.5
36244,3920.765
36245,14002.67
36246,17826.3
36247,8607.1625
36248,7881.3
36249,9992.2075
36250,10294.109999999999
36251,10766.59
36252,6440.9
36253,7119.370500000001
36254,6377.14
36255,8453.16
36256,4135.47
36257,6103.523333333333
36258,6268.965999999999
36259,6421.11
36260,7461.366666666666
36261,4953.169
36262,4948.7
36263,7320.38
36264,4756.99
36265,4779.264
36266,5856.39
36267,6721.26
36268,9428.25
36269,8986.61
36270,8264.23
36271,6548.4366666666665
36272,7275.3
36273,11713.58
36274,7998.8566666666675
36275,6106.88
36276,4640.35
36277,10950.04
36278,4209.405
36279,6240.847
36280,3797.066666666666
36281,5140.549642857143
36282,8814.35
36283,7344.55
36284,6377.64
36285,10092.62
36286,10086.845
36287,12071.17
36288,8703.28
36289,11139.05
36290,2753.838666666667
36291,5808.56
36292,6566.4
36293,4388.8516666666665
36294,8970.58
36295,5947.71
36296,5391.92
36297,9110.65
36298,11170.38
36299,10561.53
36300,5688.52
36301,6203.4
36302,14684.754333333334
36303,8923.19
36304,6849.7266666666665
36305,4838.1
36306,7687.585
36307,10790.38
36308,4518.97
36309,5839.3675
36310,8500.62
36311,8685.48
36312,14826.44
36313,6098.54
36314,13151.221666666665
36315,8131.58
36316,6317.58
36317,3812.09
36318,6367.25
36319,7103.88
36320,5513.195
36321,8106.29
36322,5444.33
36323,4589.692857142857
36324,8005.69
36325,3901.8
36326,9001.29
36327,7134.246666666666
36328,8996.52
36329,8467.24
36330,5903.965
36331,9634.98
36332,7198.69
36333,4898.755
36334,5747.71
36335,6088.38
36336,11251.8
36337,6237.25
36338,5049.416
36339,7958.206
36340,8960.86
36341,8004.07
36342,6713.37
36343,8149.841666666666
36344,5593.13
36345,5127.24
36346,6849.06
36347,8617.82
36348,6470.302
36349,6467.87
36350,6475.91
36351,5795.43
36352,4725.243333333334
36353,6127.03
36354,9280.48
36355,9028.69
36356,11221.09
36357,11663.476666666666
36358,8316.71
36359,8720.652666666667
36360,4974.98
36361,11452.34
36362,10003.122
36363,8445.88
36364,8655.97
36365,8856.39
36366,6422.07
36367,4960.39
36368,12718.55
36369,5532.91
36370,7178.7
36371,7208.54
36372,3291.91
36373,12534.05
36374,6446.94
36375,4063.19
36376,4076.35
36377,5631.13
36378,6579.96
36379,8768.25
36380,6946.05
36381,4813.0715
36382,6052.18
36383,4476.38
36384,4012.52
36385,7283.74
36386,17233.315
36387,6015.728666666667
36388,5759.5976190476185
36389,7074.46
36390,4875.9366666666665
36391,5968.13
36392,5072.54
36393,4977.33
36394,8843.57
36395,7284.8
36396,5084.79
36397,8814.304
36398,6550.11
36399,4419.788571428571
36400,10694.93
36401,8752.46
36402,11050.67
36403,5745.07
36404,7523.7
36405,5147.12
36406,5215.36
36407,16408.87
36408,10877.47
36409,7124.26
36410,5624.34
36411,4948.14
36412,5445.75
36413,5382.78
36414,12261.36
36415,5623.39
36416,6441.62
36417,7765.95
36418,4955.09
36419,6949.93
36420,7878.91
36421,9946.23
36422,7495.79
36423,10225.95
36424,5808.11
36425,8062.66
36426,9477.1
36427,8423.14
36428,6712.54
36429,5273.17
36430,8575.18
36431,6263.1
36432,4702.6033333333335
36433,7571.44
36434,7931.22
36435,6636.45
36436,6312.51
36437,6421.92
36438,7718.9
36439,5677.13
36440,7188.02
36441,7536.74
36442,7119.88
36443,9573.563333333332
36444,6600.57
36445,4843.77
36446,12412.585
36447,7400.97
36448,3510.32
36449,7868.11
36450,11514.04
36451,11494.075333333332
36452,6078.99
36453,6226.43
36454,7250.15
36455,6796.991333333333
36456,6592.09
36457,9594.35
36458,3588.48
36459,7147.96
36460,6956.616666666666
36461,6602.89
36462,5540.46
36463,7261.9
36464,8814.999166666668
36465,6096.27
36466,8784.67
36467,7249.79
36468,9033.71
36469,5852.18
36470,7790.6
36471,6670.06
36472,8663.434000000001
36473,8568.81
36474,5521.43
36475,7774.55
36476,9063.29
36477,7359.4980000000005
36478,5747.5019999999995
36479,4678.366
36480,7593.84
36481,6566.38
36482,8171.5
36483,7774.3
36484,6080.83
36485,9098.409
36486,6936.99
36487,7682.4575
36488,9185.03
36489,6435.27
36490,8574.791
36491,10986.193333333333
36492,7743.83
36493,4841.65
36494,6793.44
36495,5329.69
36496,3521.04
36497,8795.69
36498,6630.75
36499,8811.41
36500,5698.61
36501,9066.48
36502,7129.99
36503,11263.03
36504,5054.55
36505,6686.84
36506,6049.602
36507,7733.716666666667
36508,6126.75
36509,7733.91
36510,8166.15
36511,10676.36
36512,7743.15
36513,7061.758000000002
36514,5944.91
36515,4837.27
36516,5899.1565
36517,10791.61
36518,9806.706666666667
36519,11077.747619047619
36520,14562.53
36521,5601.798333333332
36522,5955.51
36523,6700.24
36524,8648.43
36525,11559.55
36526,7171.99
36527,7905.22
36528,8008.584
36529,8475.23
36530,6957.11
36531,6122.89
36532,5432.7
36533,6479.17
36534,4083.31
36535,5932.29
36536,9142.57
36537,17065.655
36538,6218.8296666666665
36539,5506.3
36540,8062.63
36541,4005.018333333333
36542,6780.58
36543,4198.662166666667
36544,9566.96
36545,6645.95
36546,6820.39
36547,13816.85
36548,9839.24
36549,7506.315
36550,7783.96
36551,3809.3
36552,5319.83
36553,5812.6
36554,9855.37
36555,4860.25
36556,4638.88
36557,9383.07
36558,8287.87
36559,8418.35
36560,8257.17
36561,3568.61
36562,6637.95
36563,8088.0
36564,8467.03
36565,5426.72
36566,4455.9141666666665
36567,8467.16
36568,5179.51
36569,9618.6275
36570,5161.57
36571,6426.98
36572,7594.86
36573,5863.66
36574,5072.72
36575,6640.71
36576,7863.36
36577,9889.48
36578,10182.49
36579,6526.27
36580,4379.36
36581,5444.92
36582,6973.45
36583,4846.451666666667
36584,6624.43
36585,5971.91
36586,14033.23
36587,7870.63
36588,6287.51
36589,7804.408
36590,5107.82
36591,9286.52
36592,6016.68
36593,14264.15
36594,6479.29
36595,5716.86
36596,5197.04
36597,4242.13
36598,7816.45
36599,21834.51
36600,4586.77
36601,5077.15
36602,10570.12
36603,7011.716666666667
36604,7019.09
36605,8865.843333333332
36606,6843.18
36607,5244.835
36608,4917.7
36609,9931.77
36610,6174.061
36611,7616.49
36612,7823.05
36613,5026.62
36614,7901.86
36615,6557.13
36616,4181.9065
36617,8360.19
36618,10574.71
36619,4482.17
36620,6891.4023333333325
36621,7537.65
36622,5842.37
36623,9252.67
36624,6608.276666666668
36625,8821.683333333334
36626,4651.0725
36627,5171.39
36628,7415.091333333333
36629,4525.44
36630,7959.03
36631,5360.52
36632,6432.22
36633,4861.67
36634,6078.66
36635,6525.81
36636,7097.88
36637,7845.64
36638,7784.42
36639,6463.16
36640,7895.336666666666
36641,7301.18
36642,9263.34
36643,7948.891
36644,7150.47
36645,3449.38
36646,6472.97
36647,7186.26
36648,5627.16
36649,11932.32
36650,6989.94
36651,6966.81
36652,10402.54
36653,6866.6466666666665
36654,5003.36
36655,12617.13
36656,10174.656666666666
36657,5935.62
36658,9745.510666666667
36659,10832.98
36660,6899.62
36661,5869.14
36662,7196.43
36663,7413.485
36664,7083.43
36665,7543.35
36666,5340.1
36667,6631.52
36668,8200.75
36669,7239.766666666666
36670,8662.31
36671,5808.62
36672,7456.1325
36673,5664.21
36674,8837.912
36675,7149.0425
36676,6677.53
36677,6570.26
36678,6906.185
36679,9982.95
36680,5994.386666666666
36681,6013.37
36682,6501.21
36683,7132.77
36684,7992.573666666666
36685,4639.14
36686,4174.04
36687,8093.87
36688,6788.883666666667
36689,5773.21
36690,7996.4385
36691,7506.59
36692,6971.65
36693,5930.99
36694,5094.055
36695,7217.85
36696,6562.464999999999
36697,5898.655
36698,11156.738333333335
36699,9355.06
36700,4739.28
36701,9739.1
36702,4235.77
36703,3377.97
36704,8317.56
36705,12745.1
36706,8393.185833333333
36707,7518.095
36708,6113.13
36709,6717.35
36710,10282.3
36711,6459.805
36712,9017.35
36713,6327.863333333334
36714,5267.92
36715,6089.05
36716,5020.027333333333
36717,5865.45
36718,5842.92
36719,5253.54
36720,4051.71
36721,7965.95
36722,7266.55
36723,5838.44
36724,6410.503666666666
36725,6983.74
36726,5953.36
36727,5402.08
36728,9147.18
36729,9131.59
36730,7382.09
36731,4144.82
36732,14295.52
36733,6880.11
36734,5315.000833333333
36735,10424.46
36736,8236.17
36737,7728.520333333333
36738,6342.66
36739,6406.12
36740,7583.56
36741,16125.27
36742,5207.035833333333
36743,4901.34
36744,5191.355
36745,8058.79
36746,7132.9
36747,9207.19
36748,9545.37
36749,6873.67
36750,4465.975
36751,7342.166666666668
36752,11806.65
36753,4911.26
36754,7723.21
36755,4567.6
36756,7929.78
36757,8381.63
36758,7824.11
36759,9500.13
36760,6355.43
36761,4041.81
36762,7075.21
36763,6758.03
36764,8134.745
36765,7306.986666666667
36766,7847.530500000001
36767,7329.9
36768,4092.67
36769,9611.444166666668
36770,5012.44
36771,10132.356666666667
36772,7022.89
36773,4545.123333333334
36774,7553.27
36775,6624.95
36776,7180.676666666667
36777,7498.997499999999
36778,3961.405
36779,4809.94
36780,8178.055
36781,9665.14
36782,10263.99
36783,4858.113333333333
36784,6091.71
36785,6656.46
36786,6409.45
36787,5843.96
36788,9130.4
36789,8461.588333333333
36790,13040.28
36791,5200.77
36792,5811.2891666666665
36793,9087.03
36794,10125.97
36795,5443.561666666667
36796,10595.29
36797,7108.33
36798,5493.12
36799,6623.35
36800,5401.97
36801,5235.51
36802,6660.95
36803,6099.62
36804,5538.49
36805,9756.4
36806,7187.400666666666
36807,22385.69
36808,6432.54
36809,5110.68
36810,8268.84
36811,10418.61
36812,6419.28
36813,7143.57
36814,5759.5
36815,8969.55
36816,8335.369
36817,8629.76
36818,6068.73
36819,7360.95
36820,8806.08
36821,6987.423666666666
36822,9067.46
36823,6032.77
36824,5275.83
36825,6038.86
36826,10133.24
36827,10805.32
36828,9688.95
36829,7710.348000000001
36830,5204.92
36831,6196.99
36832,6476.96
36833,8644.52
36834,10871.82
36835,11193.85
36836,6578.9
36837,5740.86
36838,5544.347333333334
36839,6211.87
36840,11835.436000000002
36841,6726.566666666667
36842,5454.72
36843,6821.97
36844,8056.5
36845,3822.33
36846,7854.89
36847,4713.65
36848,7745.04
36849,8756.11
36850,5978.76
36851,7483.16
36852,7632.82
36853,5370.87
36854,6598.026
36855,7086.63
36856,10523.4
36857,6327.46
36858,9168.87
36859,8778.48
36860,11033.7325
36861,6502.02
36862,9748.56
36863,6218.82
36864,5201.01
36865,6769.533333333334
36866,6443.12
36867,10344.3
36868,7962.48
36869,5981.69
36870,7069.206666666669
36871,7704.6
36872,9498.58
36873,4044.79
36874,14276.107619047616
36875,5525.98
36876,6352.49
36877,9707.12
36878,7286.15
36879,7416.814333333334
36880,6695.701999999999
36881,7160.729666666667
36882,5449.62
36883,6237.22
36884,9333.34
36885,7229.39
36886,8241.48
36887,4969.55
36888,7482.79
36889,12095.02
36890,6345.84
36891,5808.1
36892,6577.233333333333
36893,6085.27
36894,6530.83
36895,8376.81
36896,3785.29
36897,8181.74
36898,6564.28
36899,6875.482
36900,10226.01
36901,4729.92
36902,6662.9075
36903,6705.26
36904,7295.9925
36905,11261.8
36906,5001.243333333334
36907,4555.194666666666
36908,6906.24
36909,5475.8
36910,7020.48
36911,9987.11
36912,7547.27
36913,8038.31
36914,5446.8
36915,4706.01
36916,6881.46
36917,9788.04
36918,12613.13
36919,7901.39
36920,8635.392166666668
36921,7008.7
36922,9103.37
36923,6605.301333333334
36924,8486.55
36925,9333.34
36926,7924.94
36927,10244.62
36928,9454.871666666666
36929,9385.64
36930,6322.21
36931,7767.55
36932,8145.21
36933,7270.33
36934,4629.54
36935,5816.88
36936,9355.1
36937,6731.394285714286
36938,4924.35
36939,8564.913333333332
36940,7061.38
36941,6935.78
36942,5860.695
36943,5505.45
36944,7895.387738095238
36945,7465.46
36946,8073.94
36947,5736.497
36948,6101.27
36949,6847.13
36950,4407.23
36951,6505.889285714286
36952,5732.605
36953,9272.943333333335
36954,8150.76
36955,7272.44
36956,10907.33
36957,7621.0
36958,5129.29
36959,10775.866666666667
36960,7256.7375
36961,8349.3
36962,8391.87
36963,5459.61457142857
36964,5941.56
36965,5848.26
36966,7694.545
36967,12505.76
36968,7742.54
36969,3728.83
36970,6030.81
36971,9058.39
36972,9254.18
36973,10043.315
36974,8265.533000000001
36975,5038.195595238095
36976,6194.15
36977,3369.79
36978,5054.79
36979,5503.16
36980,6847.86
36981,6972.223333333332
36982,5345.22
36983,7927.473333333333
36984,8912.93
36985,7499.93
36986,5758.49
36987,9745.113333333333
36988,12418.775833333335
36989,6465.09
36990,8711.868
36991,5384.58
36992,6088.946666666667
36993,4209.23
36994,11825.44
36995,6237.39
36996,9513.823333333336
36997,7279.27
36998,9673.22
36999,8727.55
37000,5536.24
37001,10119.98
37002,18679.128
37003,11917.981904761906
37004,6615.306333333333
37005,3212.51
37006,6623.16
37007,10974.56
37008,6410.58
37009,11644.833333333336
37010,19412.72
37011,4121.9
37012,5570.595
37013,8550.49
37014,6130.38
37015,10654.330833333333
37016,6628.66
37017,7881.080666666665
37018,3614.306666666667
37019,7534.28
37020,8864.57
37021,7794.75
37022,10386.31
37023,5739.71
37024,6593.02
37025,8307.4
37026,6948.68
37027,5148.3
37028,9419.94
37029,7103.06
37030,6315.05
37031,7847.57
37032,6470.3
37033,6287.76
37034,7940.21
37035,7276.15
37036,10236.79
37037,9738.506666666666
37038,6947.48
37039,5911.763333333333
37040,4042.48
37041,12880.9
37042,7798.19
37043,5933.44
37044,5303.85
37045,9052.07
37046,7438.173333333334
37047,10020.480000000001
37048,7491.44
37049,6062.4
37050,5618.94
37051,5189.28
37052,9705.6
37053,5849.47
37054,8261.83
37055,15303.09
37056,7661.92
37057,6857.5
37058,5338.024166666667
37059,5199.41
37060,7529.65
37061,4912.788666666667
37062,6126.976666666667
37063,11818.96
37064,5236.7
37065,16521.888
37066,15540.845833333333
37067,4870.27
37068,7407.1089999999995
37069,6808.22
37070,6793.608499999999
37071,6190.85
37072,13331.11
37073,7635.37
37074,9263.72
37075,5886.35
37076,7544.340833333334
37077,4611.32
37078,14355.1
37079,7100.909166666666
37080,6896.5
37081,6271.75
37082,5148.1483333333335
37083,8113.23
37084,10165.38
37085,5949.97
37086,10837.25
37087,6803.4925
37088,9356.176666666664
37089,5897.77
37090,8639.1
37091,5330.01
37092,11444.3
37093,6936.29
37094,7530.46
37095,7522.28
37096,9406.44
37097,4978.21
37098,8831.19
37099,7104.62
37100,4132.75
37101,16014.31
37102,17566.877666666667
37103,8954.16
37104,7806.17
37105,10130.6
37106,10219.04
37107,10909.27
37108,6357.478333333333
37109,7163.7655
37110,6370.79
37111,8032.921666666667
37112,3758.18
37113,6372.3855
37114,5543.03
37115,6366.82
37116,7987.285
37117,5303.72
37118,5088.53
37119,7136.96
37120,4617.14
37121,4796.06
37122,6284.455
37123,7582.83
37124,9513.251333333334
37125,9794.87
37126,8507.04
37127,5739.62
37128,7432.2
37129,11296.13
37130,8643.39
37131,6026.42
37132,4969.842000000001
37133,9627.14
37134,4126.393333333333
37135,6601.02
37136,3426.235
37137,6191.674166666667
37138,8694.68
37139,7346.67
37140,6528.82
37141,10108.23
37142,9192.676666666668
37143,12063.12
37144,8046.43
37145,11094.41
37146,3187.7016666666664
37147,6003.24
37148,5974.887
37149,4366.61
37150,9047.698
37151,5628.73
37152,5721.04
37153,9357.91
37154,11565.69
37155,8898.75
37156,5516.94
37157,5585.57
37158,14834.667
37159,9293.19
37160,6853.863333333334
37161,5138.53
37162,7543.568500000001
37163,10192.66
37164,5161.59
37165,6004.156
37166,8684.47
37167,8799.7
37168,14304.77
37169,5770.46
37170,13623.584499999999
37171,9853.93
37172,6286.64
37173,3647.04
37174,6548.89
37175,7061.21
37176,5684.64
37177,7584.39
37178,5709.82
37179,4624.63
37180,7582.13
37181,3941.64
37182,8661.53
37183,7077.47
37184,9019.46
37185,8352.995
37186,5507.265
37187,9691.903333333335
37188,7529.58
37189,5546.13
37190,5707.05
37191,6603.71
37192,11378.2
37193,6250.46
37194,5271.78
37195,9055.489999999998
37196,8787.96
37197,7511.993
37198,6920.06
37199,8888.7625
37200,5827.66
37201,5291.98
37202,6825.18
37203,7953.417166666667
37204,6415.772666666666
37205,6825.246666666666
37206,6549.56
37207,5495.78
37208,5140.630833333333
37209,5410.45
37210,8961.43
37211,9104.36
37212,11006.57
37213,11629.021666666666
37214,8206.25
37215,8891.722
37216,5158.0070000000005
37217,11484.2
37218,9852.18
37219,8624.43
37220,8400.3
37221,8049.18
37222,6157.12
37223,5221.16
37224,12465.23
37225,5912.21
37226,7122.98
37227,7286.68
37228,3415.49
37229,12237.58
37230,6702.12
37231,4612.78
37232,4433.91
37233,5800.637333333333
37234,6687.99
37235,9046.08
37236,6766.82
37237,4975.27
37238,6129.86
37239,5288.780500000001
37240,3779.39
37241,7035.866
37242,17726.38
37243,5669.16
37244,5693.765333333333
37245,7839.39
37246,4974.078333333333
37247,6168.29
37248,4745.390666666666
37249,4975.72
37250,8355.79
37251,7081.87
37252,5307.32
37253,9569.345
37254,6846.43
37255,4510.9525
37256,10243.58
37257,8676.39
37258,10382.85
37259,6178.81
37260,7650.973333333333
37261,4926.963833333333
37262,5163.91
37263,17968.53
37264,10898.09
37265,6703.46
37266,6491.973333333333
37267,4900.47
37268,5688.805
37269,4367.32
37270,10554.69
37271,5485.77
37272,6719.27
37273,7595.65
37274,4944.09
37275,6940.41
37276,7634.94
37277,9816.0
37278,7309.03
37279,9920.61
37280,5686.84
37281,8083.17
37282,9970.41
37283,8333.53
37284,6738.638000000001
37285,4833.2
37286,8753.29
37287,6284.85
37288,4744.65
37289,7409.0
37290,7858.76
37291,6631.39
37292,6216.75
37293,7089.76
37294,8701.67
37295,5617.997666666666
37296,7182.93
37297,7403.34
37298,7273.35
37299,10991.29
37300,6930.48
37301,5122.24
37302,12445.39
37303,6565.84
37304,4051.0
37305,7852.26
37306,11023.18
37307,12164.44
37308,6276.65
37309,5972.71
37310,7340.59
37311,7237.949333333332
37312,6463.85
37313,9483.67
37314,3574.11
37315,6920.52
37316,6764.680999999999
37317,6978.51
37318,5306.13
37319,7126.9
37320,9009.985
37321,6597.58
37322,9195.79
37323,7097.645
37324,8919.89
37325,5973.39
37326,9621.23
37327,6682.56
37328,8385.1
37329,8702.27
37330,4999.62
37331,7811.34
37332,10092.42
37333,7176.3375
37334,5084.625714285714
37335,5032.405
37336,8633.445
37337,6803.54
37338,8722.969333333334
37339,7639.53
37340,6104.74
37341,7695.79
37342,6986.4
37343,7466.743285714284
37344,9182.73
37345,6310.71
37346,8708.480333333333
37347,11041.508333333335
37348,7843.041666666665
37349,5160.626666666667
37350,6957.113333333333
37351,5300.38
37352,3437.6
37353,8783.81
37354,6894.19
37355,8771.75
37356,5680.43
37357,8449.43
37358,7136.45
37359,13908.01
37360,5138.81
37361,7019.68
37362,6419.48830952381
37363,8275.846666666668
37364,7813.17
37365,7941.32
37366,8035.19
37367,11281.666666666668
37368,7586.65
37369,6591.403
37370,5269.35
37371,5230.38
37372,5100.145
37373,10589.54
37374,9874.929166666667
37375,10065.398333333333
37376,15549.8
37377,6162.4625
37378,6244.13
37379,6601.36
37380,8733.49
37381,11956.85
37382,7335.59
37383,7854.35
37384,8146.7425
37385,8357.48
37386,6847.74
37387,6102.7
37388,5582.42
37389,6452.94
37390,4147.56
37391,6086.94
37392,9120.8
37393,17402.16
37394,5955.425
37395,5506.74
37396,8579.1
37397,3884.67
37398,6484.15
37399,4455.205
37400,9124.09
37401,7345.8
37402,6314.096666666667
37403,13413.4
37404,10067.641666666666
37405,6760.245
37406,7607.73
37407,3636.606666666666
37408,5725.03
37409,5908.77
37410,9676.65
37411,5116.92
37412,4483.59
37413,9367.82
37414,8027.78
37415,8448.238333333333
37416,7776.15
37417,3480.67
37418,6563.17
37419,8272.17
37420,8159.3
37421,5045.2
37422,5303.797999999999
37423,8487.74
37424,5411.02
37425,9731.045333333332
37426,4878.35
37427,6004.57
37428,6966.3175
37429,6714.6525
37430,5283.58
37431,6708.23
37432,9844.145
37433,10305.39
37434,10238.4
37435,6260.93
37436,4164.89
37437,5782.21
37438,6964.69
37439,4778.692
37440,7211.9259999999995
37441,5902.591333333334
37442,14627.99
37443,7974.86
37444,5846.2
37445,7797.085833333334
37446,5297.46
37447,9444.41
37448,6293.752333333334
37449,15057.84
37450,7449.025833333334
37451,5852.75
37452,5210.66
37453,4037.72
37454,7967.78
37455,21455.9
37456,5017.33
37457,4974.88
37458,10275.31
37459,7524.7475
37460,7156.81
37461,8907.82
37462,6130.64
37463,5420.13
37464,4941.51
37465,10161.45
37466,6487.53
37467,7659.8
37468,8219.06
37469,5084.3
37470,8565.78
37471,6534.24
37472,4346.195
37473,8626.56
37474,9655.06
37475,4714.68
37476,6718.915833333333
37477,7564.0475
37478,5743.77
37479,9446.49
37480,5952.182333333333
37481,8460.41
37482,4747.5875
37483,5028.4
37484,8806.04
37485,5115.65
37486,7889.54
37487,5877.07
37488,6542.58
37489,4711.17
37490,6308.22
37491,6673.01
37492,7085.91
37493,7573.163333333333
37494,7874.7
37495,7060.355
37496,7750.545
37497,8191.78
37498,10293.02
37499,8683.37
37500,6841.13
37501,3624.7
37502,6597.51
37503,7262.66
37504,6712.95
37505,12841.53
37506,7014.62
37507,6949.52
37508,10592.2
37509,7144.600333333333
37510,5034.0
37511,17897.26
37512,10236.17
37513,5788.19
37514,10141.676666666666
37515,9381.0
37516,7092.87
37517,6037.45
37518,7380.43
37519,8840.19
37520,7186.59
37521,7089.86
37522,5326.63
37523,7435.0
37524,7639.25
37525,6937.151000000001
37526,9256.456666666667
37527,5743.26
37528,7553.994166666667
37529,5316.68
37530,8594.42
37531,7404.335999999998
37532,5894.53
37533,6628.61
37534,7491.425
37535,9867.08
37536,5969.092666666666
37537,5872.58
37538,6097.696666666668
37539,7339.012
37540,8159.993333333333
37541,4569.76
37542,4156.47
37543,8633.0
37544,6576.66
37545,5891.45
37546,7791.190833333332
37547,7637.9
37548,8135.21
37549,5579.25
37550,5811.166666666666
37551,7500.3375000000015
37552,6878.33
37553,6567.296666666666
37554,11704.5175
37555,11306.22
37556,4950.31
37557,8553.61
37558,4224.02
37559,3357.034666666666
37560,8010.705
37561,13113.31
37562,7795.260333333332
37563,7941.993333333334
37564,6078.16
37565,6962.2
37566,10741.89
37567,7125.915
37568,8578.68
37569,6657.4
37570,5072.44
37571,6131.59
37572,4830.31
37573,6013.31
37574,5925.36
37575,5292.67
37576,4526.35
37577,8061.7
37578,7362.86
37579,6477.263333333332
37580,6181.765714285715
37581,6756.33
37582,5979.5
37583,5347.22
37584,9132.62
37585,9069.61
37586,7025.3
37587,4436.42
37588,14836.053333333335
37589,6486.34
37590,5244.738
37591,10790.43
37592,9370.787499999999
37593,7751.697666666666
37594,6377.23
37595,6308.57
37596,7716.13
37597,16228.77
37598,5285.876666666666
37599,5239.52
37600,4884.276666666667
37601,7270.716666666666
37602,7229.17
37603,9860.3
37604,9204.1
37605,7301.98
37606,4107.84
37607,7235.51
37608,10958.06
37609,4954.995
37610,7408.55
37611,4669.0
37612,7775.1
37613,8607.81
37614,7482.34
37615,10656.01
37616,6652.181666666667
37617,4063.685833333333
37618,6307.72
37619,7255.047999999999
37620,8001.65
37621,7121.9
37622,7082.6
37623,7176.02
37624,4166.934
37625,9363.384166666667
37626,5020.57
37627,10171.67
37628,6771.59
37629,4691.61
37630,7862.21
37631,6846.19
37632,7341.113333333334
37633,7775.385000000001
37634,3623.869
37635,4875.49
37636,8871.85
37637,9847.766666666668
37638,11640.3
37639,5923.131666666666
37640,6779.496
37641,7138.38
37642,6469.06
37643,5644.47
37644,8847.69
37645,8709.534166666666
37646,12418.41
37647,5169.07
37648,5968.1466666666665
37649,9019.34
37650,9337.43
37651,5695.176666666667
37652,9950.49
37653,7970.47
37654,5652.78
37655,6597.0
37656,5322.78
37657,5135.44
37658,6755.6
37659,6121.88
37660,5610.56
37661,9908.05
37662,6873.72
37663,22502.79666666667
37664,6011.860714285714
37665,5149.42
37666,9009.17
37667,12503.2
37668,7118.108333333333
37669,7503.22
37670,6222.16
37671,8758.02
37672,8703.719166666666
37673,8050.03
37674,6357.96
37675,7469.0
37676,9329.86
37677,7545.703333333334
37678,9303.3
37679,7383.24
37680,5573.3933333333325
37681,6330.7
37682,10623.87
37683,11975.01
37684,10767.01
37685,8158.9135
37686,6620.65
37687,6581.49
37688,6051.0
37689,9191.85
37690,11524.5
37691,10830.18
37692,6823.04
37693,6151.76
37694,6775.812
37695,6362.104
37696,11564.824333333334
37697,8178.477
37698,5132.37
37699,7082.84
37700,8118.3
37701,4029.04
37702,8429.04
37703,4720.78
37704,7237.89
37705,8222.39
37706,6369.11
37707,8014.28
37708,7560.78
37709,5624.14
37710,7997.630416666666
37711,7475.3
37712,11101.541333333333
37713,6798.44
37714,9814.89
37715,8760.35
37716,12050.518
37717,7843.12
37718,10392.26
37719,6459.07
37720,5370.58
37721,7255.41
37722,6874.73
37723,10557.65
37724,8661.26
37725,6884.81
37726,9001.187
37727,7146.55
37728,10440.58
37729,4477.969
37730,14097.563333333332
37731,5490.07
37732,6349.59
37733,9700.22
37734,7867.68
37735,7644.781999999999
37736,6682.104595238096
37737,8356.433095238095
37738,5557.68
37739,6322.74
37740,8729.22
37741,7924.328666666667
37742,8467.69
37743,5127.43
37744,7874.69
37745,11346.05
37746,7195.99
37747,6031.09
37748,7439.988333333334
37749,6337.66
37750,6418.34
37751,8799.49
37752,4619.29
37753,8858.02
37754,6559.49
37755,8336.154285714287
37756,10431.27
37757,4989.0
37758,6700.673333333334
37759,6501.48
37760,8705.266666666666
37761,11803.45
37762,5411.2225
37763,5011.137
37764,6835.68
37765,6392.0475
37766,6699.49
37767,9905.73
37768,7770.4
37769,8488.1
37770,6862.35
37771,4864.02
37772,7887.8
37773,9889.44
37774,11668.59
37775,8572.5
37776,8772.4125
37777,7135.22
37778,9637.77
37779,7222.637333333335
37780,9451.2
37781,9878.7975
37782,7568.045
37783,10998.11
37784,9247.6875
37785,8867.19
37786,6713.91
37787,8012.02
37788,9250.3
37789,7946.06
37790,4501.01
37791,5791.24
37792,10699.16
37793,7277.02
37794,5669.2266666666665
37795,9700.46654761905
37796,7527.18
37797,6629.0
37798,5939.915
37799,6113.492333333334
37800,9387.389000000001
37801,7311.35
37802,8563.67
37803,6377.601
37804,6435.53
37805,7289.351
37806,4310.21
37807,8319.580333333333
37808,6276.132666666668
37809,9675.466666666667
37810,8388.92
37811,7043.23
37812,10327.96
37813,7640.57
37814,5294.25
37815,12934.177333333331
37816,7314.253333333335
37817,8382.39
37818,8765.95
37819,5670.7905
37820,6811.93
37821,5821.31
37822,7974.230500000001
37823,13477.161666666665
37824,8544.74
37825,4161.59
37826,5077.29
37827,9901.9
37828,9881.54
37829,9790.15
37830,8503.9
37831,4742.5425
37832,6451.82
37833,3970.76
37834,5958.41
37835,6759.44
37836,7091.51
37837,8390.473714285716
37838,6411.84
37839,8176.464666666668
37840,9434.68
37841,7902.74
37842,5672.95
37843,10710.661666666667
37844,12889.675833333335
37845,7664.36
37846,9748.340000000002
37847,5820.137833333334
37848,7170.883333333334
37849,4556.9
37850,10664.28
37851,6430.23
37852,10118.13773809524
37853,7482.09
37854,10226.05
37855,9249.34
37856,6273.84
37857,10626.5975
37858,20682.402666666665
37859,12992.329
37860,7431.104666666667
37861,3207.72
37862,6791.63
37863,11107.09
37864,6362.43
37865,11642.354
37866,19468.37
37867,4064.57
37868,6356.564
37869,9490.66
37870,5917.44
37871,11038.452666666672
37872,8171.45
37873,7845.966666666667
37874,3553.107857142858
37875,7301.85
37876,8370.82
37877,7910.82
37878,10635.84
37879,6357.67
37880,7337.61
37881,8115.31
37882,8032.52
37883,5372.014333333334
37884,9268.91
37885,7616.26
37886,6690.09
37887,8758.89
37888,7089.44
37889,6591.53
37890,8835.15
37891,8262.78
37892,9066.415
37893,10454.15
37894,8238.79
37895,6020.823333333334
37896,4301.56
37897,11986.24
37898,8567.34
37899,6247.44
37900,5466.96
37901,10382.52
37902,8477.260833333334
37903,10785.81
37904,7684.6
37905,6540.97
37906,6558.15
37907,4978.38
37908,11243.37
37909,5945.05
37910,8380.06
37911,16322.38
37912,8002.12
37913,7045.92
37914,5539.5875
37915,5529.66
37916,7585.77
37917,5245.723666666667
37918,6855.439166666666
37919,10936.61
37920,5449.78
37921,17063.04
37922,16828.07
37923,4996.05
37924,8503.21
37925,7598.118666666667
37926,7433.686
37927,6665.97
37928,14176.32
37929,8119.42
37930,9900.433333333334
37931,6157.49
37932,7812.546666666667
37933,4766.53
37934,14707.25
37935,7855.116666666666
37936,6933.68
37937,7182.0846666666675
37938,5623.29
37939,8595.81
37940,10562.07
37941,5914.86
37942,11584.9
37943,6773.219999999998
37944,10589.499166666665
37945,6047.188666666667
37946,7851.43
37947,5887.48
37948,12536.11
37949,7357.17
37950,7847.19
37951,8210.37
37952,9920.49
37953,4761.74
37954,10014.52
37955,7405.45
37956,4633.02
37957,16571.18
37958,18171.351666666666
37959,8710.79
37960,8337.98
37961,11667.966666666667
37962,11412.843333333332
37963,11749.81
37964,6916.5616666666665
37965,8467.061666666668
37966,6671.91
37967,9736.3605
37968,4627.03
37969,7462.028166666668
37970,5743.54
37971,6288.44
37972,8780.609999999999
37973,5591.08
37974,5629.97
37975,7689.81
37976,4583.7
37977,5383.254
37978,6404.856000000001
37979,7426.69
37980,9849.308
37981,9712.24
37982,8127.01
37983,6681.26375
37984,7347.05
37985,12033.21
37986,9312.430333333332
37987,6473.9
37988,5054.992
37989,9991.51
37990,4659.126666666667
37991,6562.486
37992,3556.4933333333324
37993,6534.7075
37994,9665.58
37995,7301.91
37996,6646.3
37997,10031.39
37998,9740.956666666667
37999,12397.68
38000,8579.97
38001,10137.86
38002,3499.8033333333324
38003,6280.82
38004,6751.3735
38005,5500.43
38006,9728.054666666665
38007,6091.93
38008,5795.06
38009,10004.8
38010,13031.438333333332
38011,9460.08
38012,5870.26
38013,6160.65
38014,15338.186666666668
38015,9327.29
38016,7862.69
38017,5321.548333333332
38018,8059.057142857143
38019,11779.48
38020,4872.8
38021,6477.700000000001
38022,9088.9
38023,9392.48
38024,15347.27
38025,6085.92
38026,15704.24666666667
38027,9407.31
38028,6508.98
38029,4462.630000000001
38030,7180.66
38031,7178.56
38032,5941.25
38033,7528.29
38034,5437.64
38035,4932.600666666666
38036,7835.54
38037,4094.43
38038,8735.68
38039,7955.15
38040,9811.18
38041,8793.24
38042,6180.34
38043,10882.816
38044,7108.75
38045,5612.95
38046,5298.59
38047,6027.09
38048,11913.04
38049,7031.15
38050,5787.08
38051,9047.753333333332
38052,9136.22
38053,7630.792
38054,7323.22
38055,9122.13
38056,5836.36
38057,4789.5
38058,7133.74
38059,8723.585
38060,7524.318499999999
38061,7317.2095
38062,6743.973333333332
38063,5945.47
38064,4984.8785
38065,5768.97
38066,8550.75
38067,10191.59
38068,11568.63
38069,12436.053
38070,8890.79
38071,9677.994499999999
38072,5123.011333333334
38073,11533.19
38074,10560.526666666665
38075,8681.75
38076,9772.48
38077,10528.75
38078,6507.89
38079,5096.61
38080,12539.28
38081,6362.355
38082,7817.32
38083,7797.018571428572
38084,3862.42
38085,13044.05
38086,6396.31
38087,6852.5
38088,4421.748666666667
38089,6251.25
38090,7297.55
38091,10470.5
38092,7353.58
38093,4950.088
38094,6077.14
38095,5181.32
38096,3291.05
38097,7864.9085
38098,17969.74
38099,6269.8
38100,5740.381333333333
38101,8039.22
38102,5726.475
38103,6634.64
38104,4870.288333333333
38105,5247.85
38106,7723.69
38107,7370.15
38108,5186.96
38109,10819.0
38110,7852.62
38111,5336.249583333332
38112,10358.5
38113,9221.71
38114,11239.38
38115,7060.63
38116,8982.176333333333
38117,5216.966666666666
38118,5720.51
38119,16539.03
38120,10925.03
38121,6933.78
38122,7049.433000000001
38123,5130.13
38124,6372.67
38125,5123.08
38126,11181.12
38127,5697.71
38128,6894.74
38129,8339.02
38130,5128.25
38131,7859.14
38132,9052.73
38133,10324.42
38134,8089.62
38135,11795.91
38136,5447.02
38137,7767.54
38138,10001.17
38139,9357.97
38140,7658.282000000001
38141,6216.97
38142,8333.48
38143,7277.8
38144,4468.45
38145,7587.19
38146,8574.34
38147,7333.14
38148,6749.47
38149,7517.23
38150,8197.54
38151,6183.51
38152,6867.02
38153,7698.61
38154,7839.45
38155,11016.9
38156,6752.51
38157,5915.82
38158,13461.995
38159,7221.05
38160,4140.48
38161,9582.42
38162,11005.22
38163,14058.35
38164,5718.45
38165,6188.81
38166,7624.27
38167,8231.671999999999
38168,6493.05
38169,9816.08
38170,3917.24
38171,7481.67
38172,7825.714642857142
38173,6732.52
38174,5849.34
38175,7570.96
38176,10817.77
38177,6387.79
38178,10051.05
38179,8576.7
38180,9382.41
38181,5446.32
38182,9071.5
38183,6925.48
38184,8588.15
38185,9167.73
38186,5284.35
38187,8122.91
38188,9640.62
38189,8109.342833333334
38190,5334.946999999999
38191,5573.510833333333
38192,9111.52
38193,7453.68
38194,9179.086666666668
38195,8132.66
38196,7288.03
38197,8425.452666666666
38198,8355.63
38199,9385.687333333333
38200,9056.4
38201,6681.87
38202,8629.028571428571
38203,11183.21
38204,9670.283000000001
38205,5765.488333333333
38206,7436.62
38207,5441.29
38208,4165.48
38209,9663.29
38210,6552.54
38211,10234.14
38212,5841.9
38213,8648.3
38214,6789.54
38215,12838.678
38216,5476.57
38217,6984.19
38218,6811.963333333332
38219,8886.726666666667
38220,7155.86
38221,7844.35
38222,8268.0
38223,11409.97
38224,8073.81
38225,7617.178666666667
38226,6084.92
38227,5812.34
38228,5259.57
38229,12233.99
38230,10773.73
38231,10861.386
38232,15791.91
38233,7318.553999999999
38234,5953.21
38235,7272.43
38236,9089.51
38237,11423.49
38238,8025.69
38239,9156.54
38240,8588.806
38241,8597.44
38242,7159.21
38243,6557.73
38244,5979.21
38245,6708.53
38246,4888.57
38247,6579.72
38248,9702.93
38249,18610.543333333335
38250,7624.9
38251,5954.65
38252,9013.51
38253,4475.463333333334
38254,6688.49
38255,4482.0233333333335
38256,10083.77
38257,7295.825
38258,7469.371666666666
38259,14017.39
38260,9954.585666666666
38261,7911.4833333333345
38262,7985.586666666666
38263,3574.6533333333336
38264,6238.5808333333325
38265,6223.3
38266,9291.36
38267,5683.73
38268,4561.26
38269,9679.36
38270,8197.44
38271,8715.2125
38272,7824.86
38273,3578.42
38274,7085.11
38275,9275.38
38276,8721.25
38277,6039.25
38278,5756.742666666666
38279,9100.63
38280,5255.92
38281,10568.583333333336
38282,5436.27
38283,5363.59
38284,7293.845
38285,7434.551428571428
38286,5363.16
38287,6746.31
38288,10054.72
38289,10723.21
38290,11328.25
38291,6499.13
38292,4304.08
38293,6191.04
38294,7008.07
38295,5301.658999999999
38296,7790.305333333334
38297,6197.41
38298,15190.61
38299,8520.35
38300,6549.98
38301,8796.636499999999
38302,5034.72
38303,9660.34
38304,7262.834
38305,15449.23
38306,7070.5756666666675
38307,5918.15
38308,5811.33
38309,4295.795142857142
38310,8558.07
38311,21544.57
38312,5027.69
38313,5006.66
38314,11867.96
38315,8165.32
38316,7818.68
38317,9119.45
38318,6999.14
38319,5417.46
38320,5515.53
38321,12082.59
38322,7378.67
38323,7721.24
38324,8682.34
38325,5587.15
38326,8946.465
38327,7017.23
38328,4352.31
38329,9557.13
38330,10724.2
38331,4983.68
38332,7950.111999999999
38333,7981.876904761905
38334,5824.52
38335,9746.71
38336,5639.5988333333335
38337,9379.13
38338,4858.42
38339,5656.52
38340,7987.443
38341,4563.03
38342,8962.24
38343,6170.31
38344,7149.33
38345,5104.48
38346,6266.1833333333325
38347,6656.35
38348,7392.76
38349,9371.018833333332
38350,8358.42
38351,6615.945
38352,9359.2075
38353,7850.27
38354,10605.14
38355,9761.84
38356,8082.73
38357,3650.35
38358,6445.95
38359,7904.0
38360,6137.42
38361,12387.06
38362,6860.99
38363,8013.08
38364,11473.8
38365,7200.151666666665
38366,5419.69
38367,18714.81
38368,10790.697333333334
38369,5975.71
38370,12336.845476190476
38371,11476.51
38372,6503.35
38373,6594.35
38374,7730.52
38375,7782.33
38376,6826.19
38377,7479.03
38378,5420.73
38379,7846.21
38380,7947.34
38381,8178.997
38382,9726.599500000002
38383,6392.57
38384,8298.894333333334
38385,5375.9
38386,8301.73
38387,7693.71
38388,6192.2
38389,7499.61
38390,8588.39
38391,10763.19
38392,6316.901666666667
38393,6560.3
38394,6831.3455
38395,7316.138000000001
38396,9765.27
38397,4617.23
38398,5056.07
38399,8363.6
38400,6636.22
38401,6355.22
38402,8404.608666666667
38403,7886.48
38404,8326.0
38405,5789.94
38406,5715.29
38407,8053.871499999999
38408,7008.195
38409,8820.146
38410,12361.29
38411,11105.117
38412,5545.99
38413,8980.25
38414,4510.94
38415,3952.9590714285714
38416,8669.1295
38417,13289.03
38418,7959.476333333333
38419,8510.3025
38420,6678.09
38421,8315.76
38422,11001.69
38423,7978.9626666666645
38424,8794.76
38425,7027.076666666668
38426,5669.98
38427,6557.66
38428,5308.4766666666665
38429,6511.62
38430,6347.17
38431,5863.82
38432,4913.48
38433,8225.9
38434,9190.18
38435,6592.784166666666
38436,7347.555000000001
38437,7371.52
38438,6220.33
38439,6175.43
38440,9159.56
38441,9981.84
38442,6511.77
38443,5139.503333333333
38444,17248.052333333333
38445,6522.49
38446,6341.791000000001
38447,11177.34
38448,9740.4565
38449,8585.773666666666
38450,6610.26
38451,7198.53
38452,8519.09
38453,17063.32
38454,6022.450500000001
38455,6221.96
38456,5196.03
38457,7694.775333333333
38458,6849.365833333332
38459,10680.9
38460,10022.84
38461,7280.9
38462,4643.254666666667
38463,8163.74
38464,11251.37
38465,5788.379190476188
38466,8188.33
38467,4660.95
38468,8982.76
38469,9387.34
38470,8182.005
38471,12250.55
38472,7432.032666666666
38473,4004.965
38474,6519.26
38475,9653.34
38476,9117.01
38477,7613.25
38478,7757.47
38479,7580.42
38480,4674.529333333334
38481,11000.368999999999
38482,5213.7325
38483,11877.573999999999
38484,7047.53
38485,4654.38
38486,8141.43
38487,6868.0
38488,7950.494333333333
38489,7813.130666666668
38490,3771.7905
38491,5321.46
38492,9338.06
38493,11880.093333333334
38494,11703.75
38495,5798.342666666665
38496,7809.809999999999
38497,7783.54
38498,7089.88
38499,6312.66
38500,8961.38
38501,9390.296
38502,12644.01
38503,5092.87
38504,6233.027666666666
38505,9301.85
38506,10195.64
38507,6751.41
38508,10958.56
38509,8485.683333333334
38510,6175.65
38511,6827.44
38512,5861.13
38513,5794.29
38514,7742.08
38515,6422.25
38516,6000.03
38517,10211.21
38518,6854.121
38519,22050.96
38520,6906.792166666668
38521,5467.85
38522,9573.54
38523,13601.6
38524,8471.18
38525,9755.49
38526,7045.22
38527,9877.08
38528,11360.094666666666
38529,8217.893333333333
38530,7660.43
38531,8837.67
38532,10515.346666666665
38533,9343.517142857141
38534,9842.16
38535,7490.55
38536,6289.38
38537,8038.49
38538,13347.07
38539,13811.19
38540,13648.45
38541,11355.480833333333
38542,7061.17
38543,7760.94
38544,5711.26
38545,10885.46
38546,15662.63
38547,11118.66
38548,9616.15
38549,8015.95
38550,6887.281333333333
38551,7558.8
38552,13304.3875
38553,9799.648000000001
38554,7437.04
38555,9179.94
38556,8921.68
38557,4562.7
38558,10226.01
38559,6415.91
38560,10246.92
38561,10846.91
38562,7667.56
38563,9134.8
38564,12917.54
38565,6501.65
38566,8779.234666666667
38567,9097.73
38568,13737.695166666668
38569,7795.6
38570,11550.85
38571,9636.690666666667
38572,13108.464333333333
38573,10823.016000000001
38574,12979.66
38575,8859.55
38576,6317.9
38577,8941.155999999999
38578,8119.76
38579,13439.32
38580,10345.28
38581,8010.95
38582,10003.53
38583,8274.98
38584,12925.21
38585,4767.325833333333
38586,17846.17
38587,6226.95
38588,7773.16
38589,12350.48
38590,9194.08
38591,9889.39
38592,6900.517023809524
38593,10423.768
38594,6852.42
38595,7900.81
38596,10543.61
38597,9498.306666666665
38598,10645.68
38599,6705.94
38600,9469.68
38601,14812.15
38602,8151.36
38603,7001.78
38604,9118.968
38605,7497.57
38606,8627.92
38607,9353.58
38608,5074.63
38609,12178.75
38610,8239.57
38611,9461.815333333334
38612,13270.52
38613,5387.83
38614,9134.6625
38615,10281.22
38616,10842.598666666667
38617,13179.61
38618,6828.443333333334
38619,6214.991666666668
38620,8360.53
38621,7949.860833333334
38622,9303.46
38623,10561.74
38624,10546.86
38625,9395.98
38626,8507.14
38627,5912.61
38628,9626.23
38629,10699.111666666668
38630,11558.15
38631,11270.45
38632,10956.43
38633,8870.22
38634,12133.08
38635,8028.663333333333
38636,11072.14
38637,12519.69
38638,9871.63
38639,13531.19
38640,9615.07
38641,12840.823333333332
38642,8107.98
38643,9895.71
38644,10680.53
38645,12824.67
38646,6129.17
38647,7240.84
38648,11959.38
38649,8520.441190476191
38650,7295.7316666666675
38651,12131.250000000002
38652,7630.144
38653,7517.86
38654,7077.332666666667
38655,7817.526785714286
38656,11172.117
38657,8754.36
38658,11933.08
38659,7586.843333333334
38660,8031.2
38661,9753.253
38662,5455.08
38663,8821.074333333334
38664,8012.401833333332
38665,11357.353333333334
38666,9897.82
38667,7873.19
38668,14066.26
38669,8534.54
38670,6197.53
38671,13536.495
38672,10554.14
38673,11482.49
38674,9879.43
38675,7380.3600000000015
38676,8050.72
38677,7225.94
38678,10123.860999999999
38679,17657.476333333332
38680,9870.66
38681,4455.95
38682,5591.0
38683,12129.37
38684,12647.07
38685,10295.41
38686,11171.196833333333
38687,5423.792428571428
38688,7166.483166666667
38689,4404.59
38690,6462.46
38691,8421.1
38692,9802.08
38693,8629.448214285714
38694,6908.326333333334
38695,10437.188
38696,11956.01
38697,9393.64
38698,6877.4
38699,11559.738333333335
38700,17671.59133333333
38701,9367.61
38702,11126.596166666666
38703,6968.923095238095
38704,9184.615714285716
38705,6760.01
38706,11407.61
38707,8170.75
38708,11354.738000000001
38709,9025.86
38710,12082.45
38711,11049.19
38712,7607.125
38713,14117.419595238096
38714,23399.0125
38715,16593.3565
38716,9789.738333333335
38717,4097.01
38718,8524.02
38719,14024.91
38720,9107.6
38721,12489.15
38722,19645.63
38723,5116.83
38724,7607.6245
38725,10905.52
38726,6851.89
38727,14472.558333333334
38728,9404.85
38729,10699.018166666667
38730,3586.737833333334
38731,9243.283333333333
38732,9694.17
38733,9349.92
38734,14134.71
38735,8251.47
38736,8281.83
38737,9191.46
38738,8477.37
38739,6532.864666666666
38740,10223.59
38741,9467.34
38742,8824.56
38743,11158.37
38744,7785.07
38745,8424.81
38746,9510.03
38747,9952.96
38748,11683.3
38749,13120.67
38750,8095.3
38751,6937.618000000001
38752,4789.25
38753,9741.38
38754,9626.63
38755,8865.75
38756,6256.7
38757,12054.71
38758,10244.800666666666
38759,14351.7225
38760,8286.83
38761,8279.98
38762,7829.23
38763,6545.67
38764,13850.68
38765,8084.75
38766,9644.69
38767,19433.26
38768,9094.08
38769,8335.25
38770,6911.983333333334
38771,6249.83
38772,10243.71
38773,5595.965999999999
38774,7788.24
38775,11994.99
38776,7200.15
38777,19433.0975
38778,17327.582
38779,5701.29
38780,9180.645
38781,6752.278999999999
38782,10248.505333333333
38783,8073.58
38784,16217.7
38785,10681.6
38786,11484.63
38787,7452.56
38788,9107.379
38789,6786.7
38790,18138.51
38791,9254.96
38792,8950.04
38793,8331.159999999998
38794,5317.27
38795,12061.96
38796,12514.76
38797,7603.33
38798,15494.0
38799,8203.43619047619
38800,12665.212999999998
38801,6184.8475
38802,8221.01
38803,8035.16
38804,15366.71
38805,8825.19
38806,10009.2
38807,10106.16
38808,12043.76
38809,5573.5
38810,10484.12
38811,9055.08
38812,5639.85
38813,17981.23
38814,21232.37
38815,10568.65
38816,10058.25
38817,13768.9175
38818,14515.199000000004
38819,12597.3
38820,8762.511999999999
38821,11549.123
38822,8243.75
38823,9315.86
38824,5320.68
38825,8553.701666666666
38826,7595.655833333332
38827,8860.15
38828,9116.38
38829,6593.4
38830,7541.73
38831,8975.33
38832,5736.43
38833,6269.65
38834,7124.945
38835,9868.65
38836,14324.685333333335
38837,10595.43
38838,9597.525
38839,6787.719
38840,9499.18
38841,13498.17
38842,11072.106000000002
38843,7765.83
38844,6065.483333333333
38845,12050.1
38846,5732.718047619048
38847,8538.5
38848,4692.434
38849,7582.153333333334
38850,14390.42
38851,8460.156666666668
38852,8331.68
38853,12386.83
38854,11878.898000000001
38855,13648.72
38856,8271.7
38857,12783.46
38858,3898.8686666666663
38859,6792.29
38860,7447.497833333335
38861,6615.79
38862,10244.33
38863,7749.64
38864,6735.98
38865,12352.97
38866,14712.265
38867,11328.72
38868,6745.21
38869,7910.12
38870,17789.13033333333
38871,9418.44
38872,9355.28
38873,7001.043333333334
38874,9958.5375
38875,13258.36
38876,6339.96
38877,8133.298333333335
38878,11152.98
38879,11383.31
38880,17371.93
38881,8018.87
38882,16496.377333333334
38883,10434.38
38884,7168.8
38885,4789.2975
38886,7834.71
38887,8984.07
38888,8779.368
38889,9712.7
38890,6179.26
38891,6653.241999999999
38892,9325.79
38893,4724.15
38894,9730.903333333334
38895,9958.5
38896,12277.79
38897,11452.213333333333
38898,7462.96
38899,11829.603333333334
38900,7663.46
38901,6651.45
38902,6800.76
38903,7054.78
38904,14149.025
38905,8615.006666666668
38906,6623.72
38907,11069.142
38908,11594.2
38909,10033.644333333335
38910,9689.93
38911,10833.058
38912,6823.39
38913,5064.54
38914,9503.88
38915,10606.075
38916,9218.446666666667
38917,9865.647722222222
38918,9182.93
38919,7427.91
38920,6356.467166666668
38921,7076.04
38922,12469.81
38923,12262.546666666667
38924,13064.53
38925,14466.405238095238
38926,10685.55
38927,11508.107666666667
38928,5540.2015
38929,13757.77
38930,13633.99
38931,13484.83
38932,11106.93
38933,11432.036666666665
38934,5388.28
38935,5719.49
38936,13504.12
38937,8098.57
38938,10544.28
38939,9000.01
38940,4837.29
38941,15923.02
38942,7712.09
38943,7919.76
38944,5349.305
38945,7843.4980000000005
38946,8209.15
38947,12867.47
38948,8428.55
38949,5795.897
38950,7387.63
38951,6341.812428571428
38952,4063.13
38953,9434.847500000002
38954,20260.37
38955,7905.166666666668
38956,7588.2015
38957,10054.21
38958,6250.2283333333335
38959,8183.07
38960,5677.95
38961,6242.11
38962,10420.82
38963,9588.85
38964,6153.25
38965,12894.79
38966,13125.01
38967,6816.885833333334
38968,13420.92
38969,11857.99
38970,13209.29
38971,8563.46
38972,10608.946666666667
38973,5967.161904761905
38974,6283.88
38975,17738.35
38976,13926.42
38977,8665.27
38978,8813.24583333333
38979,6494.88
38980,7612.42
38981,5614.17
38982,13231.37
38983,6396.57
38984,7464.6
38985,9916.05
38986,6413.53
38987,8346.19
38988,9308.92
38989,13332.14
38990,10487.96
38991,7805.07
38992,7269.97
38993,12483.58
38994,13158.08
38995,11308.37
38996,9451.374761904763
38997,7147.81
38998,9527.24
38999,7691.97
39000,6168.446333333333
39001,9674.81
39002,10147.06
39003,9324.63
39004,8159.69
39005,8850.32
39006,9883.44
39007,7176.092
39008,8509.45
39009,9499.12
39010,14276.18
39011,12466.98
39012,7723.9
39013,6962.44
39014,16096.32
39015,8875.58
39016,4458.05
39017,9507.25
39018,12495.73
39019,16230.92
39020,6571.8575
39021,8027.75
39022,8449.03
39023,9243.082
39024,8381.63
39025,13813.16
39026,3927.85
39027,9871.98
39028,8115.750833333333
39029,8047.58
39030,7601.88
39031,8798.45
39032,13549.73
39033,8350.6
39034,11393.43
39035,11920.04
39036,12587.56
39037,6453.06
39038,9726.46
39039,9703.82
39040,10962.19
39041,11290.06
39042,6516.71
39043,8613.29
39044,11429.91
39045,10163.164
39046,6150.413333333334
39047,5339.94
39048,11403.38
39049,9197.95
39050,10788.036666666665
39051,9888.23
39052,7114.0775
39053,11881.33
39054,10510.91
39055,11650.968095238095
39056,9825.97
39057,9116.97
39058,11073.997499999998
39059,13742.744166666667
39060,9408.685
39061,6889.435166666666
39062,10250.23
39063,6793.13
39064,4772.0
39065,12214.91
39066,7651.83
39067,12535.11
39068,8170.53
39069,11926.31
39070,9714.31
39071,15388.416714285715
39072,6723.85
39073,8308.29
39074,8166.516666666666
39075,10265.908571428572
39076,8003.01
39077,9678.45
39078,8752.28
39079,13677.93
39080,10033.9
39081,9807.942666666668
39082,7322.7
39083,6442.34
39084,6582.98
39085,15657.36
39086,12627.080833333335
39087,13408.809
39088,16820.38
39089,8875.371500000001
39090,7154.259333333333
39091,10348.24
39092,11378.19
39093,16640.0
39094,9738.89
39095,10586.81
39096,11502.990944444444
39097,9199.76
39098,8537.57
39099,8116.31
39100,7406.3
39101,9017.42
39102,6922.7
39103,8771.01
39104,12450.51
39105,21162.53333333333
39106,8824.35
39107,6671.95
39108,10739.11
39109,4892.37
39110,9665.82
39111,4523.552999999999
39112,12432.64
39113,8542.691666666668
39114,9472.025
39115,18988.75
39116,10910.1325
39117,10122.208999999999
39118,9755.74
39119,4259.448333333334
39120,6592.709166666667
39121,7126.61
39122,14433.53
39123,7378.56
39124,5964.04
39125,8161.96
39126,7282.92
39127,10688.365333333331
39128,10695.95
39129,4272.51
39130,9023.92
39131,11362.03
39132,11071.03
39133,8770.31
39134,7044.875333333333
39135,10842.02
39136,6341.81
39137,11964.090499999998
39138,6638.951666666668
39139,7195.86
39140,9933.0015
39141,8031.342666666668
39142,6063.29
39143,8874.64
39144,11701.863333333333
39145,11634.01
39146,14523.22
39147,8023.32
39148,4708.61
39149,7399.12
39150,9028.71
39151,6310.982666666666
39152,10672.818666666666
39153,7157.696666666668
39154,16173.53
39155,11129.12
39156,8330.47
39157,9539.75
39158,6821.14
39159,11627.99
39160,7652.611
39161,16017.88
39162,8616.121666666668
39163,6923.97
39164,8139.38
39165,5646.9125
39166,10075.52
39167,25245.63
39168,6394.07
39169,6091.12
39170,13312.0
39171,9818.9885
39172,9404.15
39173,10911.37
39174,8740.45
39175,6615.94
39176,6776.32
39177,13400.65
39178,8985.93
39179,8372.26
39180,9618.24
39181,6265.8
39182,10670.58
39183,7251.36
39184,4223.419
39185,10979.04
39186,11527.99
39187,5193.27
39188,8821.0175
39189,10390.9775
39190,7125.88
39191,11897.71
39192,8142.477000000001
39193,10267.613333333335
39194,6365.31
39195,7338.13
39196,9440.997857142856
39197,5915.71
39198,10219.77
39199,6297.62
39200,8565.56
39201,6400.51
39202,8233.962666666666
39203,7816.89
39204,8947.66
39205,10929.965
39206,10326.98
39207,9074.73
39208,11618.453333333333
39209,8012.895
39210,12567.64
39211,11948.12
39212,8293.69
39213,4175.87
39214,8201.28
39215,9616.87
39216,7872.73
39217,15958.38
39218,10293.57
39219,10052.51
39220,13227.79
39221,7489.575
39222,6465.25
39223,15281.44
39224,14251.526333333333
39225,7066.96
39226,12202.629999999997
39227,11843.4
39228,7994.39
39229,7237.2
39230,9968.65
39231,8533.96
39232,7902.89
39233,9884.43
39234,6308.81
39235,7439.91
39236,11116.81
39237,9289.468
39238,12882.3775
39239,7965.2
39240,10481.965333333334
39241,6141.79
39242,9373.338
39243,10442.54
39244,10871.94
39245,9199.37
39246,9944.96
39247,12639.91
39248,8944.6925
39249,8007.92
39250,8732.635166666667
39251,9245.3025
39252,11235.14
39253,5618.97
39254,5624.25
39255,9853.993333333334
39256,6783.18
39257,7893.94
39258,10924.082
39259,8898.3
39260,10858.82
39261,7349.33
39262,5781.768666666667
39263,9770.655999999999
39264,8154.714761904762
39265,10045.286
39266,14092.995
39267,13755.165500000001
39268,6481.3
39269,11290.49
39270,4945.02
39271,4150.705
39272,10241.834166666666
39273,15416.64
39274,10177.295
39275,10813.555
39276,9821.46
39277,11179.32
39278,13498.36
39279,8858.243
39280,10496.43
39281,7533.68
39282,6203.19
39283,8465.8
39284,7017.999166666667
39285,7312.04
39286,7144.33
39287,7413.82
39288,5707.98
39289,9322.04
39290,11180.38
39291,7633.473333333333
39292,8338.658666666666
39293,9198.89
39294,7207.82
39295,6912.91
39296,12029.51
39297,10639.15
39298,8884.99
39299,7029.598666666667
39300,19075.156666666666
39301,7719.27
39302,9352.89
39303,14551.68
39304,11194.933500000001
39305,11691.87
39306,7664.3
39307,8407.4
39308,12755.83
39309,23935.69
39310,7399.890333333333
39311,7792.22
39312,6482.074285714285
39313,9464.1525
39314,8230.09
39315,11672.65
39316,13536.53
39317,7511.41
39318,5711.365111111111
39319,9569.71
39320,13156.21
39321,7351.977452380953
39322,9713.23
39323,5841.15
39324,9934.353333333334
39325,9972.89
39326,11027.562333333333
39327,13583.98
39328,9473.975
39329,5291.7945
39330,8324.48
39331,9802.027
39332,10409.16
39333,9820.865357142859
39334,9760.8
39335,9099.51
39336,6176.416666666668
39337,12352.636666666667
39338,5872.2
39339,13872.349999999999
39340,8335.59
39341,6375.456666666666
39342,10271.07
39343,8051.04
39344,8993.905
39345,9457.253166666667
39346,4832.7825
39347,6689.67
39348,12118.963333333335
39349,12661.637000000002
39350,12979.605
39351,6433.569333333334
39352,7991.58
39353,10760.29
39354,8425.56
39355,7606.26
39356,13853.87
39357,12466.55
39358,14362.41
39359,5764.87
39360,8066.023499999999
39361,11385.33
39362,12049.51
39363,8497.537
39364,14012.47
39365,9362.02
39366,7430.42
39367,8640.85
39368,8496.01
39369,6898.26
39370,13046.37
39371,7281.0
39372,7711.82
39373,14186.02
39374,8844.260166666667
39375,25246.56416666667
39376,8392.176
39377,0.0
39378,0.0
39379,0.0
39380,0.0
39381,0.0
39382,0.0
39383,0.0
39384,0.0
39385,0.0
39386,0.0
39387,0.0
39388,0.0
39389,0.0
39390,0.0
39391,0.0
39392,0.0
39393,0.0
39394,0.0
39395,0.0
39396,0.0
39397,0.0
39398,0.0
39399,0.0
39400,0.0
39401,0.0
39402,0.0
39403,0.0
39404,0.0
39405,0.0
39406,0.0
39407,0.0
39408,0.0
39409,0.0
39410,0.0
39411,0.0
39412,0.0
39413,0.0
39414,0.0
39415,0.0
39416,0.0
39417,0.0
39418,0.0
39419,0.0
39420,0.0
39421,0.0
39422,0.0
39423,0.0
39424,0.0
39425,0.0
39426,0.0
39427,0.0
39428,0.0
39429,0.0
39430,0.0
39431,0.0
39432,0.0
39433,0.0
39434,0.0
39435,0.0
39436,0.0
39437,0.0
39438,0.0
39439,0.0
39440,0.0
39441,0.0
39442,0.0
39443,0.0
39444,0.0
39445,0.0
39446,0.0
39447,0.0
39448,0.0
39449,0.0
39450,0.0
39451,0.0
39452,0.0
39453,0.0
39454,0.0
39455,0.0
39456,0.0
39457,0.0
39458,0.0
39459,0.0
39460,0.0
39461,0.0
39462,0.0
39463,0.0
39464,0.0
39465,0.0
39466,0.0
39467,0.0
39468,4781.09
39469,0.0
39470,0.0
39471,0.0
39472,0.0
39473,0.0
39474,0.0
39475,0.0
39476,0.0
39477,0.0
39478,0.0
39479,0.0
39480,0.0
39481,0.0
39482,0.0
39483,0.0
39484,0.0
39485,0.0
39486,0.0
39487,0.0
39488,0.0
39489,0.0
39490,0.0
39491,0.0
39492,0.0
39493,0.0
39494,0.0
39495,0.0
39496,0.0
39497,0.0
39498,0.0
39499,0.0
39500,0.0
39501,0.0
39502,0.0
39503,0.0
39504,0.0
39505,0.0
39506,0.0
39507,0.0
39508,0.0
39509,0.0
39510,0.0
39511,0.0
39512,0.0
39513,0.0
39514,0.0
39515,0.0
39516,0.0
39517,0.0
39518,0.0
39519,0.0
39520,0.0
39521,0.0
39522,0.0
39523,0.0
39524,0.0
39525,0.0
39526,0.0
39527,0.0
39528,0.0
39529,0.0
39530,0.0
39531,0.0
39532,0.0
39533,0.0
39534,0.0
39535,0.0
39536,3601.54
39537,0.0
39538,0.0
39539,0.0
39540,0.0
39541,0.0
39542,0.0
39543,0.0
39544,0.0
39545,0.0
39546,0.0
39547,0.0
39548,0.0
39549,0.0
39550,0.0
39551,0.0
39552,0.0
39553,0.0
39554,0.0
39555,0.0
39556,0.0
39557,0.0
39558,0.0
39559,0.0
39560,0.0
39561,0.0
39562,0.0
39563,0.0
39564,0.0
39565,0.0
39566,0.0
39567,0.0
39568,0.0
39569,0.0
39570,0.0
39571,0.0
39572,0.0
39573,0.0
39574,0.0
39575,0.0
39576,0.0
39577,14916.743666666665
39578,29768.28
39579,0.0
39580,0.0
39581,0.0
39582,0.0
39583,0.0
39584,0.0
39585,0.0
39586,6034.745500000001
39587,0.0
39588,0.0
39589,0.0
39590,0.0
39591,0.0
39592,0.0
39593,0.0
39594,0.0
39595,0.0
39596,0.0
39597,0.0
39598,0.0
39599,0.0
39600,0.0
39601,0.0
39602,0.0
39603,0.0
39604,0.0
39605,5626.69
39606,0.0
39607,0.0
39608,0.0
39609,0.0
39610,0.0
39611,0.0
39612,0.0
39613,0.0
39614,0.0
39615,3333.6515238095244
39616,0.0
39617,0.0
39618,0.0
39619,0.0
39620,0.0
39621,0.0
39622,0.0
39623,0.0
39624,0.0
39625,0.0
39626,0.0
39627,0.0
39628,0.0
39629,0.0
39630,0.0
39631,0.0
39632,0.0
39633,8018.2975
39634,0.0
39635,0.0
39636,0.0
39637,0.0
39638,0.0
39639,0.0
39640,0.0
39641,0.0
39642,0.0
39643,0.0
39644,0.0
39645,0.0
39646,0.0
39647,0.0
39648,0.0
39649,0.0
39650,7049.894333333333
39651,0.0
39652,0.0
39653,0.0
39654,0.0
39655,0.0
39656,0.0
39657,0.0
39658,0.0
39659,0.0
39660,0.0
39661,0.0
39662,0.0
39663,0.0
39664,0.0
39665,0.0
39666,0.0
39667,0.0
39668,0.0
39669,0.0
39670,0.0
39671,0.0
39672,0.0
39673,0.0
39674,0.0
39675,0.0
39676,0.0
39677,0.0
39678,0.0
39679,0.0
39680,0.0
39681,0.0
39682,0.0
39683,0.0
39684,0.0
39685,0.0
39686,0.0
39687,0.0
39688,0.0
39689,0.0
39690,0.0
39691,0.0
39692,0.0
39693,0.0
39694,0.0
39695,0.0
39696,0.0
39697,0.0
39698,0.0
39699,0.0
39700,0.0
39701,0.0
39702,0.0
39703,0.0
39704,0.0
39705,0.0
39706,0.0
39707,0.0
39708,0.0
39709,0.0
39710,0.0
39711,0.0
39712,1858.54
39713,0.0
39714,0.0
39715,0.0
39716,0.0
39717,0.0
39718,0.0
39719,0.0
39720,0.0
39721,0.0
39722,0.0
39723,0.0
39724,0.0
39725,0.0
39726,7162.695500000001
39727,0.0
39728,0.0
39729,0.0
39730,0.0
39731,0.0
39732,0.0
39733,0.0
39734,0.0
39735,0.0
39736,0.0
39737,0.0
39738,0.0
39739,0.0
39740,0.0
39741,0.0
39742,0.0
39743,0.0
39744,0.0
39745,0.0
39746,0.0
39747,0.0
39748,0.0
39749,0.0
39750,0.0
39751,0.0
39752,0.0
39753,0.0
39754,0.0
39755,0.0
39756,0.0
39757,0.0
39758,0.0
39759,0.0
39760,0.0
39761,0.0
39762,0.0
39763,0.0
39764,0.0
39765,0.0
39766,0.0
39767,0.0
39768,0.0
39769,5486.42
39770,0.0
39771,0.0
39772,0.0
39773,0.0
39774,0.0
39775,0.0
39776,0.0
39777,0.0
39778,0.0
39779,2379.84
39780,0.0
39781,0.0
39782,0.0
39783,6557.839499999999
39784,0.0
39785,0.0
39786,0.0
39787,0.0
39788,0.0
39789,0.0
39790,0.0
39791,0.0
39792,0.0
39793,0.0
39794,0.0
39795,0.0
39796,0.0
39797,0.0
39798,0.0
39799,0.0
39800,0.0
39801,0.0
39802,0.0
39803,0.0
39804,0.0
39805,0.0
39806,0.0
39807,0.0
39808,0.0
39809,0.0
39810,19453.73
39811,0.0
39812,0.0
39813,0.0
39814,0.0
39815,0.0
39816,0.0
39817,0.0
39818,0.0
39819,0.0
39820,0.0
39821,0.0
39822,0.0
39823,0.0
39824,6024.52
39825,0.0
39826,0.0
39827,0.0
39828,0.0
39829,0.0
39830,0.0
39831,0.0
39832,0.0
39833,0.0
39834,0.0
39835,0.0
39836,0.0
39837,0.0
39838,0.0
39839,0.0
39840,0.0
39841,0.0
39842,0.0
39843,0.0
39844,0.0
39845,0.0
39846,0.0
39847,0.0
39848,0.0
39849,0.0
39850,0.0
39851,0.0
39852,0.0
39853,0.0
39854,0.0
39855,0.0
39856,0.0
39857,0.0
39858,0.0
39859,0.0
39860,0.0
39861,0.0
39862,0.0
39863,0.0
39864,0.0
39865,0.0
39866,0.0
39867,0.0
39868,0.0
39869,0.0
39870,0.0
39871,0.0
39872,0.0
39873,0.0
39874,0.0
39875,0.0
39876,0.0
39877,0.0
39878,0.0
39879,0.0
39880,0.0
39881,0.0
39882,0.0
39883,0.0
39884,0.0
39885,0.0
39886,0.0
39887,0.0
39888,0.0
39889,0.0
39890,0.0
39891,0.0
39892,0.0
39893,0.0
39894,0.0
39895,0.0
39896,0.0
39897,0.0
39898,0.0
39899,12079.11
39900,0.0
39901,0.0
39902,0.0
39903,0.0
39904,0.0
39905,0.0
39906,0.0
39907,0.0
39908,0.0
39909,0.0
39910,0.0
39911,0.0
39912,0.0
39913,0.0
39914,0.0
39915,0.0
39916,0.0
39917,0.0
39918,0.0
39919,0.0
39920,0.0
39921,0.0
39922,0.0
39923,0.0
39924,0.0
39925,0.0
39926,0.0
39927,0.0
39928,0.0
39929,0.0
39930,0.0
39931,0.0
39932,0.0
39933,0.0
39934,0.0
39935,0.0
39936,0.0
39937,0.0
39938,0.0
39939,0.0
39940,0.0
39941,0.0
39942,0.0
39943,5259.037166666668
39944,15840.82
39945,0.0
39946,0.0
39947,0.0
39948,0.0
39949,0.0
39950,0.0
39951,0.0
39952,0.0
39953,0.0
39954,0.0
39955,0.0
39956,0.0
39957,0.0
39958,0.0
39959,0.0
39960,0.0
39961,0.0
39962,0.0
39963,0.0
39964,0.0
39965,0.0
39966,0.0
39967,0.0
39968,0.0
39969,0.0
39970,0.0
39971,0.0
39972,10082.023666666668
39973,0.0
39974,0.0
39975,0.0
39976,0.0
39977,0.0
39978,0.0
39979,0.0
39980,0.0
39981,0.0
39982,0.0
39983,0.0
39984,0.0
39985,0.0
39986,0.0
39987,0.0
39988,0.0
39989,0.0
39990,0.0
39991,0.0
39992,0.0
39993,0.0
39994,0.0
39995,0.0
39996,0.0
39997,0.0
39998,0.0
39999,0.0
40000,0.0
40001,0.0
40002,0.0
40003,0.0
40004,0.0
40005,0.0
40006,0.0
40007,0.0
40008,0.0
40009,0.0
40010,0.0
40011,0.0
40012,0.0
40013,0.0
40014,0.0
40015,0.0
40016,0.0
40017,0.0
40018,0.0
40019,0.0
40020,0.0
40021,0.0
40022,0.0
40023,0.0
40024,0.0
40025,0.0
40026,0.0
40027,0.0
40028,0.0
40029,0.0
40030,0.0
40031,0.0
40032,0.0
40033,0.0
40034,0.0
40035,0.0
40036,0.0
40037,0.0
40038,0.0
40039,0.0
40040,0.0
40041,0.0
40042,2843.12
40043,0.0
40044,0.0
40045,0.0
40046,2637.03
40047,0.0
40048,0.0
40049,0.0
40050,0.0
40051,0.0
40052,0.0
40053,0.0
40054,0.0
40055,0.0
40056,0.0
40057,0.0
40058,0.0
40059,0.0
40060,0.0
40061,0.0
40062,0.0
40063,0.0
40064,0.0
40065,0.0
40066,0.0
40067,0.0
40068,0.0
40069,0.0
40070,0.0
40071,0.0
40072,0.0
40073,0.0
40074,0.0
40075,0.0
40076,0.0
40077,0.0
40078,0.0
40079,0.0
40080,0.0
40081,0.0
40082,0.0
40083,0.0
40084,0.0
40085,0.0
40086,0.0
40087,0.0
40088,0.0
40089,0.0
40090,0.0
40091,0.0
40092,0.0
40093,0.0
40094,0.0
40095,0.0
40096,0.0
40097,3201.04
40098,0.0
40099,0.0
40100,0.0
40101,0.0
40102,0.0
40103,0.0
40104,0.0
40105,0.0
40106,0.0
40107,0.0
40108,0.0
40109,0.0
40110,0.0
40111,0.0
40112,9572.719666666666
40113,0.0
40114,0.0
40115,0.0
40116,0.0
40117,0.0
40118,0.0
40119,0.0
40120,0.0
40121,0.0
40122,0.0
40123,0.0
40124,0.0
40125,0.0
40126,0.0
40127,0.0
40128,0.0
40129,0.0
40130,0.0
40131,0.0
40132,0.0
40133,0.0
40134,0.0
40135,0.0
40136,0.0
40137,0.0
40138,0.0
40139,0.0
40140,0.0
40141,0.0
40142,0.0
40143,0.0
40144,0.0
40145,0.0
40146,0.0
40147,0.0
40148,0.0
40149,0.0
40150,0.0
40151,0.0
40152,0.0
40153,0.0
40154,0.0
40155,0.0
40156,0.0
40157,0.0
40158,0.0
40159,0.0
40160,0.0
40161,0.0
40162,0.0
40163,0.0
40164,0.0
40165,0.0
40166,0.0
40167,0.0
40168,0.0
40169,0.0
40170,0.0
40171,0.0
40172,0.0
40173,0.0
40174,0.0
40175,0.0
40176,5231.55
40177,0.0
40178,0.0
40179,0.0
40180,0.0
40181,0.0
40182,0.0
40183,0.0
40184,0.0
40185,0.0
40186,0.0
40187,0.0
40188,0.0
40189,0.0
40190,0.0
40191,0.0
40192,0.0
40193,0.0
40194,0.0
40195,0.0
40196,0.0
40197,0.0
40198,0.0
40199,0.0
40200,0.0
40201,0.0
40202,0.0
40203,0.0
40204,0.0
40205,0.0
40206,0.0
40207,0.0
40208,0.0
40209,0.0
40210,0.0
40211,0.0
40212,0.0
40213,0.0
40214,0.0
40215,0.0
40216,0.0
40217,13500.18
40218,4974.09
40219,0.0
40220,0.0
40221,0.0
40222,0.0
40223,0.0
40224,0.0
40225,0.0
40226,0.0
40227,0.0
40228,0.0
40229,0.0
40230,0.0
40231,0.0
40232,0.0
40233,4821.77
40234,4054.1659999999997
40235,7537.17
40236,3180.328666666667
40237,6418.75
40238,4859.25
40239,6077.87
40240,6252.118952380951
40241,4420.44
40242,3532.12
40243,5309.15
40244,5252.575261904762
40245,4059.3495714285714
40246,5249.53
40247,5210.56
40248,3462.83
40249,4676.55
40250,7068.45
40251,8722.89
40252,7448.29
40253,6024.06366666667
40254,3971.32
40255,5723.631666666667
40256,2584.88
40257,8255.72
40258,7608.81
40259,9719.55
40260,5621.5
40261,2897.43
40262,5519.195571428572
40263,5314.09
40264,8069.479833333333
40265,4969.172333333334
40266,5446.72
40267,4946.08
40268,6043.28
40269,2732.07
40270,7910.82
40271,4567.74
40272,7025.42
40273,5862.99
40274,3945.98
40275,7517.05
40276,6303.71
40277,4819.74
40278,3651.7467142857145
40279,7431.87
40280,9261.400833333333
40281,6365.572095238095
40282,5425.14
40283,8628.069428571427
40284,7880.03438095238
40285,5615.587714285714
40286,6106.98
40287,4311.66
40288,2528.19
40289,4983.394333333333
40290,6284.23
40291,8020.11
40292,7009.06
40293,4218.822
40294,7558.931238095236
40295,7691.37
40296,4612.06
40297,3013.8551666666667
40298,10437.502333333332
40299,3218.31
40300,4374.22
40301,7080.29
40302,5209.219142857142
40303,5656.215166666667
40304,2473.079642857143
40305,5580.74242857143
40306,4856.37
40307,5273.96
40308,8179.41
40309,7751.444250000003
40310,5416.48
40311,3060.9898333333335
40312,7547.05
40313,11257.29
40314,4965.23
40315,3578.49
40316,6519.878333333334
40317,5825.43
40318,6597.206666666666
40319,9944.96
40320,2422.75
40321,7518.9
40322,4592.32
40323,4957.26
40324,9191.8
40325,2835.63
40326,4886.912833333333
40327,5148.39
40328,6546.103928571429
40329,7108.53
40330,3964.47
40331,4542.997500000001
40332,5354.77
40333,6178.839
40334,4779.63
40335,7360.67
40336,4304.07
40337,6303.81
40338,4433.084
40339,3218.63
40340,5924.47
40341,5687.04
40342,6648.19
40343,6828.13
40344,7879.078333333333
40345,4257.21
40346,7754.29
40347,3338.4143333333336
40348,3477.71
40349,7722.040952380954
40350,6912.39
40351,7135.0
40352,8546.613
40353,6531.56
40354,5323.43
40355,6622.18
40356,7466.58
40357,3986.72
40358,2965.53
40359,5162.15
40360,5035.236166666667
40361,5706.21
40362,4226.568523809525
40363,5368.696
40364,6410.26
40365,5902.763333333332
40366,5895.0935
40367,2798.205666666667
40368,6625.3325
40369,6856.15
40370,3685.68
40371,5040.407833333335
40372,3040.18
40373,5713.577166666667
40374,3465.46
40375,4675.302333333333
40376,4804.6075
40377,7814.47
40378,6453.61
40379,7164.52
40380,13881.28
40381,4243.6885
40382,4866.6539999999995
40383,9683.263166666666
40384,5171.176547619048
40385,7298.9
40386,6372.61
40387,5274.587476190476
40388,5912.88
40389,9337.54
40390,4356.209833333333
40391,7773.137166666666
40392,5862.56
40393,3441.83
40394,3573.18
40395,7107.79
40396,9164.73
40397,5939.05
40398,6063.293333333334
40399,3734.476119047619
40400,2407.91
40401,1861.01
40402,3489.17
40403,5985.14
40404,6255.465666666667
40405,4843.872333333334
40406,4033.8360238095233
40407,7516.977666666668
40408,8001.62
40409,7569.91
40410,4544.91
40411,7910.709952380953
40412,9590.122583333334
40413,4121.68
40414,5912.197166666664
40415,4824.744333333333
40416,6511.400500000001
40417,2923.92
40418,6077.4
40419,4539.73
40420,8707.566595238095
40421,7227.8
40422,7949.08
40423,6531.09
40424,5366.167333333332
40425,7449.1253333333325
40426,15595.58892857143
40427,9456.484000000002
40428,4123.288428571428
40429,3325.22
40430,6047.5
40431,7515.55
40432,4492.46
40433,7620.694047619048
40434,18033.74
40435,5267.79
40436,2880.1066666666657
40437,10062.84
40438,3628.87
40439,6177.748333333334
40440,3683.3
40441,5638.659333333332
40442,3263.9448571428575
40443,6775.07
40444,5319.65
40445,5190.87
40446,7733.07
40447,6271.59
40448,5975.75
40449,6987.49
40450,5441.39
40451,5798.583166666665
40452,9093.51
40453,4490.03
40454,6157.78
40455,4399.81
40456,3424.08
40457,5628.82
40458,5169.72
40459,5079.275
40460,7304.97
40461,10268.41
40462,7178.39
40463,4326.085
40464,3900.31
40465,5132.1
40466,5771.046083333334
40467,5748.35
40468,3018.73
40469,6560.2
40470,5777.215428571429
40471,7816.052952380951
40472,5165.28
40473,4470.1
40474,2876.34
40475,2699.78
40476,8248.57
40477,5784.096666666666
40478,5452.03
40479,11726.34
40480,7312.36
40481,3680.25
40482,5180.636333333333
40483,2653.33
40484,3908.86
40485,3623.915214285714
40486,3808.3769047619035
40487,7931.05
40488,4477.34
40489,9101.339833333332
40490,11075.15
40491,5629.31
40492,5767.210714285714
40493,4997.018654761905
40494,5335.14
40495,4653.78
40496,11841.68
40497,6604.95
40498,6394.8
40499,3645.53
40500,5742.718380952381
40501,5110.27
40502,12062.24
40503,6540.195166666666
40504,4936.95
40505,7292.4259999999995
40506,3892.6706666666664
40507,9156.39
40508,6794.68
40509,7155.7
40510,8908.62
40511,6902.942857142857
40512,7564.479166666668
40513,3260.621642857143
40514,5402.525
40515,4596.52
40516,9283.99
40517,7256.34
40518,6479.07
40519,6344.19
40520,7567.35
40521,4705.226297619048
40522,6325.13
40523,5984.03
40524,2907.9978095238093
40525,11870.02
40526,16092.30375
40527,7174.07
40528,6261.84
40529,7488.671166666666
40530,8045.385880952381
40531,7770.14
40532,2901.661666666667
40533,4090.3330952380948
40534,5126.41
40535,8326.05869047619
40536,2648.19
40537,4153.711666666667
40538,5567.674499999999
40539,4782.09
40540,5012.24969047619
40541,2926.9004999999997
40542,3134.9
40543,6999.56
40544,3454.05
40545,4500.460952380952
40546,4537.999333333333
40547,4877.92
40548,8636.612000000001
40549,9364.87
40550,4136.27
40551,6396.919333333335
40552,6159.56
40553,9854.01
40554,5974.468428571428
40555,2873.71
40556,4357.07
40557,12038.33
40558,4189.992285714286
40559,6434.919833333334
40560,2009.8243333333326
40561,3539.581333333333
40562,6042.15
40563,6225.09
40564,4864.26
40565,7279.08
40566,7975.092666666668
40567,7283.99
40568,5201.02
40569,11307.78
40570,1916.5093095238096
40571,3755.38
40572,6521.273666666666
40573,4765.884166666667
40574,10325.544666666668
40575,2628.06
40576,5221.4
40577,5058.18
40578,7977.8785
40579,10017.53
40580,4462.5
40581,2948.02
40582,10769.866476190477
40583,8665.1
40584,4961.987380952381
40585,4793.882333333333
40586,8462.331166666667
40587,6058.79
40588,4941.2
40589,3686.9731666666667
40590,6734.77
40591,4334.57
40592,11806.8
40593,7518.47
40594,12463.712595238092
40595,6864.681666666667
40596,4631.86
40597,2244.366499999999
40598,6022.35
40599,5472.85
40600,4598.9259999999995
40601,9209.72
40602,4824.855
40603,2698.58
40604,6578.41
40605,3271.9
40606,8843.14
40607,6369.619500000001
40608,6383.42
40609,6831.409166666667
40610,4644.431666666666
40611,6982.119333333332
40612,7196.66
40613,4653.140476190476
40614,5965.25
40615,3571.36
40616,9288.75
40617,6000.455
40618,3550.4874761904775
40619,4778.029
40620,8011.63
40621,5678.1725
40622,3794.41
40623,5236.534666666667
40624,5478.68
40625,4062.09
40626,4652.81
40627,10403.496999999998
40628,4040.711666666666
40629,3783.310666666666
40630,6229.96
40631,5174.88
40632,3691.020333333334
40633,4856.25
40634,8975.28
40635,7555.18
40636,7833.375
40637,8837.454499999998
40638,7210.38
40639,8213.901
40640,4410.106952380953
40641,9890.33
40642,6885.339952380953
40643,7272.43
40644,5196.82
40645,5355.05
40646,5100.33
40647,2460.85
40648,12033.69
40649,4531.11
40650,5854.02
40651,4543.92
40652,3892.21
40653,7997.78
40654,5442.26
40655,4411.33
40656,3557.6684999999998
40657,6529.95675
40658,5491.27
40659,3957.29
40660,11591.25
40661,4184.508833333334
40662,4533.01
40663,4044.039833333333
40664,2596.0
40665,5038.017333333333
40666,13636.482
40667,5168.081166666668
40668,5433.65
40669,5597.71
40670,3417.4465
40671,3493.35
40672,5458.083333333332
40673,2703.05
40674,9467.48
40675,6009.41
40676,3008.38
40677,8343.900666666666
40678,2744.46
40679,4415.460999999999
40680,9477.69
40681,8944.08
40682,7622.69
40683,2629.65
40684,5305.472166666668
40685,4428.651000000001
40686,4007.09
40687,14837.01
40688,8858.15
40689,5141.11
40690,2989.1185952380956
40691,5451.75
40692,4539.234714285714
40693,2612.06
40694,7381.5
40695,4741.62
40696,4995.72
40697,6878.85
40698,4575.21
40699,4467.61
40700,5700.26
40701,7319.77
40702,7115.2
40703,4291.14
40704,9531.36
40705,7004.06
40706,8543.18
40707,6000.62
40708,6660.716666666666
40709,2422.54
40710,8477.67
40711,5098.92
40712,3621.324
40713,4361.2
40714,4350.87
40715,4225.67
40716,6348.99
40717,4332.73
40718,6605.14
40719,4845.3555
40720,7478.78
40721,7973.87
40722,5561.6
40723,7859.66
40724,6065.21
40725,2744.77
40726,10440.813166666667
40727,3333.06
40728,2954.52
40729,5748.27
40730,10042.97
40731,10312.962666666666
40732,4076.12
40733,4669.16
40734,6584.47
40735,6655.731666666667
40736,4479.25
40737,7931.83
40738,3180.02
40739,5179.31
40740,4029.168285714286
40741,3583.41
40742,2560.9
40743,7114.23
40744,7055.6984999999995
40745,5832.81
40746,5917.43
40747,7398.908999999999
40748,7514.39
40749,4657.62
40750,5488.41
40751,4605.95
40752,6443.426952380952
40753,5176.02
40754,2168.93
40755,4897.64
40756,7162.43
40757,6014.287214285711
40758,5027.982595238095
40759,3254.044
40760,7552.13
40761,2837.84
40762,7400.369166666666
40763,5532.15
40764,4082.593095238096
40765,8352.913
40766,3891.12
40767,4039.0183333333316
40768,8408.44
40769,2695.37
40770,6422.714
40771,9382.760761904761
40772,7028.9915
40773,2825.134261904762
40774,5250.76
40775,3659.94
40776,2406.03
40777,5015.6
40778,6296.2
40779,4574.22
40780,4521.6866666666665
40781,5980.99
40782,4790.85
40783,11750.529333333334
40784,5251.08
40785,5801.85
40786,3947.8101666666666
40787,6170.701333333333
40788,6399.78
40789,6385.35
40790,7578.0
40791,8486.363666666668
40792,7650.39
40793,5015.210238095237
40794,5087.78
40795,2767.64
40796,5547.871999999999
40797,8669.7
40798,7276.221499999998
40799,8692.998333333333
40800,13822.69
40801,3291.165071428572
40802,5048.49
40803,4063.46
40804,7717.55
40805,8774.19
40806,7496.31
40807,7144.512000000001
40808,7236.2981666666665
40809,7209.27
40810,6088.45
40811,4876.7
40812,2367.09
40813,4840.65
40814,3496.6
40815,2948.08
40816,7254.58
40817,16923.722714285712
40818,4870.083928571428
40819,3451.66
40820,4445.74
40821,3196.4066666666668
40822,5432.53
40823,1870.8036666666667
40824,6834.53
40825,5333.69
40826,4085.353785714286
40827,11298.51
40828,9655.722571428572
40829,4412.389666666667
40830,5297.13
40831,3234.345
40832,4106.033452380952
40833,4007.56
40834,8474.61
40835,3662.39
40836,4606.37
40837,5557.49
40838,5517.39
40839,5393.8228333333345
40840,7186.8
40841,3069.33
40842,7893.43
40843,6335.47
40844,4704.92
40845,3742.23
40846,3923.7129999999997
40847,4397.57
40848,4506.08
40849,9517.678214285716
40850,3898.68
40851,3944.42
40852,6486.544333333333
40853,4559.4725
40854,5049.78
40855,4735.87
40856,5517.96
40857,9993.37
40858,6794.12
40859,5879.48
40860,3832.2
40861,4650.97
40862,6183.24
40863,3413.8033333333333
40864,4237.603285714285
40865,5000.040916666666
40866,12135.15
40867,6781.48
40868,4032.12
40869,5778.7875
40870,4618.65
40871,6265.41
40872,5517.7544761904755
40873,8691.05
40874,6611.738333333335
40875,4664.21
40876,4063.89
40877,1846.5974999999996
40878,4090.17
40879,18532.48
40880,2296.01
40881,3797.79
40882,6361.25
40883,7353.643166666667
40884,5660.34
40885,7695.052166666668
40886,5802.581999999999
40887,5787.21
40888,3038.22
40889,7698.604666666665
40890,3957.9751666666666
40891,5883.54
40892,8760.62
40893,3600.1
40894,7463.213333333332
40895,5657.04
40896,2779.812904761905
40897,5185.51
40898,7042.66
40899,2582.44
40900,7216.976333333332
40901,6622.461666666667
40902,4521.9
40903,9017.0
40904,7926.6355
40905,6304.595
40906,4262.181333333332
40907,3390.46
40908,5738.911833333333
40909,3180.32
40910,5846.797047619048
40911,2700.15
40912,6710.59
40913,2916.72
40914,4628.86
40915,5561.94
40916,4500.91
40917,5796.092000000001
40918,7181.23
40919,5459.36
40920,8412.630000000001
40921,5520.59
40922,6042.19
40923,8256.744357142856
40924,6616.14
40925,4285.19
40926,5201.97
40927,4861.11
40928,4940.12
40929,11664.44
40930,5469.25
40931,5437.02
40932,8939.59
40933,5699.496833333334
40934,2257.08
40935,8768.21
40936,9032.447666666667
40937,6219.37
40938,7556.979904761905
40939,6655.3
40940,7852.49
40941,5304.08
40942,4266.97
40943,3242.1625
40944,6965.84
40945,7198.4
40946,2591.32
40947,7858.87
40948,6413.73
40949,5948.698
40950,7471.9648809523815
40951,4419.01
40952,8179.719
40953,4561.51
40954,5266.76
40955,4383.805
40956,3557.44
40957,6904.12
40958,6467.227499999999
40959,7915.47
40960,6319.656166666666
40961,4073.61
40962,5434.915
40963,6163.483166666667
40964,7198.911666666668
40965,2933.41
40966,2873.35
40967,8828.17
40968,4974.049142857143
40969,3992.2
40970,6762.075500000001
40971,6934.43
40972,5460.67
40973,4376.07
40974,2318.3041190476197
40975,6428.48625
40976,6110.636547619048
40977,4799.743333333333
40978,9932.299095238095
40979,6423.376166666666
40980,3559.3
40981,5456.54
40982,2869.85
40983,1330.2121666666665
40984,5155.979761904763
40985,8755.77
40986,5724.530333333336
40987,4723.07638888889
40988,3284.04
40989,4571.89
40990,8164.59
40991,5438.622166666667
40992,9446.49
40993,4618.607142857142
40994,5686.96
40995,3461.49
40996,5886.456000000001
40997,3269.68
40998,2454.37
40999,4445.45
41000,3806.97
41001,7084.32
41002,4391.75
41003,4662.64
41004,5158.804833333334
41005,7131.37
41006,4485.02
41007,3548.87
41008,8731.94
41009,7830.85
41010,6479.97
41011,2521.5145
41012,6108.175
41013,4990.13
41014,3636.0503333333327
41015,8380.542
41016,9693.432380952381
41017,5483.337
41018,6117.72
41019,6315.65
41020,6966.46
41021,10587.17
41022,3316.606333333333
41023,3844.34
41024,5054.6616904761895
41025,6243.054499999999
41026,5624.44
41027,9624.28
41028,7036.79
41029,6126.98
41030,2865.3803571428575
41031,6015.078333333334
41032,7566.33
41033,3232.973380952381
41034,5478.65
41035,3215.8
41036,6979.490833333333
41037,6007.02
41038,5409.682833333334
41039,6478.493666666667
41040,3907.8655
41041,3926.88
41042,6732.06
41043,4595.226000000001
41044,8378.21
41045,5701.283166666666
41046,7644.494000000001
41047,5551.41
41048,3266.2560000000003
41049,7413.613999999999
41050,2607.375
41051,10210.274571428572
41052,5118.14
41053,4847.027261904763
41054,6937.35
41055,4205.27
41056,4170.3875
41057,5319.749904761905
41058,2680.390833333334
41059,2661.27
41060,5439.073611111113
41061,6653.602333333332
41062,9306.65
41063,4873.142333333333
41064,5642.300666666666
41065,4121.82
41066,6105.39
41067,2906.92
41068,10344.09
41069,7389.584
41070,12279.06
41071,5409.48
41072,4776.403571428571
41073,13326.4
41074,8174.94
41075,3359.530527777778
41076,8058.81
41077,6997.72
41078,5540.64
41079,6103.12
41080,4598.19
41081,2971.61
41082,5630.18
41083,3746.09
41084,2748.24
41085,7323.46
41086,6430.359999999999
41087,20693.99783333333
41088,5970.6998571428585
